,Unnamed: 0,m/z,Calibrated m/z,Calculated m/z,H/C,O/C,Molecular Formula,C,H,O,S,N,13C,N/C,compound_class,probability
0,0,656.4658814,656.4645566,656.4644102,1.657894737,0.157894737,C38 H63 O6 N3,38,63,6,0,3,0,0.078947368,lipid,0.7500538505458956
1,1,617.0795364,617.0783291,617.0784227,0.814814815,0.62962963,C27 H22 O17,27,22,17,0,0,0,0.0,tannin,0.8837222191412264
2,2,607.2407291,607.2395506,607.2396148,1.333333333,0.433333333,C30 H40 O13,30,40,13,0,0,0,0.0,lignin,0.8691480155366087
3,3,606.1412271,606.1400519,606.139918,1.115384615,0.461538462,C26 H29 O12 S1 N3,26,29,12,1,3,0,0.115384615,lignin,0.95806755699319
4,4,605.2246287,605.2234562,605.2233133,1.909090909,0.681818182,C22 H42 O15 S1 N2,22,42,15,1,2,0,0.090909091,amino_sugar,0.5636349921047328
5,5,603.2452866,603.2441198,603.2441871,0.727272727,0.022727273,C44 H32 O1 N2,44,32,1,0,2,0,0.045454545,pah,0.9719364149021045
6,6,603.2088549,603.2076882,603.2076632,1.818181818,0.681818182,C22 H40 O15 S1 N2,22,40,15,1,2,0,0.090909091,amino_sugar,0.5638700046377447
7,7,595.2407163,595.2395728,595.2396148,1.379310345,0.448275862,C29 H40 O13,29,40,13,0,0,0,0.0,lignin,0.8673579182873761
8,8,593.0795465,593.0784093,593.0784227,0.88,0.68,C25 H22 O17,25,22,17,0,0,0,0.0,tannin,0.8822679419541648
9,9,591.1362272,591.1350956,591.1348922,1.684210526,0.894736842,C19 H32 O17 S1 N2,19,32,17,1,2,0,0.105263158,amino_sugar,0.875701219717756
10,10,591.0997596,591.0986281,591.0985067,1.555555556,1.0,C18 H28 O18 S1 N2,18,28,18,1,2,0,0.111111111,amino_sugar,0.8783685360291578
11,11,591.0636183,591.0624869,591.0627726,0.8,0.68,C25 H20 O17,25,20,17,0,0,0,0.0,tannin,0.8845311488463956
12,12,589.2298588,589.2287327,589.2285371,0.697674419,0.023255814,C43 H30 O1 N2,43,30,1,0,2,0,0.046511628,pah,0.9719048937871282
13,13,589.1935884,589.1924624,589.1926646,1.172413793,0.448275862,C29 H34 O13,29,34,13,0,0,0,0.0,lignin,0.8858128470182993
14,14,585.0894342,585.08832,585.0885935,0.814814815,0.555555556,C27 H22 O15,27,22,15,0,0,0,0.0,tannin,0.8820789287153172
15,15,583.2040869,583.2029782,583.2032293,1.333333333,0.518518519,C27 H36 O14,27,36,14,0,0,0,0.0,lignin,0.8743605220820723
16,16,581.0579317,581.0568291,581.0566419,1.157894737,0.894736842,C19 H22 O17 S1 N2,19,22,17,1,2,0,0.105263158,lipid,0.6318438772638919
17,17,579.2453535,579.2442561,579.2441871,0.761904762,0.023809524,C42 H32 O1 N2,42,32,1,0,2,0,0.047619048,pah,0.9719808395373741
18,18,579.2094619,579.2083646,579.2083147,1.285714286,0.464285714,C28 H36 O13,28,36,13,0,0,0,0.0,lignin,0.8766118765676509
19,19,577.2298753,577.2287837,577.2290501,1.310344828,0.413793103,C29 H38 O12,29,38,12,0,0,0,0.0,lignin,0.8699839885476377
20,20,577.2298753,577.2287837,577.2285371,0.714285714,0.023809524,C42 H30 O1 N2,42,30,1,0,2,0,0.047619048,pah,0.9719209163438771
21,21,577.1932638,577.1921723,577.1920132,1.9,0.75,C20 H38 O15 S1 N2,20,38,15,1,2,0,0.1,amino_sugar,0.8717867801835292
22,22,577.1568382,577.1557468,577.1556277,1.789473684,0.842105263,C19 H34 O16 S1 N2,19,34,16,1,2,0,0.105263158,amino_sugar,0.8732210132708869
23,23,577.0848609,577.0837697,577.0835081,0.88,0.64,C25 H22 O16,25,22,16,0,0,0,0.0,tannin,0.8820908794268375
24,24,575.1052322,575.1041466,575.1042435,0.923076923,0.576923077,C26 H24 O15,26,24,15,0,0,0,0.0,tannin,0.8805979286432265
25,25,575.0687278,575.0676424,575.067858,0.8,0.64,C25 H20 O16,25,20,16,0,0,0,0.0,tannin,0.8840260251002791
26,26,573.2353257,573.2342455,573.2341355,1.266666667,0.366666667,C30 H38 O11,30,38,11,0,0,0,0.0,lignin,0.8776744943687756
27,27,573.1990581,573.197978,573.19775,1.172413793,0.413793103,C29 H34 O12,29,34,12,0,0,0,0.0,lignin,0.8861158924088819
28,28,571.2190585,571.2179841,571.217834,1.818181818,0.590909091,C22 H40 O13 S1 N2,22,40,13,1,2,0,0.090909091,carbohydrate,0.511304263707102
29,29,569.1880896,569.187021,569.1869278,2.111111111,0.888888889,C18 H38 O16 S1 N2,18,38,16,1,2,0,0.111111111,amino_sugar,0.8706794136917863
30,30,567.2457351,567.2446719,567.2447002,1.428571429,0.428571429,C28 H40 O12,28,40,12,0,0,0,0.0,lignin,0.8706009725410737
31,31,567.209149,567.208086,567.2083147,1.333333333,0.481481481,C27 H36 O13,27,36,13,0,0,0,0.0,lignin,0.869834938063516
32,32,567.1363896,567.1353268,567.1355437,1.12,0.6,C25 H28 O15,25,28,15,0,0,0,0.0,lignin,0.9562024151698877
33,33,567.1000712,567.0990085,567.0991582,1.0,0.666666667,C24 H24 O16,24,24,16,0,0,0,0.0,lignin,0.9662114318864898
34,34,567.0792605,567.0781978,567.0780288,0.740740741,0.518518519,C27 H20 O14,27,20,14,0,0,0,0.0,tannin,0.9162815737071787
35,35,565.1935965,565.1925392,565.1926646,1.259259259,0.481481481,C27 H34 O13,27,34,13,0,0,0,0.0,lignin,0.8782226361091245
36,36,565.1568649,565.1558077,565.1556277,1.888888889,0.888888889,C18 H34 O16 S1 N2,18,34,16,1,2,0,0.111111111,amino_sugar,0.8722496427764341
37,37,565.120507,565.1194499,565.1192422,1.764705882,1.0,C17 H30 O17 S1 N2,17,30,17,1,2,0,0.117647059,amino_sugar,0.8749294299387198
38,38,565.0843889,565.0833319,565.0835081,0.916666667,0.666666667,C24 H22 O16,24,22,16,0,0,0,0.0,tannin,0.8794180248231642
39,39,563.2509761,563.2499243,563.2497856,1.379310345,0.379310345,C29 H40 O11,29,40,11,0,0,0,0.0,lignin,0.8652095975093472
40,40,563.2140539,563.2130022,563.212887,0.682926829,0.024390244,C41 H28 O1 N2,41,28,1,0,2,0,0.048780488,pah,0.9718909476456673
41,41,563.1775436,563.176492,563.1763631,1.894736842,0.789473684,C19 H36 O15 S1 N2,19,36,15,1,2,0,0.105263158,amino_sugar,0.8718339878634225
42,42,563.105283,563.1042316,563.1042435,0.96,0.6,C25 H24 O15,25,24,15,0,0,0,0.0,tannin,0.7233540170716231
43,43,561.2716006,561.2705544,561.270521,1.4,0.333333333,C30 H42 O10,30,42,10,0,0,0,0.0,lignin,0.8623298135478409
44,44,561.2350369,561.2339908,561.2341355,1.310344828,0.379310345,C29 H38 O11,29,38,11,0,0,0,0.0,lignin,0.8692229440344399
45,45,561.1986938,561.1976478,561.19775,1.214285714,0.428571429,C28 H34 O12,28,34,12,0,0,0,0.0,lignin,0.8822079691409765
46,46,561.1624681,561.1614222,561.1613645,1.111111111,0.481481481,C27 H30 O13,27,30,13,0,0,0,0.0,lignin,0.9584151683328439
47,47,561.1262632,561.1252174,561.124979,1.0,0.538461538,C26 H26 O14,26,26,14,0,0,0,0.0,lignin,0.9674538429047035
48,48,559.2555069,559.2544665,559.2542195,2.0,0.545454545,C22 H44 O12 S1 N2,22,44,12,1,2,0,0.090909091,amino_sugar,0.40688328169061094
49,49,559.1831667,559.1821264,559.1820999,1.142857143,0.428571429,C28 H32 O12,28,32,12,0,0,0,0.0,lignin,0.9228857893956848
50,50,557.0945521,557.0935177,557.0936789,0.846153846,0.538461538,C26 H22 O14,26,22,14,0,0,0,0.0,tannin,0.8823175316674817
51,51,555.2095636,555.2085345,555.2083147,1.384615385,0.5,C26 H36 O13,26,36,13,0,0,0,0.0,lignin,0.8729662792649842
52,52,555.1000491,555.0990204,555.0991582,1.043478261,0.695652174,C23 H24 O16,23,24,16,0,0,0,0.0,lignin,0.9576699164420948
53,53,555.0789963,555.0779676,555.0780288,0.769230769,0.538461538,C26 H20 O14,26,20,14,0,0,0,0.0,tannin,0.9013272669331995
54,54,555.0638249,555.0627963,555.0627726,0.909090909,0.772727273,C22 H20 O17,22,20,17,0,0,0,0.0,tannin,0.8798124345375127
55,55,555.0428263,555.0417977,555.0416433,0.64,0.6,C25 H16 O15,25,16,15,0,0,0,0.0,tannin,0.8187715186975002
56,56,553.2295917,553.2285682,553.2285371,0.75,0.025,C40 H30 O1 N2,40,30,1,0,2,0,0.05,pah,0.9719623837887422
57,57,553.193507,553.1924836,553.1926646,1.307692308,0.5,C26 H34 O13,26,34,13,0,0,0,0.0,lignin,0.8754866996215374
58,58,551.141659,551.1406414,551.140629,1.12,0.56,C25 H28 O14,25,28,14,0,0,0,0.0,lignin,0.9570016628666871
59,59,551.1050428,551.1040253,551.1042435,1.0,0.625,C24 H24 O15,24,24,15,0,0,0,0.0,lignin,0.9666179357340191
60,60,551.0838855,551.0828681,551.0831142,0.740740741,0.481481481,C27 H20 O13,27,20,13,0,0,0,0.0,tannin,0.8246395629173355
61,61,551.0686122,551.0675947,551.067858,0.869565217,0.695652174,C23 H20 O16,23,20,16,0,0,0,0.0,tannin,0.8826770232184898
62,62,549.2710913,549.270079,549.2698696,2.19047619,0.571428571,C21 H46 O12 S1 N2,21,46,12,1,2,0,0.095238095,amino_sugar,0.5470919570819714
63,63,549.2345934,549.2335811,549.2334841,2.1,0.65,C20 H42 O13 S1 N2,20,42,13,1,2,0,0.1,amino_sugar,0.5633096798151669
64,64,549.1984671,549.197455,549.1972369,0.65,0.025,C40 H26 O1 N2,40,26,1,0,2,0,0.05,pah,0.9718662622378936
65,65,549.1626078,549.1615957,549.1613645,1.153846154,0.5,C26 H30 O13,26,30,13,0,0,0,0.0,lignin,0.8870157331268812
66,66,547.2197288,547.2187222,547.2184854,1.285714286,0.392857143,C28 H36 O11,28,36,11,0,0,0,0.0,lignin,0.8763852017034415
67,67,547.1831442,547.1821377,547.1820999,1.185185185,0.444444444,C27 H32 O12,27,32,12,0,0,0,0.0,lignin,0.8846109689848992
68,68,547.1466014,547.145595,547.1457144,1.076923077,0.5,C26 H28 O13,26,28,13,0,0,0,0.0,lignin,0.9588942914300176
69,69,547.1100988,547.1090925,547.1093289,0.96,0.56,C25 H24 O14,25,24,14,0,0,0,0.0,tannin,0.7233468693531868
70,70,547.0737722,547.072766,547.0729434,0.833333333,0.625,C24 H20 O15,24,20,15,0,0,0,0.0,tannin,0.8833080220849194
71,71,547.0377595,547.0367534,547.0365579,0.695652174,0.695652174,C23 H16 O16,23,16,16,0,0,0,0.0,tannin,0.9028224860660699
72,72,545.2402934,545.2392923,545.2392209,1.310344828,0.344827586,C29 H38 O10,29,38,10,0,0,0,0.0,lignin,0.868143276886947
73,73,545.0947065,545.0937058,545.0936789,0.88,0.56,C25 H22 O14,25,22,14,0,0,0,0.0,tannin,0.8817937385779281
74,74,545.0791514,545.0781508,545.0784227,1.047619048,0.80952381,C21 H22 O17,21,22,17,0,0,0,0.0,lignin,0.956368382928877
75,75,545.0578529,545.0568523,545.0566419,1.375,1.0625,C16 H22 O17 S1 N2,16,22,17,1,2,0,0.125,amino_sugar,0.7395506460085686
76,76,543.2243553,543.2233598,543.2235708,1.24137931,0.344827586,C29 H36 O10,29,36,10,0,0,0,0.0,lignin,0.8793349130292147
77,77,543.1882368,543.1872414,543.1871853,1.142857143,0.392857143,C28 H32 O11,28,32,11,0,0,0,0.0,lignin,0.9233033417672102
78,78,541.2295753,541.2285854,541.2285371,0.769230769,0.025641026,C39 H30 O1 N2,39,30,1,0,2,0,0.051282051,pah,0.9719893069593812
79,79,541.2083523,541.2073625,541.2072693,1.80952381,0.571428571,C21 H38 O12 S1 N2,21,38,12,1,2,0,0.095238095,amino_sugar,0.6135743718874823
80,80,541.1931301,541.1921403,541.1920132,2.235294118,0.882352941,C17 H38 O15 S1 N2,17,38,15,1,2,0,0.117647059,amino_sugar,0.8702778262894517
81,81,541.1363066,541.135317,541.1351497,0.962962963,0.444444444,C27 H26 O12,27,26,12,0,0,0,0.0,tannin,0.7244603755417074
82,82,541.121116,541.1201265,541.1198936,1.130434783,0.652173913,C23 H26 O15,23,26,15,0,0,0,0.0,lignin,0.9311243660210454
83,83,539.2144477,539.2134634,539.2134001,1.384615385,0.461538462,C26 H36 O12,26,36,12,0,0,0,0.0,lignin,0.8723195464393999
84,84,539.0841003,539.0831164,539.0831142,0.769230769,0.5,C26 H20 O13,26,20,13,0,0,0,0.0,tannin,0.8997113526686513
85,85,537.2351118,537.2341331,537.2341355,1.407407407,0.407407407,C27 H38 O11,27,38,11,0,0,0,0.0,lignin,0.8711339678488292
86,86,537.1984215,537.1974429,537.1972369,0.666666667,0.025641026,C39 H26 O1 N2,39,26,1,0,2,0,0.051282051,pah,0.9718773440868048
87,87,537.1618766,537.1608981,537.160713,2.0,0.882352941,C17 H34 O15 S1 N2,17,34,15,1,2,0,0.117647059,amino_sugar,0.8711966208708347
88,88,537.1257796,537.1248012,537.124979,1.083333333,0.583333333,C24 H26 O14,24,26,14,0,0,0,0.0,lignin,0.9579224258214205
89,89,537.0897314,537.088753,537.0885935,0.956521739,0.652173913,C23 H22 O15,23,22,15,0,0,0,0.0,tannin,0.7234897001295961
90,90,535.2194127,535.2184395,535.2184854,1.333333333,0.407407407,C27 H36 O11,27,36,11,0,0,0,0.0,lignin,0.8686102277513497
91,91,535.1826083,535.1816352,535.1815869,0.615384615,0.025641026,C39 H24 O1 N2,39,24,1,0,2,0,0.051282051,pah,0.9718462580793552
92,92,535.1461713,535.1451983,535.145063,1.882352941,0.882352941,C17 H32 O15 S1 N2,17,32,15,1,2,0,0.117647059,amino_sugar,0.8721072249876901
93,93,535.1101328,535.10916,535.1093289,1.0,0.583333333,C24 H24 O14,24,24,14,0,0,0,0.0,lignin,0.9670243888147484
94,94,533.2767804,533.2758126,533.2756064,1.448275862,0.310344828,C29 H42 O9,29,42,9,0,0,0,0.0,lignin,0.7366429351065389
95,95,533.2400593,533.2390916,533.2392209,1.357142857,0.357142857,C28 H38 O10,28,38,10,0,0,0,0.0,lignin,0.8655290367682623
96,96,533.167154,533.1661866,533.1664499,1.153846154,0.461538462,C26 H30 O12,26,30,12,0,0,0,0.0,lignin,0.8876630831089429
97,97,533.167154,533.1661866,533.1659368,0.564102564,0.025641026,C39 H22 O1 N2,39,22,1,0,2,0,0.051282051,pah,0.9718254038887378
98,98,533.131165,533.1301976,533.1300644,1.04,0.52,C25 H26 O13,25,26,13,0,0,0,0.0,lignin,0.9596913392970455
99,99,531.2244583,531.2234962,531.2235708,1.285714286,0.357142857,C28 H36 O10,28,36,10,0,0,0,0.0,lignin,0.8761678532568254
100,100,531.0639884,531.0630267,531.0627726,1.0,0.85,C20 H20 O17,20,20,17,0,0,0,0.0,tannin,0.5543577799838613
101,101,531.042673,531.0417114,531.0416433,0.695652174,0.652173913,C23 H16 O15,23,16,15,0,0,0,0.0,tannin,0.9187023632671444
102,102,529.1362237,529.1352674,529.1351497,1.0,0.461538462,C26 H26 O12,26,26,12,0,0,0,0.0,lignin,0.968143537572856
103,103,529.1206773,529.119721,529.1198936,1.181818182,0.681818182,C22 H26 O15,22,26,15,0,0,0,0.0,lignin,0.8812804672494149
104,104,529.0992701,529.0983139,529.0981128,1.529411765,0.882352941,C17 H26 O15 S1 N2,17,26,15,1,2,0,0.117647059,amino_sugar,0.885984254047198
105,105,529.0629337,529.0619776,529.0617273,1.375,1.0,C16 H22 O16 S1 N2,16,22,16,1,2,0,0.125,amino_sugar,0.8241909795704135
106,106,529.047879,529.0469229,529.0471226,0.9,0.85,C20 H18 O17,20,18,17,0,0,0,0.0,tannin,0.8805461000071612
107,107,529.026976,529.02602,529.0259932,0.608695652,0.652173913,C23 H14 O15,23,14,15,0,0,0,0.0,tannin,0.8180691137707573
108,108,527.2298362,527.2288851,527.2286562,1.24137931,0.310344828,C29 H36 O9,29,36,9,0,0,0,0.0,lignin,0.8791270368260371
109,109,527.2143505,527.2133995,527.2134001,1.44,0.48,C25 H36 O12,25,36,12,0,0,0,0.0,lignin,0.8695280914614842
110,110,527.1930649,527.1921139,527.1922707,1.142857143,0.357142857,C28 H32 O10,28,32,10,0,0,0,0.0,lignin,0.8899387864660806
111,111,527.1775143,527.1765634,527.1763631,2.25,0.9375,C16 H36 O15 S1 N2,16,36,15,1,2,0,0.125,amino_sugar,0.8702493521468073
112,112,527.1411855,527.1402347,527.1399776,2.133333333,1.066666667,C15 H32 O16 S1 N2,15,32,16,1,2,0,0.133333333,amino_sugar,0.8717882271186588
113,113,527.120185,527.1192343,527.1189866,0.41025641,0.025641026,C39 H16 O1 N2,39,16,1,0,2,0,0.051282051,pah,0.9717975248809333
114,114,527.1051652,527.1042145,527.1042435,1.090909091,0.681818182,C22 H24 O15,22,24,15,0,0,0,0.0,lignin,0.9563455637149911
115,115,525.2352017,525.2342562,525.2341355,1.461538462,0.423076923,C26 H38 O11,26,38,11,0,0,0,0.0,lignin,0.8687334390583915
116,116,525.0683736,525.0674285,525.0674641,0.72,0.52,C25 H18 O13,25,18,13,0,0,0,0.0,tannin,0.8241726546081823
117,117,525.0529544,525.0520094,525.052208,0.857142857,0.761904762,C21 H18 O16,21,18,16,0,0,0,0.0,tannin,0.8835275211954559
118,118,523.2560674,523.2551274,523.254871,1.481481481,0.37037037,C27 H40 O10,27,40,10,0,0,0,0.0,lignin,0.7453247170876476
119,119,523.2192516,523.2183117,523.2184854,1.384615385,0.423076923,C26 H36 O11,26,36,11,0,0,0,0.0,lignin,0.8665402221026103
120,120,523.182763,523.1818231,523.1815869,0.631578947,0.026315789,C38 H24 O1 N2,38,24,1,0,2,0,0.052631579,pah,0.9718544434688983
121,121,523.1465258,523.1455861,523.1457144,1.166666667,0.541666667,C24 H28 O13,24,28,13,0,0,0,0.0,lignin,0.8849944578898233
122,122,523.1103622,523.1094226,523.1093289,1.043478261,0.608695652,C23 H24 O14,23,24,14,0,0,0,0.0,lignin,0.9586465613413134
123,123,521.0941041,521.09317,521.0930274,1.733333333,1.066666667,C15 H26 O16 S1 N2,15,26,16,1,2,0,0.133333333,amino_sugar,0.875362124749031
124,124,521.057985,521.0570509,521.0572933,0.818181818,0.681818182,C22 H18 O15,22,18,15,0,0,0,0.0,tannin,0.8841128229296537
125,125,519.2242428,519.2233138,519.2235708,1.333333333,0.37037037,C27 H36 O10,27,36,10,0,0,0,0.0,lignin,0.8675778689907361
126,126,519.0790962,519.0781676,519.0780288,0.869565217,0.608695652,C23 H20 O14,23,20,14,0,0,0,0.0,tannin,0.8822701798635805
127,127,519.017462,519.0165335,519.0164912,0.6,0.75,C20 H12 O15 N2,20,12,15,0,2,0,0.1,tannin,0.822151108291583
128,128,517.2083258,517.2074023,517.2072693,2.0,0.631578947,C19 H38 O12 S1 N2,19,38,12,1,2,0,0.105263158,amino_sugar,0.8713005516855044
129,129,517.1723252,517.1714019,517.1715353,1.153846154,0.423076923,C26 H30 O11,26,30,11,0,0,0,0.0,lignin,0.8881243957661189
130,130,515.2295613,515.2286432,515.2286562,1.285714286,0.321428571,C28 H36 O9,28,36,9,0,0,0,0.0,lignin,0.875910964905383
131,131,515.1927327,515.1918148,515.1916192,1.894736842,0.631578947,C19 H36 O12 S1 N2,19,36,12,1,2,0,0.105263158,amino_sugar,0.8720430886544005
132,132,515.1413638,515.140446,515.140629,1.272727273,0.636363636,C22 H28 O14,22,28,14,0,0,0,0.0,lignin,0.8771364992215908
133,133,515.1206577,515.1197399,515.1194997,0.96,0.48,C25 H24 O12,25,24,12,0,0,0,0.0,tannin,0.7246331425734034
134,134,513.2136831,513.2127706,513.2130061,1.214285714,0.321428571,C28 H34 O9,28,34,9,0,0,0,0.0,lignin,0.8823332237360946
135,135,513.1982975,513.197385,513.1972369,0.702702703,0.027027027,C37 H26 O1 N2,37,26,1,0,2,0,0.054054054,pah,0.9719063583872197
136,136,513.1618528,513.1609404,513.160713,2.266666667,1.0,C15 H34 O15 S1 N2,15,34,15,1,2,0,0.133333333,amino_sugar,0.8702331113645911
137,137,513.1259904,513.1250781,513.124979,1.181818182,0.636363636,C22 H26 O14,22,26,14,0,0,0,0.0,lignin,0.8822583511294306
138,138,511.2108064,511.2098994,511.2101103,0.888888889,0.027777778,C36 H32 O1 S1,36,32,1,1,0,0,0.0,pah,0.9722698562154726
139,139,511.1824818,511.1815748,511.1815869,0.648648649,0.027027027,C37 H24 O1 N2,37,24,1,0,2,0,0.054054054,pah,0.9718641975589453
140,140,511.1465715,511.1456646,511.1457144,1.217391304,0.565217391,C23 H28 O13,23,28,13,0,0,0,0.0,lignin,0.8801463372112417
141,141,509.2035688,509.2026672,509.2028354,1.36,0.44,C25 H34 O11,25,34,11,0,0,0,0.0,lignin,0.8680203054077221
142,142,509.0581963,509.0572951,509.0572933,0.857142857,0.714285714,C21 H18 O15,21,18,15,0,0,0,0.0,tannin,0.8831814447495343
143,143,507.2608919,507.2599956,507.2599563,1.481481481,0.333333333,C27 H40 O9,27,40,9,0,0,0,0.0,lignin,0.6050595463987472
144,144,507.0784548,507.077559,507.0773773,1.714285714,1.142857143,C14 H24 O16 S1 N2,14,24,16,1,2,0,0.142857143,amino_sugar,0.8756193267111982
145,145,507.0424839,507.0415882,507.0416433,0.761904762,0.714285714,C21 H16 O15,21,16,15,0,0,0,0.0,tannin,0.8855216560775252
146,146,505.1718897,505.1709991,505.1708838,2.0,0.764705882,C17 H34 O13 S1 N2,17,34,13,1,2,0,0.117647059,amino_sugar,0.871197200174783
147,147,505.1357197,505.1348292,505.1346367,0.486486486,0.027027027,C37 H18 O1 N2,37,18,1,0,2,0,0.054054054,pah,0.9718064560875248
148,148,503.2295859,503.2287006,503.2286562,1.333333333,0.333333333,C27 H36 O9,27,36,9,0,0,0,0.0,lignin,0.8661166067820245
149,149,503.1205721,503.119687,503.1194997,1.0,0.5,C24 H24 O12,24,24,12,0,0,0,0.0,lignin,0.967808138997418
150,150,501.2503127,501.2494327,501.2493916,1.357142857,0.285714286,C28 H38 O8,28,38,8,0,0,0,0.0,lignin,0.8633994856939692
151,151,501.162081,501.1612013,501.1613645,1.363636364,0.590909091,C22 H30 O13,22,30,13,0,0,0,0.0,lignin,0.8735686533476068
152,152,501.1413324,501.1404527,501.1402351,1.04,0.44,C25 H26 O11,25,26,11,0,0,0,0.0,lignin,0.967812245033849
153,153,501.0321687,501.0312893,501.0310786,0.636363636,0.636363636,C22 H14 O14,22,14,14,0,0,0,0.0,tannin,0.819906391486527
154,154,499.1831231,499.1822487,499.1820999,1.391304348,0.52173913,C23 H32 O12,23,32,12,0,0,0,0.0,lignin,0.8723603644608623
155,155,499.1617162,499.1608419,499.1609706,1.076923077,0.384615385,C26 H28 O10,26,28,10,0,0,0,0.0,lignin,0.9599781119030222
156,156,499.0888497,499.0879755,499.0881995,0.833333333,0.5,C24 H20 O12,24,20,12,0,0,0,0.0,tannin,0.8809056310801644
157,157,499.0737525,499.0728784,499.0729434,1.0,0.75,C20 H20 O15,20,20,15,0,0,0,0.0,lignin,0.9582142379564959
158,158,499.0528048,499.0519308,499.051814,0.695652174,0.565217391,C23 H16 O13,23,16,13,0,0,0,0.0,tannin,0.8236198295795776
159,159,499.0376536,499.0367796,499.0365579,0.842105263,0.842105263,C19 H16 O16,19,16,16,0,0,0,0.0,tannin,0.8828666309985824
160,160,497.1097714,497.1089026,497.108935,0.88,0.44,C25 H22 O11,25,22,11,0,0,0,0.0,tannin,0.8807496671588353
161,161,497.0943576,497.0934888,497.0936789,1.047619048,0.666666667,C21 H22 O14,21,22,14,0,0,0,0.0,lignin,0.9578900816208014
162,162,495.2242868,495.2234231,495.2235708,1.44,0.4,C25 H36 O10,25,36,10,0,0,0,0.0,lignin,0.8700259486495231
163,163,495.0942113,495.0933479,495.0932849,0.8,0.44,C25 H20 O11,25,20,11,0,0,0,0.0,tannin,0.8993792897885287
164,164,493.0994916,493.0986336,493.0987642,1.0,0.590909091,C22 H22 O13,22,22,13,0,0,0,0.0,lignin,0.966950805210001
165,165,491.1203631,491.1195104,491.1194997,1.043478261,0.52173913,C23 H24 O12,23,24,12,0,0,0,0.0,lignin,0.9595645744836965
166,166,491.0837551,491.0829025,491.0831142,0.909090909,0.590909091,C22 H20 O13,22,20,13,0,0,0,0.0,tannin,0.8810534948124744
167,167,491.0473877,491.0465353,491.0467287,0.761904762,0.666666667,C21 H16 O14,21,16,14,0,0,0,0.0,tannin,0.8838972434018532
168,168,489.1774882,489.1766407,489.1766206,1.2,0.4,C25 H30 O10,25,30,10,0,0,0,0.0,lignin,0.8835408201059775
169,169,489.1406157,489.1397684,489.1395837,1.875,0.8125,C16 H30 O13 S1 N2,16,30,13,1,2,0,0.125,amino_sugar,0.8720464392341686
170,170,489.1042705,489.1034232,489.1033365,0.388888889,0.027777778,C36 H14 O1 N2,36,14,1,0,2,0,0.055555556,pah,0.971795861149013
171,171,489.0892782,489.0884309,489.0885935,1.157894737,0.789473684,C19 H22 O15,19,22,15,0,0,0,0.0,lignin,0.6742079125666595
172,172,489.0685319,489.0676847,489.0674641,0.818181818,0.590909091,C22 H18 O13,22,18,13,0,0,0,0.0,tannin,0.8831690785762442
173,173,487.1826024,487.1817603,487.1815869,0.685714286,0.028571429,C35 H24 O1 N2,35,24,1,0,2,0,0.057142857,pah,0.9718900209478362
174,174,487.1618167,487.1609746,487.1609706,1.12,0.4,C25 H28 O10,25,28,10,0,0,0,0.0,lignin,0.9591516736702811
175,175,487.052854,487.0520122,487.051814,0.727272727,0.590909091,C22 H16 O13,22,16,13,0,0,0,0.0,tannin,0.9005283771114201
176,176,487.0373991,487.0365574,487.0365579,0.888888889,0.888888889,C18 H16 O16,18,16,16,0,0,0,0.0,tannin,0.8813474430795427
177,177,485.1309806,485.130144,485.1300644,1.238095238,0.619047619,C21 H26 O13,21,26,13,0,0,0,0.0,lignin,0.8785948568559034
178,178,485.0369509,485.0361146,485.036164,0.636363636,0.590909091,C22 H14 O13,22,14,13,0,0,0,0.0,tannin,0.8179904939966338
179,179,483.1797396,483.1789082,483.1788102,0.823529412,0.029411765,C34 H28 O1 S1,34,28,1,1,0,0,0.0,pah,0.9720808974529991
180,180,483.0578147,483.0569836,483.0568994,0.695652174,0.52173913,C23 H16 O12,23,16,12,0,0,0,0.0,tannin,0.8209762301685604
181,181,483.0423915,483.0415605,483.0416433,0.842105263,0.789473684,C19 H16 O15,19,16,15,0,0,0,0.0,tannin,0.8842845464741437
182,182,481.1722561,481.1714301,481.1715353,1.304347826,0.47826087,C23 H30 O11,23,30,11,0,0,0,0.0,lignin,0.8756628730228668
183,183,481.1640516,481.1632256,481.1631601,0.764705882,0.029411765,C34 H26 O1 S1,34,26,1,1,0,0,0.0,pah,0.9719717916473802
184,184,481.1354989,481.1346729,481.1346367,0.514285714,0.028571429,C35 H18 O1 N2,35,18,1,0,2,0,0.057142857,pah,0.9718114072469379
185,185,481.0993961,481.0985703,481.0987642,1.047619048,0.619047619,C21 H22 O13,21,22,13,0,0,0,0.0,lignin,0.9584167583306511
186,186,480.1599267,480.1591034,480.15924,1.272727273,0.5,C22 H28 O11 13C1,23,28,11,0,0,1,0.0,lignin,0.8773758331948951
187,187,480.1232438,480.1224205,480.1223414,0.470588235,0.029411765,C34 H16 O1 N2 13C1,35,16,1,0,2,1,0.057142857,pah,0.9718035962245952
188,188,480.0872083,480.0863852,480.086469,1.0,0.65,C20 H20 O13 13C1,21,20,13,0,0,1,0.0,lignin,0.9663736158897642
189,189,479.1567747,479.1559541,479.1558852,1.217391304,0.47826087,C23 H28 O11,23,28,11,0,0,0,0.0,lignin,0.8810419482926397
190,190,479.1200224,479.1192018,479.1189866,0.457142857,0.028571429,C35 H16 O1 N2,35,16,1,0,2,0,0.057142857,pah,0.971801980855272
191,191,479.0837463,479.0829258,479.0831142,0.952380952,0.619047619,C21 H20 O13,21,20,13,0,0,0,0.0,tannin,0.7236067800763754
192,192,477.2500424,477.2492269,477.2493916,1.461538462,0.307692308,C26 H38 O8,26,38,8,0,0,0,0.0,lignin,0.7361738283994665
193,193,477.1411295,477.1403142,477.1402351,1.130434783,0.47826087,C23 H26 O11,23,26,11,0,0,0,0.0,lignin,0.9720216134959362
194,194,477.104172,477.1033568,477.1033365,0.4,0.028571429,C35 H14 O1 N2,35,14,1,0,2,0,0.057142857,pah,0.9717965395047568
195,195,477.0529901,477.052175,477.052208,1.058823529,0.941176471,C17 H18 O16,17,18,16,0,0,0,0.0,lipid,0.5275741808507862
196,196,475.1620033,475.1611933,475.1609706,1.166666667,0.416666667,C24 H28 O10,24,28,10,0,0,0,0.0,lignin,0.8867499409043358
197,197,475.1252145,475.1244046,475.1245851,1.043478261,0.47826087,C23 H24 O11,23,24,11,0,0,0,0.0,lignin,0.9599930367665019
198,198,475.0886086,475.0877987,475.0876865,0.342857143,0.028571429,C35 H12 O1 N2,35,12,1,0,2,0,0.057142857,pah,0.9717936186624646
199,199,475.0526624,475.0518526,475.051814,0.761904762,0.619047619,C21 H16 O13,21,16,13,0,0,0,0.0,tannin,0.8823279320257728
200,200,473.1668886,473.1660839,473.1659368,0.647058824,0.029411765,C34 H22 O1 N2,34,22,1,0,2,0,0.058823529,pah,0.9718617966575567
201,201,473.1097206,473.108916,473.108935,0.956521739,0.47826087,C23 H22 O11,23,22,11,0,0,0,0.0,tannin,0.7247156666858886
202,202,473.0946571,473.0938526,473.0936789,1.157894737,0.736842105,C19 H22 O14,19,22,14,0,0,0,0.0,lignin,0.9181855630178859
203,203,471.2394161,471.2386164,471.238827,1.333333333,0.259259259,C27 H36 O7,27,36,7,0,0,0,0.0,lignin,0.8642083590331433
204,204,471.1795956,471.1787961,471.1788102,0.848484848,0.03030303,C33 H28 O1 S1,33,28,1,1,0,0,0.0,pah,0.9721400775421529
205,205,471.1667805,471.165981,471.1660559,1.12,0.36,C25 H28 O9,25,28,9,0,0,0,0.0,lignin,0.9596003066446966
206,206,471.0789725,471.0781733,471.0780288,1.052631579,0.736842105,C19 H20 O14,19,20,14,0,0,0,0.0,lignin,0.9570055564520714
207,207,471.0208495,471.0200504,471.0198625,1.230769231,1.153846154,C13 H16 O15 S1 N2,13,16,15,1,2,0,0.153846154,lipid,0.5650424290124597
208,208,469.1357399,469.1349458,469.1351497,1.238095238,0.571428571,C21 H26 O12,21,26,12,0,0,0,0.0,lignin,0.8787777262117735
209,209,469.0631379,469.062344,469.0623787,0.947368421,0.736842105,C19 H18 O14,19,18,14,0,0,0,0.0,tannin,0.7238873927283915
210,210,468.0877586,468.0869672,468.0870946,0.863636364,0.318181818,C22 H19 O7 S1 N3,22,19,7,1,3,0,0.136363636,tannin,0.8791736489878781
211,211,467.156892,467.1561031,467.1558852,1.272727273,0.5,C22 H28 O11,22,28,11,0,0,0,0.0,lignin,0.8773758331948951
212,212,467.0626763,467.0618877,467.0619848,0.695652174,0.47826087,C23 H16 O11,23,16,11,0,0,0,0.0,tannin,0.8186045706984555
213,213,466.1443534,466.1435672,466.14359,1.238095238,0.523809524,C21 H26 O11 13C1,22,26,11,0,0,1,0.0,lignin,0.8792504817786414
214,214,465.2137252,465.2129414,465.2130061,1.416666667,0.375,C24 H34 O9,24,34,9,0,0,0,0.0,lignin,0.862898712131104
215,215,465.1408475,465.140064,465.1402351,1.181818182,0.5,C22 H26 O11,22,26,11,0,0,0,0.0,lignin,0.8842954772097803
216,216,465.0319534,465.0311701,465.0310786,0.736842105,0.736842105,C19 H14 O14,19,14,14,0,0,0,0.0,tannin,0.8856770702002018
217,217,464.2015069,464.2007258,464.2007109,1.391304348,0.391304348,C23 H32 O9 13C1,24,32,9,0,0,1,0.0,lignin,0.8651013767428433
218,218,463.1981616,463.1973832,463.1973561,1.333333333,0.375,C24 H32 O9,24,32,9,0,0,0,0.0,lignin,0.8677330272594924
219,219,463.1251753,463.124397,463.1245851,1.090909091,0.5,C22 H24 O11,22,24,11,0,0,0,0.0,lignin,0.9585948862536485
220,220,463.0891209,463.0883428,463.0881995,0.952380952,0.571428571,C21 H20 O12,21,20,12,0,0,0,0.0,tannin,0.7235999700979175
221,221,463.0011561,463.0003782,463.0001724,0.8,1.133333333,C15 H12 O17,15,12,17,0,0,0,0.0,tannin,0.9275764784257706
222,222,462.1858863,462.1851105,462.1850608,1.304347826,0.391304348,C23 H30 O9 13C1,24,30,9,0,0,1,0.0,lignin,0.8753213735234364
223,223,461.1823784,461.1816052,461.181706,1.25,0.375,C24 H30 O9,24,30,9,0,0,0,0.0,lignin,0.8788533261902349
224,224,461.1096714,461.1088985,461.108935,1.0,0.5,C22 H22 O11,22,22,11,0,0,0,0.0,lignin,0.967808138997418
225,225,461.0946184,461.0938455,461.0936789,1.222222222,0.777777778,C18 H22 O14,18,22,14,0,0,0,0.0,lignin,0.6189645760596675
226,226,459.2030333,459.2022653,459.2024415,1.28,0.32,C25 H32 O8,25,32,8,0,0,0,0.0,lignin,0.8762518856376242
227,227,459.1795764,459.1788085,459.1788102,0.875,0.03125,C32 H28 O1 S1,32,28,1,1,0,0,0.0,pah,0.9722138418134406
228,228,459.1513454,459.1505776,459.1507998,1.4,0.6,C20 H28 O12,20,28,12,0,0,0,0.0,lignin,0.8584301370770208
229,229,459.1305123,459.1297445,459.1296704,1.043478261,0.434782609,C23 H24 O10,23,24,10,0,0,0,0.0,lignin,0.9678222616785523
230,230,459.0425709,459.0418034,459.0416433,0.941176471,0.882352941,C17 H16 O15,17,16,15,0,0,0,0.0,tannin,0.7247358234848338
231,231,459.0211235,459.020356,459.0205139,0.6,0.65,C20 H12 O13,20,12,13,0,0,0,0.0,tannin,0.8171880919362351
232,232,457.187588,457.1868254,457.1867914,1.2,0.32,C25 H30 O8,25,30,8,0,0,0,0.0,lignin,0.8835942087093809
233,233,457.1724987,457.1717361,457.1715353,1.428571429,0.523809524,C21 H30 O11,21,30,11,0,0,0,0.0,lignin,0.8701394191586515
234,234,457.0996446,457.0988822,457.0987642,1.157894737,0.684210526,C19 H22 O13,19,22,13,0,0,0,0.0,lignin,0.9194840306411285
235,235,457.0782263,457.0774639,457.0776349,0.818181818,0.5,C22 H18 O11,22,18,11,0,0,0,0.0,tannin,0.880483606670672
236,236,455.1719427,455.1711854,455.1711413,1.12,0.32,C25 H28 O8,25,28,8,0,0,0,0.0,lignin,0.9600648732285533
237,237,455.1564654,455.1557081,455.1558852,1.333333333,0.523809524,C21 H28 O11,21,28,11,0,0,0,0.0,lignin,0.8743525202861934
238,238,455.1483119,455.1475546,455.14751,0.75,0.03125,C32 H24 O1 S1,32,24,1,1,0,0,0.0,pah,0.9719485382878057
239,239,455.1198635,455.1191063,455.1189866,0.484848485,0.03030303,C33 H16 O1 N2,33,16,1,0,2,0,0.060606061,pah,0.9718056666501665
240,240,455.0839056,455.0831484,455.0831142,1.052631579,0.684210526,C19 H20 O13,19,20,13,0,0,0,0.0,lignin,0.957571613620351
241,241,453.1775168,453.1767647,453.1766206,1.363636364,0.454545455,C22 H30 O10,22,30,10,0,0,0,0.0,lignin,0.8681478939816168
242,242,453.1046897,453.1039377,453.1038496,1.1,0.6,C20 H22 O12,20,22,12,0,0,0,0.0,lignin,0.9569538991334436
243,243,453.0465814,453.0458296,453.0456833,1.285714286,0.928571429,C14 H18 O13 S1 N2,14,18,13,1,2,0,0.142857143,amino_sugar,0.5026489469755154
244,244,451.2346286,451.2338815,451.2337416,1.5,0.333333333,C24 H36 O8,24,36,8,0,0,0,0.0,lipid,0.5716931796575205
245,245,451.161547,451.1608001,451.1609706,1.272727273,0.454545455,C22 H28 O10,22,28,10,0,0,0,0.0,lignin,0.8775102808133075
246,246,451.0677734,451.0670267,451.0670702,0.695652174,0.434782609,C23 H16 O10,23,16,10,0,0,0,0.0,tannin,0.8166829982020996
247,247,450.149293,450.1485487,450.1486753,1.238095238,0.476190476,C21 H26 O10 13C1,22,26,10,0,0,1,0.0,lignin,0.8795866265498702
248,248,449.2187204,449.2179786,449.2180915,1.416666667,0.333333333,C24 H34 O8,24,34,8,0,0,0,0.0,lignin,0.861534442479061
249,249,449.14609,449.1453483,449.1453205,1.181818182,0.454545455,C22 H26 O10,22,26,10,0,0,0,0.0,lignin,0.8848326365215033
250,250,449.0581563,449.0574148,449.0572933,1.125,0.9375,C16 H18 O15,16,18,15,0,0,0,0.0,lipid,0.6210840784694379
251,251,449.0368075,449.0360661,449.036164,0.736842105,0.684210526,C19 H14 O13,19,14,13,0,0,0,0.0,tannin,0.8836289932922801
252,252,448.0611658,448.0604269,448.0602543,0.842105263,0.631578947,C19 H16 O12 13C1,20,16,12,0,0,1,0.0,tannin,0.8831336274217229
253,253,447.2029738,447.2022372,447.2024415,1.333333333,0.333333333,C24 H32 O8,24,32,8,0,0,0,0.0,lignin,0.8661166067820245
254,254,447.1795179,447.1787813,447.1788102,0.903225806,0.032258065,C31 H28 O1 S1,31,28,1,1,0,0,0.0,pah,0.9723044882694266
255,255,447.0575764,447.0568402,447.0568994,0.8,0.6,C20 H16 O12,20,16,12,0,0,0,0.0,tannin,0.8830248816816513
256,256,445.2234163,445.2226848,445.2225255,2.235294118,0.529411765,C17 H38 O9 S1 N2,17,38,9,1,2,0,0.117647059,amino_sugar,0.8241430170734437
257,257,445.1876175,445.1868861,445.1867914,1.25,0.333333333,C24 H30 O8,24,30,8,0,0,0,0.0,lignin,0.8786354765832745
258,258,445.1148684,445.1141372,445.1140204,1.0,0.454545455,C22 H22 O10,22,22,10,0,0,0,0.0,lignin,0.9682020602289023
259,259,445.0992988,445.0985677,445.0987642,1.222222222,0.722222222,C18 H22 O13,18,22,13,0,0,0,0.0,lignin,0.700366459290126
260,260,445.0418779,445.0411469,445.0412494,0.7,0.6,C20 H14 O12,20,14,12,0,0,0,0.0,tannin,0.8708059881310077
261,261,445.0269096,445.0261786,445.0259932,0.875,0.9375,C16 H14 O15,16,14,15,0,0,0,0.0,tannin,0.8826287784542579
262,262,443.1719832,443.171257,443.1711413,1.166666667,0.333333333,C24 H28 O8,24,28,8,0,0,0,0.0,lignin,0.8870839726218328
263,263,443.1565452,443.1558191,443.1558852,1.4,0.55,C20 H28 O11,20,28,11,0,0,0,0.0,lignin,0.8720868762049623
264,264,443.1483475,443.1476215,443.14751,0.774193548,0.032258065,C31 H24 O1 S1,31,24,1,1,0,0,0.0,pah,0.9719817258620062
265,265,443.1295656,443.1288396,443.1288826,0.666666667,0.133333333,C30 H20 O4,30,20,4,0,0,0,0.0,pah,0.9717673387985402
266,266,443.1198468,443.1191208,443.1189866,0.5,0.03125,C32 H16 O1 N2,32,16,1,0,2,0,0.0625,pah,0.9718080901505959
267,267,443.0989522,443.0982262,443.0983703,0.909090909,0.454545455,C22 H20 O10,22,20,10,0,0,0,0.0,tannin,0.8807001091248848
268,268,443.0838888,443.0831628,443.0831142,1.111111111,0.722222222,C18 H20 O13,18,20,13,0,0,0,0.0,lignin,0.9585199130769373
269,269,441.1044839,441.1037631,441.1038496,1.157894737,0.631578947,C19 H22 O12,19,22,12,0,0,0,0.0,lignin,0.91733576775788
270,270,441.0468642,441.0461435,441.0463347,0.666666667,0.523809524,C21 H14 O11,21,14,11,0,0,0,0.0,tannin,0.8178774455584905
271,271,441.0318574,441.0311367,441.0310786,0.823529412,0.823529412,C17 H14 O14,17,14,14,0,0,0,0.0,tannin,0.8853128346479071
272,272,440.120156,440.1194377,440.119321,0.46875,0.0,C32 H15 N3,32,15,0,0,3,0,0.09375,pah,0.9718104693111158
273,273,440.0563829,440.0556648,440.0557945,0.75,0.35,C20 H15 O7 S1 N3,20,15,7,1,3,0,0.15,tannin,0.8173640653592422
274,274,439.0679933,439.0672777,439.0670702,0.727272727,0.454545455,C22 H16 O10,22,16,10,0,0,0,0.0,tannin,0.8209502396411631
275,275,439.0523515,439.051636,439.051814,0.888888889,0.722222222,C18 H16 O13,18,16,13,0,0,0,0.0,tannin,0.8804933863704367
276,276,439.0309601,439.0302447,439.0300332,1.230769231,1.0,C13 H16 O13 S1 N2,13,16,13,1,2,0,0.153846154,lipid,0.5969273362777128
277,277,437.2189605,437.2182497,437.2180915,1.47826087,0.347826087,C23 H34 O8,23,34,8,0,0,0,0.0,lignin,0.7455550777209647
278,278,437.1459293,437.1452187,437.1453205,1.238095238,0.476190476,C21 H26 O10,21,26,10,0,0,0,0.0,lignin,0.8795866265498702
279,279,437.0521254,437.0514151,437.0514201,0.636363636,0.454545455,C22 H14 O10,22,14,10,0,0,0,0.0,pah,0.9718240440526433
280,280,437.0403199,437.0396095,437.0395353,1.2,0.866666667,C15 H18 O13 S1,15,18,13,1,0,0,0.0,lignin,0.6648541645055396
281,281,437.0367187,437.0360084,437.036164,0.777777778,0.722222222,C18 H14 O13,18,14,13,0,0,0,0.0,tannin,0.8854845160928475
282,282,435.0788582,435.078153,435.0780288,1.25,0.875,C16 H20 O14,16,20,14,0,0,0,0.0,lignin,0.6101981478415353
283,283,433.1873672,433.1866668,433.1867914,1.304347826,0.347826087,C23 H30 O8,23,30,8,0,0,0,0.0,lignin,0.8686707758092455
284,284,433.1148558,433.1141556,433.1140204,1.047619048,0.476190476,C21 H22 O10,21,22,10,0,0,0,0.0,lignin,0.959885755860085
285,285,433.0778803,433.0771802,433.0769834,1.833333333,1.083333333,C12 H22 O13 S1 N2,12,22,13,1,2,0,0.166666667,amino_sugar,0.8743874076487561
286,286,433.0418731,433.0411731,433.0412494,0.736842105,0.631578947,C19 H14 O12,19,14,12,0,0,0,0.0,tannin,0.9032248339537272
287,287,431.1716738,431.1709786,431.1711413,1.217391304,0.347826087,C23 H28 O8,23,28,8,0,0,0,0.0,lignin,0.8821255545125016
288,288,431.1481377,431.1474426,431.14751,0.8,0.033333333,C30 H24 O1 S1,30,24,1,1,0,0,0.0,pah,0.9720244246671242
289,289,431.1295661,431.128871,431.1288826,0.689655172,0.137931034,C29 H20 O4,29,20,4,0,0,0,0.0,pah,0.9717643033487502
290,290,431.0991673,431.0984723,431.0983703,0.952380952,0.476190476,C21 H20 O10,21,20,10,0,0,0,0.0,tannin,0.8795529538590496
291,291,431.0261897,431.0254948,431.0255993,0.631578947,0.631578947,C19 H12 O12,19,12,12,0,0,0,0.0,tannin,0.8191023012608831
292,292,430.107546,430.1068535,430.1066914,0.466666667,0.033333333,C30 H14 O1 N2 13C1,31,14,1,0,2,1,0.064516129,pah,0.9718025072179722
293,293,430.0994771,430.0987847,430.0985855,0.433333333,0.033333333,C30 H13 O1 N3,30,13,1,0,3,0,0.1,pah,0.9717998241539721
294,294,429.141104,429.140414,429.1402351,1.368421053,0.578947368,C19 H26 O11,19,26,11,0,0,0,0.0,lignin,0.8734811674500207
295,295,429.1196586,429.1189687,429.1191058,1.0,0.409090909,C22 H22 O9,22,22,9,0,0,0,0.0,lignin,0.9685600373911871
296,296,429.1042083,429.1035184,429.1033365,0.451612903,0.032258065,C31 H14 O1 N2,31,14,1,0,2,0,0.064516129,pah,0.9718008747547566
297,297,429.0679801,429.0672902,429.0674641,1.058823529,0.764705882,C17 H18 O13,17,18,13,0,0,0,0.0,lignin,0.9566220583194023
298,298,428.0837894,428.0831021,428.0829355,0.366666667,0.033333333,C30 H11 O1 N3,30,11,1,0,3,0,0.1,pah,0.9717949093457301
299,299,427.1978303,427.1971452,427.1973561,1.523809524,0.428571429,C21 H32 O9,21,32,9,0,0,0,0.0,lignin,0.7457160655252787
300,300,427.1040794,427.1033946,427.1034557,0.909090909,0.409090909,C22 H20 O9,22,20,9,0,0,0,0.0,tannin,0.8804207478768529
301,301,427.0314902,427.0308056,427.0306847,0.6,0.55,C20 H12 O11,20,12,11,0,0,0,0.0,pah,0.623764347062119
302,302,426.0681311,426.0674489,426.0672854,0.3,0.033333333,C30 H9 O1 N3,30,9,1,0,3,0,0.1,pah,0.971792623478357
303,303,425.1824996,425.1818197,425.181706,1.428571429,0.428571429,C21 H30 O9,21,30,9,0,0,0,0.0,lignin,0.8706009725410737
304,304,425.1095883,425.1089086,425.108935,1.157894737,0.578947368,C19 H22 O11,19,22,11,0,0,0,0.0,lignin,0.9186167697056049
305,305,425.1014083,425.1007286,425.1005598,0.6,0.033333333,C30 H18 O1 S1,30,18,1,1,0,0,0.0,pah,0.9718308878849724
306,306,425.0728193,425.0721397,425.0720364,0.322580645,0.032258065,C31 H10 O1 N2,31,10,1,0,2,0,0.064516129,pah,0.9717928778314437
307,307,425.0369533,425.0362738,425.036164,0.823529412,0.764705882,C17 H14 O13,17,14,13,0,0,0,0.0,tannin,0.8846582707815429
308,308,424.0888174,424.0881403,424.0880208,0.35483871,0.0,C31 H11 N3,31,11,0,0,3,0,0.096774194,pah,0.9717964667081341
309,309,423.166941,423.1662662,423.1660559,1.333333333,0.428571429,C21 H28 O9,21,28,9,0,0,0,0.0,lignin,0.8690558019434885
310,310,423.0729808,423.0723063,423.0721556,0.727272727,0.409090909,C22 H16 O9,22,16,9,0,0,0,0.0,tannin,0.8184390835077722
311,311,421.1509369,421.1502673,421.1504059,1.238095238,0.428571429,C21 H26 O9,21,26,9,0,0,0,0.0,lignin,0.8797591276587878
312,312,421.0783451,421.0776757,421.0776349,0.947368421,0.578947368,C19 H18 O11,19,18,11,0,0,0,0.0,tannin,0.723764461292377
313,313,420.1753616,420.1746945,420.1744962,1.333333333,0.380952381,C21 H28 O8 13C1,22,28,8,0,0,1,0.0,lignin,0.8679193244008683
314,314,419.1718852,419.1712206,419.1711413,1.272727273,0.363636364,C22 H28 O8,22,28,8,0,0,0,0.0,lignin,0.8772685850368707
315,315,419.1481376,419.1474731,419.14751,0.827586207,0.034482759,C29 H24 O1 S1,29,24,1,1,0,0,0.0,pah,0.9720788846326739
316,316,419.1295336,419.1288692,419.1288826,0.714285714,0.142857143,C28 H20 O4,28,20,4,0,0,0,0.0,pah,0.9717609269332363
317,317,419.0991481,419.0984837,419.0983703,1.0,0.5,C20 H20 O10,20,20,10,0,0,0,0.0,lignin,0.967808138997418
318,318,419.0475885,419.0469242,419.0467287,1.066666667,0.933333333,C15 H16 O14,15,16,14,0,0,0,0.0,lipid,0.5277047608796062
319,319,419.0261699,419.0255057,419.0255993,0.666666667,0.666666667,C18 H12 O12,18,12,12,0,0,0,0.0,tannin,0.82700571926129
320,320,418.1594353,418.1587733,418.1588461,1.238095238,0.380952381,C21 H26 O8 13C1,22,26,8,0,0,1,0.0,lignin,0.87973984336182
321,321,417.2287338,417.2280742,417.2282623,1.416666667,0.25,C24 H34 O6,24,34,6,0,0,0,0.0,lignin,0.5541433313896921
322,322,417.1562428,417.1555833,417.1554913,1.181818182,0.363636364,C22 H26 O8,22,26,8,0,0,0,0.0,lignin,0.8853739671651504
323,323,417.1407571,417.1400977,417.1402351,1.444444444,0.611111111,C18 H26 O11,18,26,11,0,0,0,0.0,lignin,0.7214881966294018
324,324,417.1325501,417.1318907,417.13186,0.75862069,0.034482759,C29 H22 O1 S1,29,22,1,1,0,0,0.0,pah,0.9719554046488362
325,325,417.1138717,417.1132123,417.1132325,0.642857143,0.142857143,C28 H18 O4,28,18,4,0,0,0,0.0,pah,0.9717565693078829
326,326,417.1041355,417.1034762,417.1033365,0.466666667,0.033333333,C30 H14 O1 N2,30,14,1,0,2,0,0.066666667,pah,0.9718025847016486
327,327,417.0833201,417.0826608,417.0827202,0.9,0.5,C20 H18 O10,20,18,10,0,0,0,0.0,tannin,0.8810733266822574
328,328,417.0682864,417.0676272,417.0674641,1.125,0.8125,C16 H18 O13,16,18,13,0,0,0,0.0,lignin,0.6759939919562178
329,329,415.1617933,415.1611389,415.1609706,1.473684211,0.526315789,C19 H28 O10,19,28,10,0,0,0,0.0,lignin,0.8697776284359552
330,330,415.1345888,415.1339344,415.133968,0.689655172,0.103448276,C29 H20 O3,29,20,3,0,0,0,0.0,pah,0.9718066088548121
331,331,415.116784,415.1161297,415.1162099,0.689655172,0.034482759,C29 H20 O1 S1,29,20,1,1,0,0,0.0,pah,0.9718817455717235
332,332,415.1039169,415.1032626,415.1034557,0.952380952,0.428571429,C21 H20 O9,21,20,9,0,0,0,0.0,tannin,0.8794978735411156
333,333,415.0889806,415.0883264,415.0881995,1.176470588,0.705882353,C17 H20 O12,17,20,12,0,0,0,0.0,lignin,0.9180056854651639
334,334,415.0314354,415.0307813,415.0306847,0.631578947,0.578947368,C19 H12 O11,19,12,11,0,0,0,0.0,tannin,0.817054761444958
335,335,413.1457966,413.1451473,413.1453205,1.368421053,0.526315789,C19 H26 O10,19,26,10,0,0,0,0.0,lignin,0.873524640646141
336,336,413.1250148,413.1243655,413.1241911,1.0,0.363636364,C22 H22 O8,22,22,8,0,0,0,0.0,lignin,0.9712338275571912
337,337,413.0733133,413.0726642,413.0725495,1.058823529,0.705882353,C17 H18 O12,17,18,12,0,0,0,0.0,lignin,0.9571931776457328
338,338,411.2030007,411.2023563,411.2024415,1.523809524,0.380952381,C21 H32 O8,21,32,8,0,0,0,0.0,lignin,0.6053858331162847
339,339,411.1302011,411.1295569,411.1296704,1.263157895,0.526315789,C19 H24 O10,19,24,10,0,0,0,0.0,lignin,0.8777515822119983
340,340,411.0856387,411.0849946,411.0849098,0.551724138,0.034482759,C29 H16 O1 S1,29,16,1,1,0,0,0.0,pah,0.9718149514103368
341,341,411.0728846,411.0722405,411.0721556,0.761904762,0.428571429,C21 H16 O9,21,16,9,0,0,0,0.0,tannin,0.8242815815029273
342,342,410.0731846,410.0725431,410.0723708,0.3,0.0,C30 H9 N3,30,9,0,0,3,0,0.1,pah,0.9717937278219677
343,343,410.0454434,410.0448019,410.0446042,0.875,0.75,C16 H14 O12 13C1,17,14,12,0,0,1,0.0,tannin,0.8810775912001008
344,344,409.1511903,409.1505511,409.1504059,1.3,0.45,C20 H26 O9,20,26,9,0,0,0,0.0,lignin,0.875851745369814
345,345,409.0417747,409.0411357,409.0412494,0.823529412,0.705882353,C17 H14 O12,17,14,12,0,0,0,0.0,tannin,0.8841514492556982
346,346,408.1023572,408.1017206,408.1017251,1.111111111,0.555555556,C18 H20 O10 13C1,19,20,10,0,0,1,0.0,lignin,0.9571905879451326
347,347,407.1716986,407.1710643,407.1711413,1.333333333,0.380952381,C21 H28 O8,21,28,8,0,0,0,0.0,lignin,0.8679193244008683
348,348,407.0989296,407.0982956,407.0983703,1.052631579,0.526315789,C19 H20 O10,19,20,10,0,0,0,0.0,lignin,0.9592545827316602
349,349,405.1924849,405.1918556,405.1918768,1.363636364,0.318181818,C22 H30 O7,22,30,7,0,0,0,0.0,lignin,0.8638204263037764
350,350,405.1138286,405.1131995,405.1132325,0.666666667,0.148148148,C27 H18 O4,27,18,4,0,0,0,0.0,pah,0.9717506986009419
351,351,405.1040447,405.1034157,405.1033365,0.482758621,0.034482759,C29 H14 O1 N2,29,14,1,0,2,0,0.068965517,pah,0.971804682609348
352,352,405.0831512,405.0825222,405.0827202,0.947368421,0.526315789,C19 H18 O10,19,18,10,0,0,0,0.0,tannin,0.8797693734395216
353,353,405.0682315,405.0676025,405.0674641,1.2,0.866666667,C15 H18 O13,15,18,13,0,0,0,0.0,lignin,0.6648541645055396
354,354,404.1436779,404.1430513,404.143196,1.2,0.4,C20 H24 O8 13C1,21,24,8,0,0,1,0.0,lignin,0.8835408201059775
355,355,403.1402723,403.1396482,403.1398412,1.142857143,0.380952381,C21 H24 O8,21,24,8,0,0,0,0.0,lignin,0.9234158206676648
356,356,403.1253814,403.1247573,403.1245851,1.411764706,0.647058824,C17 H24 O11,17,24,11,0,0,0,0.0,lignin,0.5781279060799149
357,357,403.067752,403.0671281,403.0670702,0.842105263,0.526315789,C19 H16 O10,19,16,10,0,0,0,0.0,tannin,0.8820750188769958
358,358,402.0680278,402.0674064,402.0672854,0.321428571,0.035714286,C28 H9 O1 N3,28,9,1,0,3,0,0.107142857,pah,0.9717931231586794
359,359,401.1189329,401.1183138,401.1183179,0.642857143,0.107142857,C28 H18 O3,28,18,3,0,0,0,0.0,pah,0.9717901931849781
360,360,401.1013779,401.1007589,401.1005598,0.642857143,0.035714286,C28 H18 O1 S1,28,18,1,1,0,0,0.0,pah,0.9718492906906265
361,361,401.0368453,401.0362265,401.036164,0.933333333,0.866666667,C15 H14 O13,15,14,13,0,0,0,0.0,tannin,0.7248924928722309
362,362,399.0938527,399.0932387,399.0932849,1.176470588,0.647058824,C17 H20 O11,17,20,11,0,0,0,0.0,lignin,0.8823987943840346
363,363,399.0364372,399.0358234,399.0357701,0.631578947,0.526315789,C19 H12 O10,19,12,10,0,0,0,0.0,tannin,0.815170877670254
364,364,399.0209701,399.0203563,399.0205139,0.8,0.866666667,C15 H12 O13,15,12,13,0,0,0,0.0,tannin,0.8867973302406623
365,365,398.0730618,398.0724504,398.0723708,0.310344828,0.0,C29 H9 N3,29,9,0,0,3,0,0.103448276,pah,0.9717941564799919
366,366,397.2542839,397.2536745,397.2536892,1.172413793,0.034482759,C29 H34 O1,29,34,1,0,0,0,0.0,lignin,0.8845086404111813
367,367,397.1875643,397.1869551,397.1867914,1.5,0.4,C20 H30 O8,20,30,8,0,0,0,0.0,lignin,0.7460261681673928
368,368,397.114619,397.11401,397.1140204,1.222222222,0.555555556,C18 H22 O10,18,22,10,0,0,0,0.0,lignin,0.8799478566838624
369,369,397.0571893,397.0565805,397.0565055,0.7,0.45,C20 H14 O9,20,14,9,0,0,0,0.0,tannin,0.8177080849228991
370,370,395.1716708,395.1710666,395.1711413,1.4,0.4,C20 H28 O8,20,28,8,0,0,0,0.0,lignin,0.8650315480811424
371,371,395.0625058,395.0619019,395.0619848,0.941176471,0.647058824,C17 H16 O11,17,16,11,0,0,0,0.0,tannin,0.7239759729530708
372,372,394.0865615,394.08596,394.0860751,1.058823529,0.588235294,C17 H18 O10 13C1,18,18,10,0,0,1,0.0,lignin,0.9584483249831873
373,373,393.1923109,393.1917116,393.1918768,1.428571429,0.333333333,C21 H30 O7,21,30,7,0,0,0,0.0,lignin,0.8609984618177592
374,374,393.0831962,393.0825973,393.0827202,1.0,0.555555556,C18 H18 O10,18,18,10,0,0,0,0.0,lignin,0.9672918243730523
375,375,392.1436784,392.1430817,392.143196,1.263157895,0.421052632,C19 H24 O8 13C1,20,24,8,0,0,1,0.0,lignin,0.8780943024138596
376,376,391.1405037,391.1399096,391.1398412,1.2,0.4,C20 H24 O8,20,24,8,0,0,0,0.0,lignin,0.8835408201059775
377,377,391.0314206,391.0308267,391.0306847,0.705882353,0.647058824,C17 H12 O11,17,12,11,0,0,0,0.0,tannin,0.9013805800736903
378,378,389.1246658,389.1240767,389.1241911,1.1,0.4,C20 H22 O8,20,22,8,0,0,0,0.0,lignin,0.9594238210292281
379,379,389.1190807,389.1184915,389.1183179,0.666666667,0.111111111,C27 H18 O3,27,18,3,0,0,0,0.0,pah,0.9717912712317543
380,380,389.1010911,389.100502,389.1005598,0.666666667,0.037037037,C27 H18 O1 S1,27,18,1,1,0,0,0.0,pah,0.9718625445872991
381,381,389.0730415,389.0724525,389.0725495,1.2,0.8,C15 H18 O12,15,18,12,0,0,0,0.0,lignin,0.6192323727929736
382,382,389.0156157,389.0150268,389.0150346,0.588235294,0.647058824,C17 H10 O11,17,10,11,0,0,0,0.0,tannin,0.8161255795804834
383,383,387.1818444,387.18126,387.1813121,1.272727273,0.272727273,C22 H28 O6,22,28,6,0,0,0,0.0,lignin,0.8766622338455905
384,384,387.1397875,387.1392033,387.1390534,0.714285714,0.071428571,C28 H20 O2,28,20,2,0,0,0,0.0,pah,0.9718589271460013
385,385,387.1303312,387.129747,387.1296704,1.411764706,0.588235294,C17 H24 O10,17,24,10,0,0,0,0.0,lignin,0.8581078573644116
386,386,387.0212448,387.0206609,387.0205139,0.857142857,0.928571429,C14 H12 O13,14,12,13,0,0,0,0.0,tannin,0.8832922011687957
387,387,386.1178272,386.1172455,386.1173752,1.375,0.625,C16 H22 O10 13C1,17,22,10,0,0,1,0.0,lignin,0.8602794524198473
388,388,385.1661252,385.1655458,385.165662,1.181818182,0.272727273,C22 H26 O6,22,26,6,0,0,0,0.0,lignin,0.885254263692693
389,389,385.1147103,385.1141311,385.1140204,1.294117647,0.588235294,C17 H22 O10,17,22,10,0,0,0,0.0,lignin,0.8761071761976915
390,390,385.0783971,385.0778179,385.0776349,1.125,0.6875,C16 H18 O11,16,18,11,0,0,0,0.0,lignin,0.9274572160015534
391,391,385.0205647,385.0199857,385.02012,0.555555556,0.555555556,C18 H10 O10,18,10,10,0,0,0,0.0,pah,0.9718505930803323
392,392,384.1307425,384.1301657,384.1300048,1.352941176,0.529411765,C17 H23 O9 N1,17,23,9,0,1,0,0.058823529,lignin,0.8725692590569754
393,393,383.1353019,383.1347276,383.1347558,1.333333333,0.5,C18 H24 O9,18,24,9,0,0,0,0.0,lignin,0.8699801527549464
394,394,381.1922902,381.1917207,381.1918768,1.5,0.35,C20 H30 O7,20,30,7,0,0,0,0.0,lignin,0.6045802143529745
395,395,381.0833103,381.082741,381.0827202,1.058823529,0.588235294,C17 H18 O10,17,18,10,0,0,0,0.0,lignin,0.9584483249831873
396,396,380.093365,380.0927982,380.0928314,0.625,0.166666667,C24 H15 O4 N1,24,15,4,0,1,0,0.041666667,pah,0.9717396896946185
397,397,380.0710685,380.0705018,380.070425,1.0,0.625,C16 H16 O10 13C1,17,16,10,0,0,1,0.0,lignin,0.9666179357340191
398,398,379.0828117,379.0822474,379.0823263,0.761904762,0.333333333,C21 H16 O7,21,16,7,0,0,0,0.0,tannin,0.818176203994302
399,399,379.0676237,379.0670594,379.0670702,0.941176471,0.588235294,C17 H16 O10,17,16,10,0,0,0,0.0,tannin,0.7239658762725398
400,400,378.0891284,378.0885665,378.0884148,0.565217391,0.130434783,C23 H13 O3 N3,23,13,3,0,3,0,0.130434783,pah,0.9717785612890136
401,401,377.1245827,377.1240232,377.1241911,1.157894737,0.421052632,C19 H22 O8,19,22,8,0,0,0,0.0,lignin,0.8876798492158546
402,402,377.1189585,377.1183989,377.1183179,0.692307692,0.115384615,C26 H18 O3,26,18,3,0,0,0,0.0,pah,0.9717930953679076
403,403,377.1010449,377.1004854,377.1005598,0.692307692,0.038461538,C26 H18 O1 S1,26,18,1,1,0,0,0.0,pah,0.9718798406631135
404,404,377.0732669,377.0727075,377.0725495,1.285714286,0.857142857,C14 H18 O12,14,18,12,0,0,0,0.0,lignin,0.6583125386844388
405,405,376.0441668,376.0436099,376.0437732,0.458333333,0.083333333,C24 H11 O2 S1 N1,24,11,2,1,1,0,0.041666667,pah,0.971790059729701
406,406,375.1396436,375.1390889,375.1390534,0.740740741,0.074074074,C27 H20 O2,27,20,2,0,0,0,0.0,pah,0.9718763296035705
407,407,375.1092459,375.1086913,375.1085411,1.052631579,0.421052632,C19 H20 O8,19,20,8,0,0,0,0.0,lignin,0.960243009251639
408,408,375.0728386,375.0722841,375.0721556,0.888888889,0.5,C18 H16 O9,18,16,9,0,0,0,0.0,tannin,0.881339768508019
409,409,375.0210936,375.0205392,375.0205139,0.923076923,1.0,C13 H12 O13,13,12,13,0,0,0,0.0,tannin,0.6847612170368331
410,410,374.0288028,374.0282508,374.0281232,0.375,0.083333333,C24 H9 O2 S1 N1,24,9,2,1,1,0,0.041666667,pah,0.9717893984127102
411,411,373.1511294,373.1505797,373.1504059,1.529411765,0.529411765,C17 H26 O9,17,26,9,0,0,0,0.0,lignin,0.8577826207067494
412,412,373.1239476,373.1233979,373.1234033,0.666666667,0.074074074,C27 H18 O2,27,18,2,0,0,0,0.0,pah,0.9718285018677243
413,413,373.0936108,373.0930611,373.092891,0.947368421,0.421052632,C19 H18 O8,19,18,8,0,0,0,0.0,tannin,0.8796329632622492
414,414,373.057228,373.0566784,373.0565055,0.777777778,0.5,C18 H14 O9,18,14,9,0,0,0,0.0,tannin,0.9002712263141698
415,415,371.0988169,371.0982721,371.0983703,1.25,0.625,C16 H20 O10,16,20,10,0,0,0,0.0,lignin,0.8778898704047375
416,416,371.0626579,371.0621132,371.0619848,1.066666667,0.733333333,C15 H16 O11,15,16,11,0,0,0,0.0,lignin,0.9567895422992059
417,417,370.1147402,370.1141978,370.1143547,1.3125,0.5625,C16 H21 O9 N1,16,21,9,0,1,0,0.0625,lignin,0.8745410122354255
418,418,369.1923566,369.1918165,369.1918768,1.578947368,0.368421053,C19 H30 O7,19,30,7,0,0,0,0.0,lipid,0.8701707907001911
419,419,369.0469065,369.0463667,369.0463347,0.933333333,0.733333333,C15 H14 O11,15,14,11,0,0,0,0.0,tannin,0.724329949749823
420,420,369.0106258,369.0100861,369.0099492,0.714285714,0.857142857,C14 H10 O12,14,10,12,0,0,0,0.0,tannin,0.8891801411436464
421,421,367.2435647,367.2430293,367.2431245,1.142857143,0.0,C28 H32,28,32,0,0,0,0,0.0,lignin,0.924506975328754
422,422,367.1768508,367.1763156,367.1762267,1.473684211,0.368421053,C19 H28 O7,19,28,7,0,0,0,0.0,lignin,0.8684616994691261
423,423,367.0313312,367.0307964,367.0306847,0.8,0.733333333,C15 H12 O11,15,12,11,0,0,0,0.0,tannin,0.8850662776328212
424,424,366.0836174,366.0830848,366.0830546,1.0625,0.5625,C16 H17 O9 N1,16,17,9,0,1,0,0.0625,lignin,0.9590418238133376
425,425,366.023628,366.0230956,366.0230378,0.409090909,0.136363636,C22 H9 O3 S1 N1,22,9,3,1,1,0,0.045454545,pah,0.971780670265115
426,426,365.0882616,365.0877315,365.0878056,1.058823529,0.529411765,C17 H18 O9,17,18,9,0,0,0,0.0,lignin,0.9590527076825295
427,427,364.044415,364.0438875,364.0437732,0.47826087,0.086956522,C23 H11 O2 S1 N1,23,11,2,1,1,0,0.043478261,pah,0.9717897813395696
428,428,363.1818456,363.1813201,363.1813121,1.4,0.3,C20 H28 O6,20,28,6,0,0,0,0.0,lignin,0.8615461591699101
429,429,363.14563,363.1451046,363.1449266,1.263157895,0.368421053,C19 H24 O7,19,24,7,0,0,0,0.0,lignin,0.877914872337695
430,430,363.1033196,363.1027943,363.1026678,0.64,0.12,C25 H16 O3,25,16,3,0,0,0,0.0,pah,0.9717780958569365
431,431,363.0575996,363.0570745,363.0568994,1.230769231,0.923076923,C13 H16 O12,13,16,12,0,0,0,0.0,lipid,0.7440453498805822
432,432,361.1662701,361.1657495,361.165662,1.3,0.3,C20 H26 O6,20,26,6,0,0,0,0.0,lignin,0.8749171955717537
433,433,361.1298288,361.1293083,361.1292765,1.157894737,0.368421053,C19 H22 O7,19,22,7,0,0,0,0.0,lignin,0.8880306985801314
434,434,360.0418081,360.0412902,360.0414646,0.318181818,0.136363636,C22 H7 O3 N3,22,7,3,0,3,0,0.136363636,pah,0.9717875997052186
435,435,359.1504365,359.1499208,359.150012,1.2,0.3,C20 H24 O6,20,24,6,0,0,0,0.0,lignin,0.8835270418319823
436,436,359.1140524,359.1135367,359.1136264,1.052631579,0.368421053,C19 H20 O7,19,20,7,0,0,0,0.0,lignin,0.9683048163745328
437,437,359.0624502,359.0619346,359.0619848,1.142857143,0.785714286,C14 H16 O11,14,16,11,0,0,0,0.0,lignin,0.6764041620333322
438,438,359.0541972,359.0536817,359.0536096,0.48,0.04,C25 H12 O1 S1,25,12,1,1,0,0,0.0,pah,0.9718003465732185
439,439,359.0260141,359.0254987,359.0255993,0.923076923,0.923076923,C13 H12 O12,13,12,12,0,0,0,0.0,tannin,0.7361805007239898
440,440,358.0502516,358.0497385,358.0496896,1.076923077,0.846153846,C13 H14 O11 13C1,14,14,11,0,0,1,0.0,lignin,0.8088471786882737
441,441,357.0831944,357.0826837,357.0827202,1.2,0.666666667,C15 H18 O10,15,18,10,0,0,0,0.0,lignin,0.8799889104906293
442,442,357.0469193,357.0464086,357.0463347,1.0,0.785714286,C14 H14 O11,14,14,11,0,0,0,0.0,lignin,0.7992448338696992
443,443,355.0463914,355.0458856,355.0459408,0.666666667,0.444444444,C18 H12 O8,18,12,8,0,0,0,0.0,tannin,0.814897210189444
444,444,353.1609681,353.1604668,353.1605766,1.444444444,0.388888889,C18 H26 O7,18,26,7,0,0,0,0.0,lignin,0.8698070172716017
445,445,353.1246277,353.1241266,353.1241911,1.294117647,0.470588235,C17 H22 O8,17,22,8,0,0,0,0.0,lignin,0.8761712065039632
446,446,353.0883961,353.087895,353.0878056,1.125,0.5625,C16 H18 O9,16,18,9,0,0,0,0.0,lignin,0.9566329214340543
447,447,352.1122259,352.1117271,352.1118959,1.25,0.5,C16 H20 O8 13C1,17,20,8,0,0,1,0.0,lignin,0.8786855782140133
448,448,351.1092098,351.1087135,351.1085411,1.176470588,0.470588235,C17 H20 O8,17,20,8,0,0,0,0.0,lignin,0.885165970370729
449,449,351.0363886,351.0358925,351.0357701,0.8,0.666666667,C15 H12 O10,15,12,10,0,0,0,0.0,tannin,0.8843831718624171
450,450,349.0875072,349.0870157,349.0870178,0.583333333,0.125,C24 H14 O3,24,14,3,0,0,0,0.0,pah,0.971771776993363
451,451,349.0571699,349.0566785,349.0565055,0.875,0.5625,C16 H14 O9,16,14,9,0,0,0,0.0,tannin,0.8819342785169508
452,452,347.0414935,347.0410069,347.0408554,0.75,0.5625,C16 H12 O9,16,12,9,0,0,0,0.0,tannin,0.9008944753895897
453,453,345.0621715,345.0616896,345.0615909,0.823529412,0.470588235,C17 H14 O8,17,14,8,0,0,0,0.0,tannin,0.879963257342743
454,454,345.0256249,345.0251432,345.0252054,0.625,0.5625,C16 H10 O9,16,10,9,0,0,0,0.0,tannin,0.8159151403158436
455,455,343.0463066,343.0458296,343.0459408,0.705882353,0.470588235,C17 H12 O8,17,12,8,0,0,0,0.0,tannin,0.819304528034418
456,456,343.0101688,343.0096918,343.0095553,0.5,0.5625,C16 H8 O9,16,8,9,0,0,0,0.0,pah,0.9714881402203097
457,457,342.128184,342.1277092,342.127546,1.466666667,0.533333333,C15 H22 O8 13C1,16,22,8,0,0,1,0.0,lignin,0.8699244736302753
458,458,341.1610802,341.1606077,341.1605766,1.529411765,0.411764706,C17 H26 O7,17,26,7,0,0,0,0.0,lignin,0.7455866541918553
459,459,341.1246395,341.1241671,341.1241911,1.375,0.5,C16 H22 O8,16,22,8,0,0,0,0.0,lignin,0.8732966204455901
460,460,341.0881852,341.0877129,341.0878056,1.2,0.6,C15 H18 O9,15,18,9,0,0,0,0.0,lignin,0.8808019196856739
461,461,341.0519823,341.05151,341.0514201,1.0,0.714285714,C14 H14 O10,14,14,10,0,0,0,0.0,lignin,0.9587009129567663
462,462,340.2034365,340.2029662,340.2030506,1.35,0.1,C20 H27 O2 N3,20,27,2,0,3,0,0.15,peptide,0.8254803710101022
463,463,335.1503439,335.1498857,335.150012,1.333333333,0.333333333,C18 H24 O6,18,24,6,0,0,0,0.0,lignin,0.8661166067820245
464,464,335.1139996,335.1135415,335.1136264,1.176470588,0.411764706,C17 H20 O7,17,20,7,0,0,0,0.0,lignin,0.8857130332803405
465,465,335.0778428,335.0773847,335.0772409,1.0,0.5,C16 H16 O8,16,16,8,0,0,0,0.0,lignin,0.967808138997418
466,466,333.0622101,333.0617568,333.0615909,0.875,0.5,C16 H14 O8,16,14,8,0,0,0,0.0,tannin,0.8816134017374061
467,467,333.0255902,333.025137,333.0252054,0.666666667,0.6,C15 H10 O9,15,10,9,0,0,0,0.0,tannin,0.8216534000568652
468,468,331.1039226,331.103474,331.1034557,1.428571429,0.642857143,C14 H20 O9,14,20,9,0,0,0,0.0,lignin,0.575993113854784
469,469,331.0674783,331.0670298,331.0670702,1.230769231,0.769230769,C13 H16 O10,13,16,10,0,0,0,0.0,lignin,0.618824138979323
470,470,329.0518726,329.0514288,329.0514201,1.076923077,0.769230769,C13 H14 O10,13,14,10,0,0,0,0.0,lignin,0.9598944253923059
471,471,327.1091361,327.1086968,327.1085411,1.333333333,0.533333333,C15 H20 O8,15,20,8,0,0,0,0.0,lignin,0.8743338598309057
472,472,327.0725538,327.0721146,327.0721556,1.142857143,0.642857143,C14 H16 O9,14,16,9,0,0,0,0.0,lignin,0.9180587384654653
473,473,327.0360461,327.035607,327.0357701,0.923076923,0.769230769,C13 H12 O10,13,12,10,0,0,0,0.0,tannin,0.7247500907719117
474,474,326.187773,326.1873359,326.1874005,1.315789474,0.105263158,C19 H25 O2 N3,19,25,2,0,3,0,0.157894737,peptide,0.827006098665031
475,475,325.0932272,325.0927927,325.092891,1.2,0.533333333,C15 H18 O8,15,18,8,0,0,0,0.0,lignin,0.8823316955924241
476,476,325.056794,325.0563596,325.0565055,1.0,0.642857143,C14 H14 O9,14,14,9,0,0,0,0.0,lignin,0.9664433374847141
477,477,323.1504816,323.1500516,323.150012,1.411764706,0.352941176,C17 H24 O6,17,24,6,0,0,0,0.0,lignin,0.8623340896755121
478,478,323.1139147,323.1134849,323.1136264,1.25,0.4375,C16 H20 O7,16,20,7,0,0,0,0.0,lignin,0.8789328934316695
479,479,321.0619024,321.0614774,321.0615909,0.933333333,0.533333333,C15 H14 O8,15,14,8,0,0,0,0.0,tannin,0.8802053682786551
480,480,319.1554312,319.1550106,319.1550973,1.333333333,0.277777778,C18 H24 O5,18,24,5,0,0,0,0.0,lignin,0.8645844853401355
481,481,319.0099243,319.0095041,319.0095553,0.571428571,0.642857143,C14 H8 O9,14,8,9,0,0,0,0.0,tannin,0.8148225108877678
482,482,317.0881562,317.0877405,317.0878056,1.384615385,0.692307692,C13 H18 O9,13,18,9,0,0,0,0.0,lignin,0.6176342312666854
483,483,317.051862,317.0514463,317.0514201,1.166666667,0.833333333,C12 H14 O10,12,14,10,0,0,0,0.0,lignin,0.6701155998710051
484,484,315.0514253,315.0510143,315.0510262,0.75,0.4375,C16 H12 O7,16,12,7,0,0,0,0.0,tannin,0.8230271566161509
485,485,313.0569689,313.0565625,313.0565055,1.076923077,0.692307692,C13 H14 O9,13,14,9,0,0,0,0.0,lignin,0.9565121477776211
486,486,311.0413123,311.0409106,311.0408554,0.923076923,0.692307692,C13 H12 O9,13,12,9,0,0,0,0.0,tannin,0.879164253250487
487,487,309.0982746,309.0978775,309.0979764,1.2,0.466666667,C15 H18 O7,15,18,7,0,0,0,0.0,lignin,0.8831018441188826
488,488,307.1555159,307.1551233,307.1550973,1.411764706,0.294117647,C17 H24 O5,17,24,5,0,0,0,0.0,lignin,0.8609042426025175
489,489,307.0828213,307.0824288,307.0823263,1.066666667,0.466666667,C15 H16 O7,15,16,7,0,0,0,0.0,lignin,0.9594606177306035
490,490,307.0464757,307.0460833,307.0459408,0.857142857,0.571428571,C14 H12 O8,14,12,8,0,0,0,0.0,tannin,0.8824150991564474
491,491,305.1033048,305.1029169,305.1030618,1.125,0.375,C16 H18 O6,16,18,6,0,0,0,0.0,lignin,0.9593817254152055
492,492,303.0512721,303.0508889,303.0510262,0.8,0.466666667,C15 H12 O7,15,12,7,0,0,0,0.0,tannin,0.8798979401144665
493,493,299.1139649,299.1135907,299.1136264,1.428571429,0.5,C14 H20 O7,14,20,7,0,0,0,0.0,lignin,0.8711198819028315
494,494,299.0412712,299.0408972,299.0408554,1.0,0.75,C12 H12 O9,12,12,9,0,0,0,0.0,lignin,0.9582142379564959
495,495,297.1346119,297.1342423,297.1343619,1.466666667,0.4,C15 H22 O6,15,22,6,0,0,0,0.0,lignin,0.868841257065444
496,496,297.0620474,297.061678,297.0615909,1.076923077,0.615384615,C13 H14 O8,13,14,8,0,0,0,0.0,lignin,0.9577365891919971
497,497,295.0099945,295.0096298,295.0095553,0.666666667,0.75,C12 H8 O9,12,8,9,0,0,0,0.0,tannin,0.9031995224992789
498,498,294.1827352,294.1823723,294.1823151,1.666666667,0.2,C15 H25 O3 N3,15,25,3,0,3,0,0.2,peptide,0.911300540988844
499,499,293.1398065,293.139446,293.1394473,1.375,0.3125,C16 H22 O5,16,22,5,0,0,0,0.0,lignin,0.863058581700429
500,500,291.1241062,291.1237504,291.1237972,1.25,0.3125,C16 H20 O5,16,20,5,0,0,0,0.0,lignin,0.878501987187511
501,501,291.0513128,291.0509571,291.0510262,0.857142857,0.5,C14 H12 O7,14,12,7,0,0,0,0.0,tannin,0.8817214106911827
502,502,289.0358514,289.0355003,289.0353761,0.714285714,0.5,C14 H10 O7,14,10,7,0,0,0,0.0,tannin,0.8217784991137327
503,503,287.0776452,287.0772985,287.0772409,1.333333333,0.666666667,C12 H16 O8,12,16,8,0,0,0,0.0,lignin,0.6632242151297982
504,504,285.1347727,285.1344304,285.1343619,1.571428571,0.428571429,C14 H22 O6,14,22,6,0,0,0,0.0,lignin,0.6048027737056987
505,505,285.0981786,285.0978365,285.0979764,1.384615385,0.538461538,C13 H18 O7,13,18,7,0,0,0,0.0,lignin,0.872562986934829
506,506,283.0461836,283.0458461,283.0459408,1.0,0.666666667,C12 H12 O8,12,12,8,0,0,0,0.0,lignin,0.9662114318864898
507,507,283.0099972,283.0096598,283.0095553,0.727272727,0.818181818,C11 H8 O9,11,8,9,0,0,0,0.0,tannin,0.8880395561172245
508,508,281.1032759,281.1029429,281.1030618,1.285714286,0.428571429,C14 H18 O6,14,18,6,0,0,0,0.0,lignin,0.8765624363313425
509,509,281.0670443,281.0667113,281.0666763,1.076923077,0.538461538,C13 H14 O7,13,14,7,0,0,0,0.0,lignin,0.958514123118188
510,510,279.1240343,279.1237056,279.1237972,1.333333333,0.333333333,C15 H20 O5,15,20,5,0,0,0,0.0,lignin,0.8661166067820245
511,511,279.0878113,279.0874827,279.0874117,1.142857143,0.428571429,C14 H16 O6,14,16,6,0,0,0,0.0,lignin,0.9228857893956848
512,512,277.1085223,277.1081982,277.1081471,1.2,0.333333333,C15 H18 O5,15,18,5,0,0,0,0.0,lignin,0.8836215061060398
513,513,275.0565019,275.0561825,275.0561116,0.857142857,0.428571429,C14 H12 O6,14,12,6,0,0,0,0.0,tannin,0.8796103048836432
514,514,275.020168,275.0198486,275.0197261,0.615384615,0.538461538,C13 H8 O7,13,8,7,0,0,0,0.0,tannin,0.8145015233091286
515,515,273.0983942,273.0980791,273.0979764,1.5,0.583333333,C12 H18 O7,12,18,7,0,0,0,0.0,lignin,0.7474533339925153
516,516,273.0620182,273.0617032,273.0615909,1.272727273,0.727272727,C11 H14 O8,11,14,8,0,0,0,0.0,lignin,0.617976151471981
517,517,271.118998,271.1186874,271.1187118,1.538461538,0.461538462,C13 H20 O6,13,20,6,0,0,0,0.0,lignin,0.865009132751888
518,518,271.082587,271.0822765,271.0823263,1.333333333,0.583333333,C12 H16 O7,12,16,7,0,0,0,0.0,lignin,0.8745603020781274
519,519,271.0462529,271.0459424,271.0459408,1.090909091,0.727272727,C11 H12 O8,11,12,8,0,0,0,0.0,lignin,0.9563504104913259
520,520,269.1398672,269.139561,269.1394473,1.571428571,0.357142857,C14 H22 O5,14,22,5,0,0,0,0.0,lipid,0.8702547636706525
521,521,269.1034706,269.1031644,269.1030618,1.384615385,0.461538462,C13 H18 O6,13,18,6,0,0,0,0.0,lignin,0.8723195464393999
522,522,269.0671042,269.0667982,269.0666763,1.166666667,0.583333333,C12 H14 O7,12,14,7,0,0,0,0.0,lignin,0.8841567184005946
523,523,267.0876962,267.0873946,267.0874117,1.230769231,0.461538462,C13 H16 O6,13,16,6,0,0,0,0.0,lignin,0.8801680447340925
524,524,267.0512941,267.0509926,267.0510262,1.0,0.583333333,C12 H12 O7,12,12,7,0,0,0,0.0,lignin,0.9670243888147484
525,525,267.0149481,267.0146466,267.0146407,0.727272727,0.727272727,C11 H8 O8,11,8,8,0,0,0,0.0,tannin,0.8848282378444832
526,526,266.1513346,266.1510351,266.151015,1.615384615,0.230769231,C13 H21 O3 N3,13,21,3,0,3,0,0.230769231,peptide,0.9123769655955639
527,527,265.1085178,265.1082206,265.1081471,1.285714286,0.357142857,C14 H18 O5,14,18,5,0,0,0,0.0,lignin,0.8761678532568254
528,528,265.0721408,265.0718437,265.0717616,1.076923077,0.461538462,C13 H14 O6,13,14,6,0,0,0,0.0,lignin,0.9592666436131461
529,529,263.1292867,263.1289939,263.1288826,1.333333333,0.266666667,C15 H20 O4,15,20,4,0,0,0,0.0,lignin,0.8643531046476595
530,530,263.0927349,263.0924422,263.0924971,1.142857143,0.357142857,C14 H16 O5,14,16,5,0,0,0,0.0,lignin,0.8899387864660806
531,531,263.0562836,263.055991,263.0561116,0.923076923,0.461538462,C13 H12 O6,13,12,6,0,0,0,0.0,tannin,0.8803741010005701
532,532,261.0407741,261.040486,261.0404615,0.769230769,0.461538462,C13 H10 O6,13,10,6,0,0,0,0.0,tannin,0.9161081334834578
533,533,257.103309,257.1030295,257.1030618,1.5,0.5,C12 H18 O6,12,18,6,0,0,0,0.0,lignin,0.8676829946156379
534,534,255.2332237,255.2329484,255.2329537,2.0,0.125,C16 H32 O2,16,32,2,0,0,0,0.0,lipid,0.8466221097586686
535,535,255.1240148,255.1237398,255.1237972,1.538461538,0.384615385,C13 H20 O5,13,20,5,0,0,0,0.0,lipid,0.5719581519921004
536,536,255.0512457,255.0509708,255.0510262,1.090909091,0.636363636,C11 H12 O7,11,12,7,0,0,0,0.0,lignin,0.9567757616707718
537,537,255.0150233,255.0147485,255.0146407,0.8,0.8,C10 H8 O8,10,8,8,0,0,0,0.0,tannin,0.8858087472966482
538,538,253.1448926,253.1446219,253.1445327,1.571428571,0.285714286,C14 H22 O4,14,22,4,0,0,0,0.0,lipid,0.8700812875910332
539,539,253.1085401,253.1082695,253.1081471,1.384615385,0.384615385,C13 H18 O5,13,18,5,0,0,0,0.0,lignin,0.8651597799122029
540,540,253.0720023,253.0717317,253.0717616,1.166666667,0.5,C12 H14 O6,12,14,6,0,0,0,0.0,lignin,0.8857116784730561
541,541,251.129237,251.1289708,251.1288826,1.428571429,0.285714286,C14 H20 O4,14,20,4,0,0,0,0.0,lignin,0.7368712791281405
542,542,251.0562821,251.056016,251.0561116,1.0,0.5,C12 H12 O6,12,12,6,0,0,0,0.0,lignin,0.967808138997418
543,543,249.0407177,249.040456,249.0404615,0.833333333,0.5,C12 H10 O6,12,10,6,0,0,0,0.0,tannin,0.8809056310801644
544,544,243.0877786,243.08753,243.0874117,1.454545455,0.545454545,C11 H16 O6,11,16,6,0,0,0,0.0,lignin,0.8701747986361525
545,545,241.1083517,241.1081074,241.1081471,1.5,0.416666667,C12 H18 O5,12,18,5,0,0,0,0.0,lignin,0.8678052566348139
546,546,241.0720941,241.0718499,241.0717616,1.272727273,0.545454545,C11 H14 O6,11,14,6,0,0,0,0.0,lignin,0.8771087698294489
547,547,239.0928383,239.0925983,239.0924971,1.333333333,0.416666667,C12 H16 O5,12,16,5,0,0,0,0.0,lignin,0.8688136193249996
548,548,239.0562891,239.0560493,239.0561116,1.090909091,0.545454545,C11 H12 O6,11,12,6,0,0,0,0.0,lignin,0.9581435379013422
549,549,239.0199796,239.0197398,239.0197261,0.8,0.7,C10 H8 O7,10,8,7,0,0,0,0.0,tannin,0.884736928144809
550,550,237.0044256,237.0041902,237.004076,0.6,0.7,C10 H6 O7,10,6,7,0,0,0,0.0,tannin,0.819142021584897
551,551,235.0251118,235.0248807,235.0248114,0.727272727,0.545454545,C11 H8 O6,11,8,6,0,0,0,0.0,tannin,0.9164090957137423
552,552,227.0200194,227.0198056,227.0197261,0.888888889,0.777777778,C9 H8 O7,9,8,7,0,0,0,0.0,tannin,0.8806180077574333
553,553,225.0618997,225.0616901,225.0615909,2.0,1.142857143,C7 H14 O8,7,14,8,0,0,0,0.0,carbohydrate,0.8844142596513154
554,554,225.0407806,225.0405711,225.0404615,1.0,0.6,C10 H10 O6,10,10,6,0,0,0,0.0,lignin,0.9668622554528324
555,555,223.0249106,223.0247054,223.0248114,0.8,0.6,C10 H8 O6,10,8,6,0,0,0,0.0,tannin,0.8830248816816513
556,556,207.0301629,207.0299917,207.0298968,0.8,0.5,C10 H8 O5,10,8,5,0,0,0,0.0,tannin,0.8803221814674643
557,557,195.0301094,195.0299634,195.0298968,0.888888889,0.555555556,C9 H8 O5,9,8,5,0,0,0,0.0,tannin,0.8815392776113194
558,558,191.0198811,191.0197434,191.0197261,1.333333333,1.166666667,C6 H8 O7,6,8,7,0,0,0,0.0,carbohydrate,0.5685589434227463
559,559,179.0561738,179.0560608,179.0561116,2.0,1.0,C6 H12 O6,6,12,6,0,0,0,0.0,carbohydrate,0.8846993903852949
