,m/z,Calibrated m/z,Calculated m/z,H/C,O/C,Molecular Formula,C,H,O,S,N,13C,34S,18O,N/C,compound_class,probability
0,767.2265779,767.2251004,767.2251465,1.419354839,0.709677419,C31 H44 O22,31.0,44.0,22.0,0.0,0.0,0.0,0.0,0.0,0.0,lignin,0.6563859516468403
1,766.2240735,766.2225995,766.2228598,0.840909091,0.181818182,C44 H37 O8 S1 N3,44.0,37.0,8.0,1.0,3.0,0.0,0.0,0.0,0.06818181818181818,lipid,0.7797573996736888
2,724.213569,724.2122407,724.2122951,0.833333333,0.166666667,C42 H35 O7 S1 N3,42.0,35.0,7.0,1.0,3.0,0.0,0.0,0.0,0.07142857142857142,lipid,0.7799114791660909
3,666.059657,666.0585211,666.0584155,0.807692308,0.769230769,C26 H21 O20 N1,26.0,21.0,20.0,0.0,1.0,0.0,0.0,0.0,0.038461538461538464,tannin,0.8746915163498663
4,615.5480805,615.5471028,615.5470177,1.846153846,0.076923077,C39 H72 O3 N2,39.0,72.0,3.0,0.0,2.0,0.0,0.0,0.0,0.05128205128205128,lipid,0.9691316160183927
5,587.5167776,587.5158841,587.5157175,1.837837838,0.081081081,C37 H68 O3 N2,37.0,68.0,3.0,0.0,2.0,0.0,0.0,0.0,0.05405405405405406,lipid,0.969185575927151
6,581.5344441,581.5335683,581.5336763,2.0,0.054054054,C37 H74 O2 S1,37.0,74.0,2.0,1.0,0.0,0.0,0.0,0.0,0.0,lipid,0.9618882114850535
7,579.5188343,579.5179644,579.5180262,1.945945946,0.054054054,C37 H72 O2 S1,37.0,72.0,2.0,1.0,0.0,0.0,0.0,0.0,0.0,lipid,0.9345135565025853
8,565.5395085,565.5386793,565.5387616,2.0,0.027027027,C37 H74 O1 S1,37.0,74.0,1.0,1.0,0.0,0.0,0.0,0.0,0.0,lipid,0.9344775043687662
9,563.5238425,563.5230191,563.5231116,1.945945946,0.027027027,C37 H72 O1 S1,37.0,72.0,1.0,1.0,0.0,0.0,0.0,0.0,0.0,lipid,0.9243288862741643
10,553.5030127,553.5022181,553.5023761,2.0,0.057142857,C35 H70 O2 S1,35.0,70.0,2.0,1.0,0.0,0.0,0.0,0.0,0.0,lipid,0.9618870787914876
11,551.4875099,551.486721,551.4867261,1.942857143,0.057142857,C35 H68 O2 S1,35.0,68.0,2.0,1.0,0.0,0.0,0.0,0.0,0.0,lipid,0.9345135093585653
12,549.2346401,549.2338576,549.2336224,0.731707317,0.0,C41 H30 N2,41.0,30.0,0.0,0.0,2.0,0.0,0.0,0.0,0.04878048780487805,pah,0.9792246135351576
13,537.5081968,537.5074474,537.5074615,2.0,0.028571429,C35 H70 O1 S1,35.0,70.0,1.0,1.0,0.0,0.0,0.0,0.0,0.0,lipid,0.9344754116325248
14,535.4925691,535.4918253,535.4918115,1.942857143,0.028571429,C35 H68 O1 S1,35.0,68.0,1.0,1.0,0.0,0.0,0.0,0.0,0.0,lipid,0.9243312956562593
15,533.2401357,533.2393982,533.2392209,1.357142857,0.357142857,C28 H38 O10,28.0,38.0,10.0,0.0,0.0,0.0,0.0,0.0,0.0,lignin,0.970472138133822
16,531.2605958,531.2598638,531.2599563,1.379310345,0.310344828,C29 H40 O9,29.0,40.0,9.0,0.0,0.0,0.0,0.0,0.0,0.0,lignin,0.9704398641119418
17,529.3059351,529.3052085,529.3051924,2.083333333,0.416666667,C24 H50 O10 S1,24.0,50.0,10.0,1.0,0.0,0.0,0.0,0.0,0.0,lipid,0.91862571845717
18,529.2806749,529.2799484,529.2800403,2.090909091,0.454545455,C22 H46 O10 S1 N2,22.0,46.0,10.0,1.0,2.0,0.0,0.0,0.0,0.09090909090909091,amino_sugar,0.7789205518839046
19,519.2242251,519.2235263,519.2235708,1.333333333,0.37037037,C27 H36 O10,27.0,36.0,10.0,0.0,0.0,0.0,0.0,0.0,0.0,lignin,0.9705146344371822
20,517.2449114,517.244218,517.2443063,1.357142857,0.321428571,C28 H38 O9,28.0,38.0,9.0,0.0,0.0,0.0,0.0,0.0,0.0,lignin,0.9704784928379565
21,509.2037335,509.203062,509.2028354,1.36,0.44,C25 H34 O11,25.0,34.0,11.0,0.0,0.0,0.0,0.0,0.0,0.0,lignin,0.9805921477299702
22,505.208528,505.2078673,505.2079208,1.307692308,0.384615385,C26 H34 O10,26.0,34.0,10.0,0.0,0.0,0.0,0.0,0.0,0.0,lignin,0.9705624045288331
23,505.1718797,505.1712191,505.1710222,0.578947368,0.0,C38 H22 N2,38.0,22.0,0.0,0.0,2.0,0.0,0.0,0.0,0.05263157894736842,pah,0.9737376859976479
24,487.1978292,487.1972166,487.1973561,1.230769231,0.346153846,C26 H32 O9,26.0,32.0,9.0,0.0,0.0,0.0,0.0,0.0,0.0,lignin,0.970732663267999
25,485.2796544,485.2790468,485.2789777,2.090909091,0.409090909,C22 H46 O9 S1,22.0,46.0,9.0,1.0,0.0,0.0,0.0,0.0,0.0,lipid,0.9186229904113642
26,485.0729538,485.0723468,485.0725495,0.782608696,0.52173913,C23 H18 O12,23.0,18.0,12.0,0.0,0.0,0.0,0.0,0.0,0.0,tannin,0.932050296718453
27,483.1877268,483.1871246,483.1871853,1.391304348,0.47826087,C23 H32 O11,23.0,32.0,11.0,0.0,0.0,0.0,0.0,0.0,0.0,lignin,0.957362086148429
28,481.1722856,481.1716887,481.1715353,1.304347826,0.47826087,C23 H30 O11,23.0,30.0,11.0,0.0,0.0,0.0,0.0,0.0,0.0,lignin,0.9574570094174163
29,481.1354615,481.1348648,481.1346367,0.514285714,0.028571429,C35 H18 O1 N2,35.0,18.0,1.0,0.0,2.0,0.0,0.0,0.0,0.05714285714285714,pah,0.9733932216084445
30,473.1823302,473.1817542,473.181706,1.2,0.36,C25 H30 O9,25.0,30.0,9.0,0.0,0.0,0.0,0.0,0.0,0.0,lignin,0.9708047047466829
31,469.2844595,469.2838935,469.2840631,2.090909091,0.363636364,C22 H46 O8 S1,22.0,46.0,8.0,1.0,0.0,0.0,0.0,0.0,0.0,lipid,0.9182964853232081
32,469.0991116,469.0985461,469.0987642,1.1,0.65,C20 H22 O13,20.0,22.0,13.0,0.0,0.0,0.0,0.0,0.0,0.0,lignin,0.9913238648701597
33,467.1929215,467.1923609,467.1922707,1.391304348,0.434782609,C23 H32 O10,23.0,32.0,10.0,0.0,0.0,0.0,0.0,0.0,0.0,lignin,0.9703939116328215
34,465.1771336,465.1765783,465.1766206,1.304347826,0.434782609,C23 H30 O10,23.0,30.0,10.0,0.0,0.0,0.0,0.0,0.0,0.0,lignin,0.9806555457609148
35,465.1409365,465.1403812,465.1402351,1.181818182,0.5,C22 H26 O11,22.0,26.0,11.0,0.0,0.0,0.0,0.0,0.0,0.0,lignin,0.957598781277099
36,463.1614742,463.160924,463.1609706,1.217391304,0.434782609,C23 H28 O10,23.0,28.0,10.0,0.0,0.0,0.0,0.0,0.0,0.0,lignin,0.9575810153778829
37,463.1252893,463.1247392,463.1245851,1.090909091,0.5,C22 H24 O11,22.0,24.0,11.0,0.0,0.0,0.0,0.0,0.0,0.0,lignin,0.9914304820391682
38,461.1824399,461.1818948,461.181706,1.25,0.375,C24 H30 O9,24.0,30.0,9.0,0.0,0.0,0.0,0.0,0.0,0.0,lignin,0.9706880124457236
39,461.1457486,461.1452035,461.1453205,1.130434783,0.434782609,C23 H26 O10,23.0,26.0,10.0,0.0,0.0,0.0,0.0,0.0,0.0,lignin,0.9576989400828803
40,459.1665377,459.1659977,459.1660559,1.166666667,0.375,C24 H28 O9,24.0,28.0,9.0,0.0,0.0,0.0,0.0,0.0,0.0,lignin,0.9717481064890935
41,456.1034923,456.1029601,456.1030022,0.454545455,0.060606061,C33 H15 O2 N1,33.0,15.0,2.0,0.0,1.0,0.0,0.0,0.0,0.030303030303030304,pah,0.9727854632789963
42,455.1565565,455.1560267,455.1558852,1.333333333,0.523809524,C21 H28 O11,21.0,28.0,11.0,0.0,0.0,0.0,0.0,0.0,0.0,lignin,0.9574068007572158
43,455.1199059,455.1193762,455.1194997,1.2,0.6,C20 H24 O12,20.0,24.0,12.0,0.0,0.0,0.0,0.0,0.0,0.0,lignin,0.9575313796812794
44,453.2134342,453.2129093,453.2130061,1.47826087,0.391304348,C23 H34 O9,23.0,34.0,9.0,0.0,0.0,0.0,0.0,0.0,0.0,lignin,0.9626370195974683
45,453.0676889,453.0671644,453.066951,0.3125,0.0625,C32 H10 O2 N2,32.0,10.0,2.0,0.0,2.0,0.0,0.0,0.0,0.0625,pah,0.972806615050643
46,451.1976524,451.1971326,451.1973561,1.391304348,0.391304348,C23 H32 O9,23.0,32.0,9.0,0.0,0.0,0.0,0.0,0.0,0.0,lignin,0.970402940706507
47,451.1616187,451.161099,451.1609706,1.272727273,0.454545455,C22 H28 O10,22.0,28.0,10.0,0.0,0.0,0.0,0.0,0.0,0.0,lignin,0.9575036931025483
48,451.0522306,451.0517112,451.051814,0.842105263,0.684210526,C19 H16 O13,19.0,16.0,13.0,0.0,0.0,0.0,0.0,0.0,0.0,tannin,0.930500981808817
49,449.2186905,449.2181757,449.2180915,1.416666667,0.333333333,C24 H34 O8,24.0,34.0,8.0,0.0,0.0,0.0,0.0,0.0,0.0,lignin,0.9703711751726534
50,449.182155,449.1816403,449.181706,1.304347826,0.391304348,C23 H30 O9,23.0,30.0,9.0,0.0,0.0,0.0,0.0,0.0,0.0,lignin,0.9705676084657199
51,447.2030311,447.2025214,447.2024415,1.333333333,0.333333333,C24 H32 O8,24.0,32.0,8.0,0.0,0.0,0.0,0.0,0.0,0.0,lignin,0.9705216520931718
52,447.1665539,447.1660442,447.1660559,1.217391304,0.391304348,C23 H28 O9,23.0,28.0,9.0,0.0,0.0,0.0,0.0,0.0,0.0,lignin,0.9707604888658729
53,445.2234634,445.2229586,445.2231769,1.36,0.28,C25 H34 O7,25.0,34.0,7.0,0.0,0.0,0.0,0.0,0.0,0.0,lignin,0.9704824089820965
54,445.0780072,445.0775028,445.0776349,0.857142857,0.523809524,C21 H18 O11,21.0,18.0,11.0,0.0,0.0,0.0,0.0,0.0,0.0,tannin,0.9315837089471369
55,441.0678084,441.067314,441.0674641,1.0,0.722222222,C18 H18 O13,18.0,18.0,13.0,0.0,0.0,0.0,0.0,0.0,0.0,lignin,0.8106390159669618
56,439.1977497,439.19726,439.1973561,1.454545455,0.409090909,C22 H32 O9,22.0,32.0,9.0,0.0,0.0,0.0,0.0,0.0,0.0,lignin,0.9702948931717568
57,439.1614475,439.1609578,439.1609706,1.333333333,0.476190476,C21 H28 O10,21.0,28.0,10.0,0.0,0.0,0.0,0.0,0.0,0.0,lignin,0.957425112508238
58,439.0524633,439.0519739,439.051814,0.888888889,0.722222222,C18 H16 O13,18.0,16.0,13.0,0.0,0.0,0.0,0.0,0.0,0.0,tannin,0.9301780868378137
59,437.18205,437.1815653,437.181706,1.363636364,0.409090909,C22 H30 O9,22.0,30.0,9.0,0.0,0.0,0.0,0.0,0.0,0.0,lignin,0.9704486305660213
60,437.146001,437.1455163,437.1453205,1.238095238,0.476190476,C21 H26 O10,21.0,26.0,10.0,0.0,0.0,0.0,0.0,0.0,0.0,lignin,0.9575369702492136
61,435.2028811,435.2024012,435.2024415,1.391304348,0.347826087,C23 H32 O8,23.0,32.0,8.0,0.0,0.0,0.0,0.0,0.0,0.0,lignin,0.970412044562082
62,435.1664297,435.1659499,435.1660559,1.272727273,0.409090909,C22 H28 O9,22.0,28.0,9.0,0.0,0.0,0.0,0.0,0.0,0.0,lignin,0.9706298437847332
63,435.0572431,435.0567636,435.0568994,0.842105263,0.631578947,C19 H16 O12,19.0,16.0,12.0,0.0,0.0,0.0,0.0,0.0,0.0,tannin,0.9306212513361345
64,433.2235136,433.2230386,433.2231769,1.416666667,0.291666667,C24 H34 O7,24.0,34.0,7.0,0.0,0.0,0.0,0.0,0.0,0.0,lignin,0.9703779248628759
65,433.1874721,433.1869972,433.1867914,1.304347826,0.347826087,C23 H30 O8,23.0,30.0,8.0,0.0,0.0,0.0,0.0,0.0,0.0,lignin,0.9705766864811309
66,433.0418793,433.0414048,433.0412494,0.736842105,0.631578947,C19 H14 O12,19.0,14.0,12.0,0.0,0.0,0.0,0.0,0.0,0.0,tannin,0.931961896749874
67,431.1717429,431.1712729,431.1711413,1.217391304,0.347826087,C23 H28 O8,23.0,28.0,8.0,0.0,0.0,0.0,0.0,0.0,0.0,lignin,0.9707647327032719
68,431.1350725,431.1346027,431.1347558,1.090909091,0.409090909,C22 H24 O9,22.0,24.0,9.0,0.0,0.0,0.0,0.0,0.0,0.0,lignin,0.9869937330003488
69,429.1042168,429.103752,429.1038496,1.222222222,0.666666667,C18 H22 O12,18.0,22.0,12.0,0.0,0.0,0.0,0.0,0.0,0.0,lignin,0.957476103703268
70,429.0831476,429.0826828,429.0827202,0.857142857,0.476190476,C21 H18 O10,21.0,18.0,10.0,0.0,0.0,0.0,0.0,0.0,0.0,tannin,0.9317143127227542
71,429.0680369,429.0675721,429.0674641,1.058823529,0.764705882,C17 H18 O13,17.0,18.0,13.0,0.0,0.0,0.0,0.0,0.0,0.0,lignin,0.9946946248960942
72,427.1979386,427.1974784,427.1973561,1.523809524,0.428571429,C21 H32 O9,21.0,32.0,9.0,0.0,0.0,0.0,0.0,0.0,0.0,lignin,0.9625590771363933
73,427.0885719,427.0881119,427.0881995,1.111111111,0.666666667,C18 H20 O12,18.0,20.0,12.0,0.0,0.0,0.0,0.0,0.0,0.0,lignin,0.991320319178099
74,427.0522316,427.0517718,427.051814,0.941176471,0.764705882,C17 H16 O13,17.0,16.0,13.0,0.0,0.0,0.0,0.0,0.0,0.0,tannin,0.9298262372081624
75,425.0728027,425.0723477,425.0725495,1.0,0.666666667,C18 H18 O12,18.0,18.0,12.0,0.0,0.0,0.0,0.0,0.0,0.0,lignin,0.8106740605428213
76,423.1300503,423.1296,423.1296704,1.2,0.5,C20 H24 O10,20.0,24.0,10.0,0.0,0.0,0.0,0.0,0.0,0.0,lignin,0.9575749923485422
77,423.0936591,423.0932089,423.0932849,1.052631579,0.578947368,C19 H20 O11,19.0,20.0,11.0,0.0,0.0,0.0,0.0,0.0,0.0,lignin,0.99419669557637
78,421.1871436,421.1866981,421.1867914,1.363636364,0.363636364,C22 H30 O8,22.0,30.0,8.0,0.0,0.0,0.0,0.0,0.0,0.0,lignin,0.9704586138328766
79,421.1510302,421.1505847,421.1504059,1.238095238,0.428571429,C21 H26 O9,21.0,26.0,9.0,0.0,0.0,0.0,0.0,0.0,0.0,lignin,0.952195427428481
80,421.0415569,421.0411117,421.0412494,0.777777778,0.666666667,C18 H14 O12,18.0,14.0,12.0,0.0,0.0,0.0,0.0,0.0,0.0,tannin,0.930880276043559
81,419.1350472,419.1346066,419.1347558,1.142857143,0.428571429,C21 H24 O9,21.0,24.0,9.0,0.0,0.0,0.0,0.0,0.0,0.0,lignin,0.957683999914489
82,417.1194107,417.1189749,417.1191058,1.047619048,0.428571429,C21 H22 O9,21.0,22.0,9.0,0.0,0.0,0.0,0.0,0.0,0.0,lignin,0.9953258288869495
83,417.0833487,417.082913,417.0827202,0.9,0.5,C20 H18 O10,20.0,18.0,10.0,0.0,0.0,0.0,0.0,0.0,0.0,tannin,0.9313489741677448
84,415.1400876,415.1396566,415.1398412,1.090909091,0.363636364,C22 H24 O8,22.0,24.0,8.0,0.0,0.0,0.0,0.0,0.0,0.0,lignin,0.9720155475660308
85,415.1248329,415.1244019,415.1245851,1.333333333,0.611111111,C18 H24 O11,18.0,24.0,11.0,0.0,0.0,0.0,0.0,0.0,0.0,lignin,0.9497707787314267
86,415.1168105,415.1163796,415.1162099,0.689655172,0.034482759,C29 H20 O1 S1,29.0,20.0,1.0,1.0,0.0,0.0,0.0,0.0,0.0,pah,0.973435106468661
87,415.1039772,415.1035463,415.1034557,0.952380952,0.428571429,C21 H20 O9,21.0,20.0,9.0,0.0,0.0,0.0,0.0,0.0,0.0,lignin,0.5950496265987245
88,413.2396011,413.2391747,413.2392209,2.111111111,0.555555556,C18 H38 O10,18.0,38.0,10.0,0.0,0.0,0.0,0.0,0.0,0.0,carbohydrate,0.7727826148765431
89,413.1820746,413.1816484,413.181706,1.5,0.45,C20 H30 O9,20.0,30.0,9.0,0.0,0.0,0.0,0.0,0.0,0.0,lignin,0.9625920413487494
90,413.1457798,413.1453536,413.1453205,1.368421053,0.526315789,C19 H26 O10,19.0,26.0,10.0,0.0,0.0,0.0,0.0,0.0,0.0,lignin,0.9573682742223808
91,413.0364841,413.0360581,413.036164,0.875,0.8125,C16 H14 O13,16.0,14.0,13.0,0.0,0.0,0.0,0.0,0.0,0.0,tannin,0.9300913490495836
92,411.0935764,411.0931552,411.0932849,1.111111111,0.611111111,C18 H20 O11,18.0,20.0,11.0,0.0,0.0,0.0,0.0,0.0,0.0,lignin,0.9913578740202895
93,409.1871856,409.1867689,409.1867914,1.428571429,0.380952381,C21 H30 O8,21.0,30.0,8.0,0.0,0.0,0.0,0.0,0.0,0.0,lignin,0.9703418757515022
94,409.0779033,409.0774869,409.0776349,1.0,0.611111111,C18 H18 O11,18.0,18.0,11.0,0.0,0.0,0.0,0.0,0.0,0.0,lignin,0.9698735544457693
95,409.0417991,409.0413827,409.0412494,0.823529412,0.705882353,C17 H14 O12,17.0,14.0,12.0,0.0,0.0,0.0,0.0,0.0,0.0,tannin,0.9305490020256073
96,408.1748949,408.1744806,408.1744962,1.4,0.4,C20 H28 O8 13C1,20.0,28.0,8.0,0.0,0.0,1.0,0.0,0.0,0.0,lignin,0.9703860687655548
97,407.2078457,407.2074337,407.2075268,1.454545455,0.318181818,C22 H32 O7,22.0,32.0,7.0,0.0,0.0,0.0,0.0,0.0,0.0,lignin,0.7898437263747677
98,407.1717513,407.1713394,407.1711413,1.333333333,0.380952381,C21 H28 O8,21.0,28.0,8.0,0.0,0.0,0.0,0.0,0.0,0.0,lignin,0.9705121679688216
99,407.0622813,407.0618697,407.0619848,0.888888889,0.611111111,C18 H16 O11,18.0,16.0,11.0,0.0,0.0,0.0,0.0,0.0,0.0,tannin,0.9303928530166097
100,405.1194377,405.1190307,405.1191058,1.1,0.45,C20 H22 O9,20.0,22.0,9.0,0.0,0.0,0.0,0.0,0.0,0.0,lignin,0.9915314990583756
101,405.0831774,405.0827705,405.0827202,0.947368421,0.526315789,C19 H18 O10,19.0,18.0,10.0,0.0,0.0,0.0,0.0,0.0,0.0,tannin,0.9309336836859318
102,403.1766259,403.1762235,403.1762267,1.272727273,0.318181818,C22 H28 O7,22.0,28.0,7.0,0.0,0.0,0.0,0.0,0.0,0.0,lignin,0.9706435361634138
103,403.1403466,403.1399443,403.1398412,1.142857143,0.380952381,C21 H24 O8,21.0,24.0,8.0,0.0,0.0,0.0,0.0,0.0,0.0,lignin,0.9718119847916464
104,403.0310568,403.0306548,403.0306847,0.666666667,0.611111111,C18 H12 O11,18.0,12.0,11.0,0.0,0.0,0.0,0.0,0.0,0.0,tannin,0.9324117587192671
105,401.137442,401.1370444,401.1369454,0.75862069,0.0,C29 H22 S1,29.0,22.0,0.0,1.0,0.0,0.0,0.0,0.0,0.0,pah,0.9741195797386787
106,401.1244484,401.1240509,401.1241911,1.047619048,0.380952381,C21 H22 O8,21.0,22.0,8.0,0.0,0.0,0.0,0.0,0.0,0.0,lignin,0.9901713493668318
107,401.1093171,401.1089196,401.108935,1.294117647,0.647058824,C17 H22 O11,17.0,22.0,11.0,0.0,0.0,0.0,0.0,0.0,0.0,lignin,0.957402043816761
108,399.1299035,399.1295107,399.1296704,1.333333333,0.555555556,C18 H24 O10,18.0,24.0,10.0,0.0,0.0,0.0,0.0,0.0,0.0,lignin,0.9573946472279158
109,399.1218057,399.1214129,399.1212953,0.689655172,0.0,C29 H20 S1,29.0,20.0,0.0,1.0,0.0,0.0,0.0,0.0,0.0,pah,0.9735201393791373
110,397.3879063,397.3875175,397.3873464,2.076923077,0.0,C26 H54 S1,26.0,54.0,0.0,1.0,0.0,0.0,0.0,0.0,0.0,lipid,0.9618677796001854
111,397.2446313,397.2442429,397.2443063,2.111111111,0.5,C18 H38 O9,18.0,38.0,9.0,0.0,0.0,0.0,0.0,0.0,0.0,lipid,0.6319480438750158
112,397.150794,397.1504058,397.1504059,1.368421053,0.473684211,C19 H26 O9,19.0,26.0,9.0,0.0,0.0,0.0,0.0,0.0,0.0,lignin,0.957387864619243
113,397.041606,397.041218,397.0412494,0.875,0.75,C16 H14 O12,16.0,14.0,12.0,0.0,0.0,0.0,0.0,0.0,0.0,tannin,0.9302000227431257
114,396.2781463,396.2777601,396.2777795,1.24137931,0.0,C29 H36 13C1,29.0,36.0,0.0,0.0,0.0,1.0,0.0,0.0,0.0,lipid,0.933515582752686
115,395.2747133,395.2743295,395.2744246,1.2,0.0,C30 H36,30.0,36.0,0.0,0.0,0.0,0.0,0.0,0.0,0.0,lipid,0.8892362883625916
116,395.2290248,395.2286411,395.2286562,2.0,0.5,C18 H36 O9,18.0,36.0,9.0,0.0,0.0,0.0,0.0,0.0,0.0,lipid,0.6319146255259092
117,395.2078244,395.2074407,395.2075268,1.523809524,0.333333333,C21 H32 O7,21.0,32.0,7.0,0.0,0.0,0.0,0.0,0.0,0.0,lipid,0.9244946297139827
118,395.0985982,395.0982148,395.0983703,1.111111111,0.555555556,C18 H20 O10,18.0,20.0,10.0,0.0,0.0,0.0,0.0,0.0,0.0,lignin,0.9914171047786311
119,395.0774811,395.0770977,395.0772409,0.761904762,0.380952381,C21 H16 O8,21.0,16.0,8.0,0.0,0.0,0.0,0.0,0.0,0.0,tannin,0.9326643291995443
120,394.1594134,394.1590322,394.1588461,1.368421053,0.421052632,C19 H26 O8 13C1,19.0,26.0,8.0,0.0,0.0,1.0,0.0,0.0,0.0,lignin,0.9704373245856244
121,393.19234,393.1919611,393.1918768,1.428571429,0.333333333,C21 H30 O7,21.0,30.0,7.0,0.0,0.0,0.0,0.0,0.0,0.0,lignin,0.9703512197670243
122,393.1557821,393.1554033,393.1554913,1.3,0.4,C20 H26 O8,20.0,26.0,8.0,0.0,0.0,0.0,0.0,0.0,0.0,lignin,0.970574410874184
123,393.0832553,393.0828766,393.0827202,1.0,0.555555556,C18 H18 O10,18.0,18.0,10.0,0.0,0.0,0.0,0.0,0.0,0.0,lignin,0.9701905112837256
124,393.0467517,393.0463731,393.0463347,0.823529412,0.647058824,C17 H14 O11,17.0,14.0,11.0,0.0,0.0,0.0,0.0,0.0,0.0,tannin,0.9306864567902388
125,391.1764936,391.1761194,391.1762267,1.333333333,0.333333333,C21 H28 O7,21.0,28.0,7.0,0.0,0.0,0.0,0.0,0.0,0.0,lignin,0.9705216520931718
126,391.0672996,391.0669256,391.0670702,0.888888889,0.555555556,C18 H16 O10,18.0,16.0,10.0,0.0,0.0,0.0,0.0,0.0,0.0,tannin,0.9313000725858922
127,389.1971716,389.196802,389.1969622,1.363636364,0.272727273,C22 H30 O6,22.0,30.0,6.0,0.0,0.0,0.0,0.0,0.0,0.0,lignin,0.9704685770682324
128,389.1246896,389.1243202,389.1241911,1.1,0.4,C20 H22 O8,20.0,22.0,8.0,0.0,0.0,0.0,0.0,0.0,0.0,lignin,0.9771818407333939
129,389.0881066,389.0877372,389.0878056,0.947368421,0.473684211,C19 H18 O9,19.0,18.0,9.0,0.0,0.0,0.0,0.0,0.0,0.0,tannin,0.9310116284936001
130,387.1662436,387.1658787,387.1660559,1.555555556,0.5,C18 H28 O9,18.0,28.0,9.0,0.0,0.0,0.0,0.0,0.0,0.0,lignin,0.9495645350489671
131,387.1452286,387.1448637,387.1449266,1.142857143,0.333333333,C21 H24 O7,21.0,24.0,7.0,0.0,0.0,0.0,0.0,0.0,0.0,lignin,0.971825438528701
132,387.0725224,387.0721577,387.0721556,0.842105263,0.473684211,C19 H16 O9,19.0,16.0,9.0,0.0,0.0,0.0,0.0,0.0,0.0,tannin,0.9318252842285719
133,385.1506145,385.1502542,385.1504059,1.444444444,0.5,C18 H26 O9,18.0,26.0,9.0,0.0,0.0,0.0,0.0,0.0,0.0,lignin,0.9496806529483217
134,385.0566758,385.0563157,385.0565055,0.736842105,0.473684211,C19 H14 O9,19.0,14.0,9.0,0.0,0.0,0.0,0.0,0.0,0.0,tannin,0.9325150963027722
135,385.0414529,385.0410928,385.0412494,0.933333333,0.8,C15 H14 O12,15.0,14.0,12.0,0.0,0.0,0.0,0.0,0.0,0.0,tannin,0.929821441984329
136,383.1714247,383.171069,383.1711413,1.473684211,0.421052632,C19 H28 O8,19.0,28.0,8.0,0.0,0.0,0.0,0.0,0.0,0.0,lignin,0.9626392329942701
137,383.1352933,383.1349376,383.1347558,1.333333333,0.5,C18 H24 O9,18.0,24.0,9.0,0.0,0.0,0.0,0.0,0.0,0.0,lignin,0.957415927341858
138,383.0775842,383.0772287,383.0772409,0.8,0.4,C20 H16 O8,20.0,16.0,8.0,0.0,0.0,0.0,0.0,0.0,0.0,tannin,0.9323832229764062
139,382.2349848,382.2346312,382.2347446,1.736842105,0.263157895,C19 H33 O5 N3,19.0,33.0,5.0,0.0,3.0,0.0,0.0,0.0,0.15789473684210525,lipid,0.8909355666820158
140,382.1227341,382.1223808,382.1224606,1.294117647,0.529411765,C17 H22 O9 13C1,17.0,22.0,9.0,0.0,0.0,1.0,0.0,0.0,0.0,lignin,0.9574483750334736
141,381.1922952,381.1919441,381.1918768,1.5,0.35,C20 H30 O7,20.0,30.0,7.0,0.0,0.0,0.0,0.0,0.0,0.0,lipid,0.9245068939467698
142,381.1193357,381.1189847,381.1191058,1.222222222,0.5,C18 H22 O9,18.0,22.0,9.0,0.0,0.0,0.0,0.0,0.0,0.0,lignin,0.9575466569249886
143,380.2387879,380.2384389,380.2383735,1.107142857,0.0,C28 H31 N1,28.0,31.0,0.0,0.0,1.0,0.0,0.0,0.0,0.03571428571428571,lipid,0.8646535469829228
144,380.1441219,380.1437731,380.1438216,1.095238095,0.095238095,C21 H23 O2 S1 N3,21.0,23.0,2.0,1.0,3.0,0.0,0.0,0.0,0.14285714285714285,peptide,0.972307108566285
145,379.1764692,379.1761227,379.1762267,1.4,0.35,C20 H28 O7,20.0,28.0,7.0,0.0,0.0,0.0,0.0,0.0,0.0,lignin,0.9703963640481238
146,379.1036892,379.1033428,379.1034557,1.111111111,0.5,C18 H20 O9,18.0,20.0,9.0,0.0,0.0,0.0,0.0,0.0,0.0,lignin,0.9920018107218214
147,377.1971191,377.1967771,377.1969622,1.428571429,0.285714286,C21 H30 O6,21.0,30.0,6.0,0.0,0.0,0.0,0.0,0.0,0.0,lipid,0.9313482057878314
148,377.1246236,377.1242817,377.1241911,1.157894737,0.421052632,C19 H22 O8,19.0,22.0,8.0,0.0,0.0,0.0,0.0,0.0,0.0,lignin,0.9523434611001191
149,377.0882067,377.0878649,377.0878056,1.0,0.5,C18 H18 O9,18.0,18.0,9.0,0.0,0.0,0.0,0.0,0.0,0.0,lignin,0.9705727182112669
150,376.2793546,376.2790147,376.2791929,1.772727273,0.0,C22 H39 S1 N3,22.0,39.0,0.0,1.0,3.0,0.0,0.0,0.0,0.13636363636363635,peptide,0.9718768162438387
151,375.1451721,375.1448348,375.1449266,1.2,0.35,C20 H24 O7,20.0,24.0,7.0,0.0,0.0,0.0,0.0,0.0,0.0,lignin,0.9716659184002339
152,375.0572154,375.0568783,375.0568994,1.142857143,0.857142857,C14 H16 O12,14.0,16.0,12.0,0.0,0.0,0.0,0.0,0.0,0.0,lignin,0.7989946306266267
153,373.1294996,373.1291668,373.1292765,1.1,0.35,C20 H22 O7,20.0,22.0,7.0,0.0,0.0,0.0,0.0,0.0,0.0,lignin,0.9719950517795273
154,373.1141868,373.1138541,373.1140204,1.375,0.625,C16 H22 O10,16.0,22.0,10.0,0.0,0.0,0.0,0.0,0.0,0.0,lignin,0.9497154612606092
155,373.0664028,373.0660702,373.0658884,0.344827586,0.034482759,C29 H10 O1,29.0,10.0,1.0,0.0,0.0,0.0,0.0,0.0,0.0,pah,0.9723794091402315
156,371.1349842,371.134656,371.1347558,1.411764706,0.529411765,C17 H24 O9,17.0,24.0,9.0,0.0,0.0,0.0,0.0,0.0,0.0,lignin,0.9497072508858404
157,371.1139368,371.1136086,371.1136264,1.0,0.35,C20 H20 O7,20.0,20.0,7.0,0.0,0.0,0.0,0.0,0.0,0.0,lignin,0.9730414623016458
158,370.2167136,370.2163875,370.216361,2.266666667,0.6,C15 H34 O9 13C1,15.0,34.0,9.0,0.0,0.0,1.0,0.0,0.0,0.0,carbohydrate,0.7969251947697458
159,369.2133724,369.2130485,369.2130061,2.125,0.5625,C16 H34 O9,16.0,34.0,9.0,0.0,0.0,0.0,0.0,0.0,0.0,carbohydrate,0.7727796618587888
160,369.155731,369.1554073,369.1554913,1.444444444,0.444444444,C18 H26 O8,18.0,26.0,8.0,0.0,0.0,0.0,0.0,0.0,0.0,lignin,0.9626840084127437
161,369.128089,369.1277653,369.1278372,1.1,0.15,C20 H22 O3 S1 N2,20.0,22.0,3.0,1.0,2.0,0.0,0.0,0.0,0.1,peptide,0.9726792972528242
162,369.0829934,369.0826698,369.0827202,1.125,0.625,C16 H18 O10,16.0,18.0,10.0,0.0,0.0,0.0,0.0,0.0,0.0,lignin,0.9913726837287763
163,369.0618207,369.0614971,369.0615909,0.736842105,0.421052632,C19 H14 O8,19.0,14.0,8.0,0.0,0.0,0.0,0.0,0.0,0.0,tannin,0.9326732781518372
164,368.2388149,368.2384933,368.2383735,1.148148148,0.0,C27 H31 N1,27.0,31.0,0.0,0.0,1.0,0.0,0.0,0.0,0.037037037037037035,lipid,0.8752065560449553
165,367.2435842,367.2432647,367.2431245,1.142857143,0.0,C28 H32,28.0,32.0,0.0,0.0,0.0,0.0,0.0,0.0,0.0,lipid,0.6790464171426178
166,367.1400292,367.13971,367.1398412,1.333333333,0.444444444,C18 H24 O8,18.0,24.0,8.0,0.0,0.0,0.0,0.0,0.0,0.0,lignin,0.9574374026543786
167,367.0672122,367.0668932,367.0670702,1.0,0.625,C16 H16 O10,16.0,16.0,10.0,0.0,0.0,0.0,0.0,0.0,0.0,lignin,0.96980269662742
168,366.2498622,366.2495449,366.249726,2.176470588,0.411764706,C17 H37 O7 N1,17.0,37.0,7.0,0.0,1.0,0.0,0.0,0.0,0.058823529411764705,lipid,0.7777208621204309
169,365.0882408,365.0879262,365.0878056,1.058823529,0.529411765,C17 H18 O9,17.0,18.0,9.0,0.0,0.0,0.0,0.0,0.0,0.0,lignin,0.9943440637990335
170,365.0517643,365.0514498,365.0514201,0.875,0.625,C16 H14 O10,16.0,14.0,10.0,0.0,0.0,0.0,0.0,0.0,0.0,tannin,0.930447142345165
171,363.2138374,363.213527,363.2136748,2.0,0.4375,C16 H32 O7 N2,16.0,32.0,7.0,0.0,2.0,0.0,0.0,0.0,0.125,amino_sugar,0.6275124027473268
172,363.1087911,363.108481,363.1085411,1.111111111,0.444444444,C18 H20 O8,18.0,20.0,8.0,0.0,0.0,0.0,0.0,0.0,0.0,lignin,0.9920106800062157
173,363.0359143,363.0356043,363.0357701,0.75,0.625,C16 H12 O10,16.0,12.0,10.0,0.0,0.0,0.0,0.0,0.0,0.0,tannin,0.9319119337700006
174,361.1060845,361.1057788,361.1056452,0.692307692,0.0,C26 H18 S1,26.0,18.0,0.0,1.0,0.0,0.0,0.0,0.0,0.0,pah,0.9735384199244
175,361.0931619,361.0928562,361.092891,1.0,0.444444444,C18 H18 O8,18.0,18.0,8.0,0.0,0.0,0.0,0.0,0.0,0.0,lignin,0.9719121209067911
176,361.0203148,361.0200093,361.02012,0.625,0.625,C16 H10 O10,16.0,10.0,10.0,0.0,0.0,0.0,0.0,0.0,0.0,tannin,0.9325958002028212
177,359.1504157,359.1501143,359.150012,1.2,0.3,C20 H24 O6,20.0,24.0,6.0,0.0,0.0,0.0,0.0,0.0,0.0,lignin,0.9716813475824821
178,359.1350012,359.1346999,359.1347558,1.5,0.5625,C16 H24 O9,16.0,24.0,9.0,0.0,0.0,0.0,0.0,0.0,0.0,lignin,0.9496001499268651
179,359.114065,359.1137638,359.1136264,1.052631579,0.368421053,C19 H20 O7,19.0,20.0,7.0,0.0,0.0,0.0,0.0,0.0,0.0,lignin,0.9797538619189099
180,359.0409828,359.0406818,359.0408554,0.705882353,0.529411765,C17 H12 O9,17.0,12.0,9.0,0.0,0.0,0.0,0.0,0.0,0.0,tannin,0.932486579836002
181,357.1193938,357.119097,357.1191058,1.375,0.5625,C16 H22 O9,16.0,22.0,9.0,0.0,0.0,0.0,0.0,0.0,0.0,lignin,0.9497382813337042
182,357.098153,357.0978562,357.0979764,0.947368421,0.368421053,C19 H18 O7,19.0,18.0,7.0,0.0,0.0,0.0,0.0,0.0,0.0,lignin,0.7846578488002093
183,357.0831942,357.0828975,357.0827202,1.2,0.666666667,C15 H18 O10,15.0,18.0,10.0,0.0,0.0,0.0,0.0,0.0,0.0,lignin,0.957502819788752
184,356.1069911,356.1066966,356.1068105,1.333333333,0.6,C15 H20 O9 13C1,15.0,20.0,9.0,0.0,0.0,1.0,0.0,0.0,0.0,lignin,0.9573777423364005
185,355.1949818,355.1946892,355.1948542,1.684210526,0.210526316,C19 H32 O4 S1,19.0,32.0,4.0,1.0,0.0,0.0,0.0,0.0,0.0,lipid,0.9244389325587378
186,355.1764948,355.1762023,355.1762267,1.555555556,0.388888889,C18 H28 O7,18.0,28.0,7.0,0.0,0.0,0.0,0.0,0.0,0.0,lipid,0.9243278691400354
187,355.1036189,355.1033265,355.1034557,1.25,0.5625,C16 H20 O9,16.0,20.0,9.0,0.0,0.0,0.0,0.0,0.0,0.0,lignin,0.9574863431790084
188,355.0308184,355.0305262,355.0306847,0.857142857,0.785714286,C14 H12 O11,14.0,12.0,11.0,0.0,0.0,0.0,0.0,0.0,0.0,tannin,0.930222593187126
189,354.2037218,354.2034314,354.2034445,1.705882353,0.294117647,C17 H29 O5 N3,17.0,29.0,5.0,0.0,3.0,0.0,0.0,0.0,0.17647058823529413,lipid,0.8897469513457885
190,353.215938,353.2156498,353.2155896,1.7,0.15,C20 H34 O3 S1,20.0,34.0,3.0,1.0,0.0,0.0,0.0,0.0,0.0,lipid,0.9245343980266032
191,353.1610177,353.1607296,353.1605766,1.444444444,0.388888889,C18 H26 O7,18.0,26.0,7.0,0.0,0.0,0.0,0.0,0.0,0.0,lignin,0.9703146443557372
192,353.1245608,353.1242728,353.1241911,1.294117647,0.470588235,C17 H22 O8,17.0,22.0,8.0,0.0,0.0,0.0,0.0,0.0,0.0,lignin,0.9574718939291429
193,353.0516703,353.0513825,353.0514201,0.933333333,0.666666667,C15 H14 O10,15.0,14.0,10.0,0.0,0.0,0.0,0.0,0.0,0.0,tannin,0.9300146591860349
194,351.1451547,351.144871,351.1449266,1.333333333,0.388888889,C18 H24 O7,18.0,24.0,7.0,0.0,0.0,0.0,0.0,0.0,0.0,lignin,0.9705103217648133
195,351.072277,351.0719936,351.0721556,1.0,0.5625,C16 H16 O9,16.0,16.0,9.0,0.0,0.0,0.0,0.0,0.0,0.0,lignin,0.9701476424720326
196,349.2345212,349.2342418,349.2344103,2.125,0.375,C16 H34 O6 N2,16.0,34.0,6.0,0.0,2.0,0.0,0.0,0.0,0.125,amino_sugar,0.6162552739560687
197,349.1658275,349.1655482,349.165662,1.368421053,0.315789474,C19 H26 O6,19.0,26.0,6.0,0.0,0.0,0.0,0.0,0.0,0.0,lignin,0.9704586580201632
198,349.093036,349.0927569,349.092891,1.058823529,0.470588235,C17 H18 O8,17.0,18.0,8.0,0.0,0.0,0.0,0.0,0.0,0.0,lignin,0.9944650125261767
199,347.2188652,347.2185902,347.2187602,2.0,0.375,C16 H32 O6 N2,16.0,32.0,6.0,0.0,2.0,0.0,0.0,0.0,0.125,lipid,0.9934078171615794
200,347.1502433,347.1499685,347.150012,1.263157895,0.315789474,C19 H24 O6,19.0,24.0,6.0,0.0,0.0,0.0,0.0,0.0,0.0,lignin,0.9706625065428387
201,347.0775111,347.0772364,347.0772409,0.941176471,0.470588235,C17 H16 O8,17.0,16.0,8.0,0.0,0.0,0.0,0.0,0.0,0.0,tannin,0.9310710569259342
202,345.15564,345.1553695,345.1554913,1.625,0.5,C16 H26 O8,16.0,26.0,8.0,0.0,0.0,0.0,0.0,0.0,0.0,lignin,0.9494988423304003
203,345.0982618,345.0979914,345.0979764,1.0,0.388888889,C18 H18 O7,18.0,18.0,7.0,0.0,0.0,0.0,0.0,0.0,0.0,lignin,0.9725162338144251
204,345.0828189,345.0825486,345.0827202,1.285714286,0.714285714,C14 H18 O10,14.0,18.0,10.0,0.0,0.0,0.0,0.0,0.0,0.0,lignin,0.8016041377763546
205,343.1400264,343.1397603,343.1398412,1.5,0.5,C16 H24 O8,16.0,24.0,8.0,0.0,0.0,0.0,0.0,0.0,0.0,lignin,0.9496207629372385
206,343.0672266,343.0669607,343.0670702,1.142857143,0.714285714,C14 H16 O10,14.0,16.0,10.0,0.0,0.0,0.0,0.0,0.0,0.0,lignin,0.9915302691847121
207,343.0463204,343.0460545,343.0459408,0.705882353,0.470588235,C17 H12 O8,17.0,12.0,8.0,0.0,0.0,0.0,0.0,0.0,0.0,tannin,0.9327307427961997
208,341.1246183,341.1243565,341.1241911,1.375,0.5,C16 H22 O8,16.0,22.0,8.0,0.0,0.0,0.0,0.0,0.0,0.0,lignin,0.9573711241259385
209,341.0667792,341.0665176,341.0666763,0.777777778,0.388888889,C18 H14 O7,18.0,14.0,7.0,0.0,0.0,0.0,0.0,0.0,0.0,tannin,0.9325238439858584
210,340.2034314,340.2031717,340.2032944,1.777777778,0.166666667,C18 H32 O3 S1 13C1,18.0,32.0,3.0,1.0,0.0,1.0,0.0,0.0,0.0,lipid,0.9243547962473684
211,340.2034314,340.2031717,340.2030506,1.35,0.1,C20 H27 O2 N3,20.0,27.0,2.0,0.0,3.0,0.0,0.0,0.0,0.15,peptide,0.972357781482055
212,339.2001632,339.1999057,339.1999395,1.684210526,0.157894737,C19 H32 O3 S1,19.0,32.0,3.0,1.0,0.0,0.0,0.0,0.0,0.0,lipid,0.924548627313056
213,339.1087652,339.1085078,339.1085411,1.25,0.5,C16 H20 O8,16.0,20.0,8.0,0.0,0.0,0.0,0.0,0.0,0.0,lignin,0.957512319585101
214,339.0359379,339.0356806,339.0357701,0.857142857,0.714285714,C14 H12 O10,14.0,12.0,10.0,0.0,0.0,0.0,0.0,0.0,0.0,tannin,0.9303593625536071
215,337.1844911,337.1842379,337.1842895,1.578947368,0.157894737,C19 H30 O3 S1,19.0,30.0,3.0,1.0,0.0,0.0,0.0,0.0,0.0,lipid,0.9313343957662659
216,337.1294303,337.1291772,337.1292765,1.294117647,0.411764706,C17 H22 O7,17.0,22.0,7.0,0.0,0.0,0.0,0.0,0.0,0.0,lignin,0.9705836821715247
217,337.056647,337.0563941,337.0565055,0.933333333,0.6,C15 H14 O9,15.0,14.0,9.0,0.0,0.0,0.0,0.0,0.0,0.0,tannin,0.9301220227500926
218,335.1503129,335.1500641,335.150012,1.333333333,0.333333333,C18 H24 O6,18.0,24.0,6.0,0.0,0.0,0.0,0.0,0.0,0.0,lignin,0.9705216520931718
219,335.114035,335.1137862,335.1136264,1.176470588,0.411764706,C17 H20 O7,17.0,20.0,7.0,0.0,0.0,0.0,0.0,0.0,0.0,lignin,0.9759689979815359
220,335.0409715,335.0407229,335.0408554,0.8,0.6,C15 H12 O9,15.0,12.0,9.0,0.0,0.0,0.0,0.0,0.0,0.0,tannin,0.931714185174647
221,333.2396272,333.2393825,333.2394957,2.125,0.3125,C16 H34 O5 N2,16.0,34.0,5.0,0.0,2.0,0.0,0.0,0.0,0.125,lipid,0.9917382569801347
222,333.1708586,333.170614,333.1707474,1.368421053,0.263157895,C19 H26 O5,19.0,26.0,5.0,0.0,0.0,0.0,0.0,0.0,0.0,lignin,0.9704585875637424
223,333.0981625,333.0979181,333.0979764,1.058823529,0.411764706,C17 H18 O7,17.0,18.0,7.0,0.0,0.0,0.0,0.0,0.0,0.0,lignin,0.9869126062795148
224,333.0256066,333.0253623,333.0252054,0.666666667,0.6,C15 H10 O9,15.0,10.0,9.0,0.0,0.0,0.0,0.0,0.0,0.0,tannin,0.9324494535066045
225,332.0754164,332.0751741,332.0750734,0.75,0.1,C20 H15 O2 S1 N1,20.0,15.0,2.0,1.0,1.0,0.0,0.0,0.0,0.05,pah,0.98319444390226
226,331.2239272,331.2236868,331.2238456,2.0,0.3125,C16 H32 O5 N2,16.0,32.0,5.0,0.0,2.0,0.0,0.0,0.0,0.125,lipid,0.9989550833118173
227,331.0824641,331.0822239,331.0823263,0.941176471,0.411764706,C17 H16 O7,17.0,16.0,7.0,0.0,0.0,0.0,0.0,0.0,0.0,tannin,0.9311768920277066
228,329.103213,329.1029771,329.1030618,1.0,0.333333333,C18 H18 O6,18.0,18.0,6.0,0.0,0.0,0.0,0.0,0.0,0.0,lignin,0.9733048497670567
229,329.0879891,329.0877532,329.0878056,1.285714286,0.642857143,C14 H18 O9,14.0,18.0,9.0,0.0,0.0,0.0,0.0,0.0,0.0,lignin,0.9574129544550797
230,329.0304062,329.0301704,329.0302907,0.625,0.5,C16 H10 O8,16.0,10.0,8.0,0.0,0.0,0.0,0.0,0.0,0.0,tannin,0.9330667782913904
231,328.2494366,328.2492025,328.2493321,1.944444444,0.222222222,C18 H35 O4 N1,18.0,35.0,4.0,0.0,1.0,0.0,0.0,0.0,0.05555555555555555,lipid,0.9592772825921765
232,328.183654,328.18342,328.1834401,1.764705882,0.176470588,C17 H30 O3 13C1 34S1,17.0,30.0,3.0,0.0,0.0,1.0,1.0,0.0,0.0,lipid,0.9243590497807468
233,327.163924,327.1636922,327.163554,1.647058824,0.235294118,C17 H28 O4 S1,17.0,28.0,4.0,1.0,0.0,0.0,0.0,0.0,0.0,lipid,0.9244585839310583
234,327.1450672,327.1448355,327.1449266,1.5,0.4375,C16 H24 O7,16.0,24.0,7.0,0.0,0.0,0.0,0.0,0.0,0.0,lignin,0.9625941766055248
235,327.0359444,327.0357129,327.0357701,0.923076923,0.769230769,C13 H12 O10,13.0,12.0,10.0,0.0,0.0,0.0,0.0,0.0,0.0,tannin,0.929919239035964
236,326.1877637,326.1875339,326.1876443,1.764705882,0.176470588,C17 H30 O3 S1 13C1,17.0,30.0,3.0,1.0,0.0,1.0,0.0,0.0,0.0,lipid,0.9243590497807468
237,326.1877637,326.1875339,326.1874005,1.315789474,0.105263158,C19 H25 O2 N3,19.0,25.0,2.0,0.0,3.0,0.0,0.0,0.0,0.15789473684210525,peptide,0.9723583457225271
238,326.0307082,326.0304788,326.0306251,0.5625,0.4375,C16 H9 O7 N1,16.0,9.0,7.0,0.0,1.0,0.0,0.0,0.0,0.0625,tannin,0.9818485236005159
239,325.1844947,325.1842671,325.1842895,1.666666667,0.166666667,C18 H30 O3 S1,18.0,30.0,3.0,1.0,0.0,0.0,0.0,0.0,0.0,lipid,0.9245645997012663
240,325.1657512,325.1655236,325.165662,1.529411765,0.352941176,C17 H26 O6,17.0,26.0,6.0,0.0,0.0,0.0,0.0,0.0,0.0,lipid,0.9244443814443759
241,325.129573,325.1293455,325.1292765,1.375,0.4375,C16 H22 O7,16.0,22.0,7.0,0.0,0.0,0.0,0.0,0.0,0.0,lignin,0.9756260484038378
242,325.0931359,325.0929085,325.092891,1.2,0.533333333,C15 H18 O8,15.0,18.0,8.0,0.0,0.0,0.0,0.0,0.0,0.0,lignin,0.9575603780920707
243,325.0567172,325.0564899,325.0565055,1.0,0.642857143,C14 H14 O9,14.0,14.0,9.0,0.0,0.0,0.0,0.0,0.0,0.0,lignin,0.9697158703142563
244,324.254482,324.2542563,324.2544175,1.842105263,0.157894737,C19 H35 O3 N1,19.0,35.0,3.0,0.0,1.0,0.0,0.0,0.0,0.05263157894736842,lipid,0.9625851403986442
245,323.1687618,323.1685384,323.1686394,1.555555556,0.166666667,C18 H28 O3 S1,18.0,28.0,3.0,1.0,0.0,0.0,0.0,0.0,0.0,lipid,0.9313632981866057
246,323.1139323,323.1137091,323.1136264,1.25,0.4375,C16 H20 O7,16.0,20.0,7.0,0.0,0.0,0.0,0.0,0.0,0.0,lignin,0.9575385228627882
247,323.0409328,323.0407097,323.0408554,0.857142857,0.642857143,C14 H12 O9,14.0,12.0,9.0,0.0,0.0,0.0,0.0,0.0,0.0,tannin,0.9305107538638813
248,321.1345089,321.1342898,321.1343619,1.294117647,0.352941176,C17 H22 O6,17.0,22.0,6.0,0.0,0.0,0.0,0.0,0.0,0.0,lignin,0.9705968018007225
249,321.0619184,321.0616995,321.0615909,0.933333333,0.533333333,C15 H14 O8,15.0,14.0,8.0,0.0,0.0,0.0,0.0,0.0,0.0,tannin,0.9310351621999766
250,319.1554464,319.1552315,319.1550973,1.333333333,0.277777778,C18 H24 O5,18.0,24.0,5.0,0.0,0.0,0.0,0.0,0.0,0.0,lignin,0.9705230506107402
251,319.0824374,319.0822227,319.0823263,1.0,0.4375,C16 H16 O7,16.0,16.0,7.0,0.0,0.0,0.0,0.0,0.0,0.0,lignin,0.9719794940680935
252,318.2480104,318.2477974,318.2479359,2.266666667,0.266666667,C15 H34 O4 N2 13C1,15.0,34.0,4.0,0.0,2.0,1.0,0.0,0.0,0.125,lipid,0.9617881336993545
253,317.2446371,317.2444262,317.2445811,2.125,0.25,C16 H34 O4 N2,16.0,34.0,4.0,0.0,2.0,0.0,0.0,0.0,0.125,lipid,0.9987489254445077
254,317.0668231,317.0666126,317.0666763,0.875,0.4375,C16 H14 O7,16.0,14.0,7.0,0.0,0.0,0.0,0.0,0.0,0.0,tannin,0.9316967418418202
255,315.229008,315.2288013,315.228931,2.0,0.25,C16 H32 O4 N2,16.0,32.0,4.0,0.0,2.0,0.0,0.0,0.0,0.125,lipid,0.9527855002708323
256,315.1813677,315.1811611,315.1813121,1.75,0.375,C16 H28 O6,16.0,28.0,6.0,0.0,0.0,0.0,0.0,0.0,0.0,lipid,0.9343608883762231
257,315.1450083,315.1448017,315.1449266,1.6,0.466666667,C15 H24 O7,15.0,24.0,7.0,0.0,0.0,0.0,0.0,0.0,0.0,lignin,0.7871838825046737
258,315.1086998,315.1084933,315.1085411,1.428571429,0.571428571,C14 H20 O8,14.0,20.0,8.0,0.0,0.0,0.0,0.0,0.0,0.0,lignin,0.9496734264230607
259,315.0876019,315.0873955,315.0874117,0.941176471,0.352941176,C17 H16 O6,17.0,16.0,6.0,0.0,0.0,0.0,0.0,0.0,0.0,tannin,0.7714903518345391
260,315.0358755,315.0356692,315.0357701,1.0,0.833333333,C12 H12 O10,12.0,12.0,10.0,0.0,0.0,0.0,0.0,0.0,0.0,lignin,0.870325405947941
261,313.2384948,313.2382923,313.238433,1.888888889,0.222222222,C18 H34 O4,18.0,34.0,4.0,0.0,0.0,0.0,0.0,0.0,0.0,lipid,0.9618882593714216
262,313.0930137,313.0928114,313.092891,1.285714286,0.571428571,C14 H18 O8,14.0,18.0,8.0,0.0,0.0,0.0,0.0,0.0,0.0,lignin,0.9574412355310085
263,313.0567744,313.0565722,313.0565055,1.076923077,0.692307692,C13 H14 O9,13.0,14.0,9.0,0.0,0.0,0.0,0.0,0.0,0.0,lignin,0.9941801026343869
264,313.0355419,313.0353398,313.0353761,0.625,0.4375,C16 H10 O7,16.0,10.0,7.0,0.0,0.0,0.0,0.0,0.0,0.0,tannin,0.9332663268270475
265,312.2545551,312.2543546,312.2544175,1.944444444,0.166666667,C18 H35 O3 N1,18.0,35.0,3.0,0.0,1.0,0.0,0.0,0.0,0.05555555555555555,lipid,0.959348045292756
266,311.1502697,311.1500714,311.150012,1.5,0.375,C16 H24 O6,16.0,24.0,6.0,0.0,0.0,0.0,0.0,0.0,0.0,lignin,0.9626048776252187
267,311.0773511,311.077153,311.0772409,1.142857143,0.571428571,C14 H16 O8,14.0,16.0,8.0,0.0,0.0,0.0,0.0,0.0,0.0,lignin,0.9576184273222313
268,310.177545,310.1773488,310.1772298,1.666666667,0.266666667,C15 H25 O4 N3,15.0,25.0,4.0,0.0,3.0,0.0,0.0,0.0,0.2,peptide,0.972122979438794
269,309.1532263,309.1530322,309.1529893,1.529411765,0.176470588,C17 H26 O3 S1,17.0,26.0,3.0,1.0,0.0,0.0,0.0,0.0,0.0,lipid,0.9313901695723722
270,309.0982753,309.0980813,309.0979764,1.2,0.466666667,C15 H18 O7,15.0,18.0,7.0,0.0,0.0,0.0,0.0,0.0,0.0,lignin,0.9575896742543251
271,309.0617395,309.0615456,309.0615909,1.0,0.571428571,C14 H14 O8,14.0,14.0,8.0,0.0,0.0,0.0,0.0,0.0,0.0,lignin,0.9700939814286418
272,308.2231643,308.2229721,308.2231173,1.722222222,0.166666667,C18 H31 O3 N1,18.0,31.0,3.0,0.0,1.0,0.0,0.0,0.0,0.05555555555555555,lipid,0.9981679086995072
273,307.1188052,307.1186153,307.1187118,1.25,0.375,C16 H20 O6,16.0,20.0,6.0,0.0,0.0,0.0,0.0,0.0,0.0,lignin,0.9706880124457236
274,305.2486554,305.2484694,305.2486038,1.7,0.1,C20 H34 O2,20.0,34.0,2.0,0.0,0.0,0.0,0.0,0.0,0.0,lipid,0.9246440981152013
275,305.1032393,305.1030535,305.1030618,1.125,0.375,C16 H18 O6,16.0,18.0,6.0,0.0,0.0,0.0,0.0,0.0,0.0,lignin,0.9718627443996513
276,305.0668948,305.0667091,305.0666763,0.933333333,0.466666667,C15 H14 O7,15.0,14.0,7.0,0.0,0.0,0.0,0.0,0.0,0.0,tannin,0.9311487845397279
277,303.0875413,303.0873597,303.0874117,1.0,0.375,C16 H16 O6,16.0,16.0,6.0,0.0,0.0,0.0,0.0,0.0,0.0,lignin,0.9726935751798731
278,303.0512642,303.0510827,303.0510262,0.8,0.466666667,C15 H12 O7,15.0,12.0,7.0,0.0,0.0,0.0,0.0,0.0,0.0,tannin,0.9321303275314433
279,302.241829,302.241649,302.2417879,2.125,0.25,C16 H34 O4 13C1,16.0,34.0,4.0,0.0,0.0,1.0,0.0,0.0,0.0,lipid,0.9441878428085895
280,301.2384797,301.2383018,301.238433,2.0,0.235294118,C17 H34 O4,17.0,34.0,4.0,0.0,0.0,0.0,0.0,0.0,0.0,lipid,0.944273506514221
281,301.0566784,301.0565009,301.0565055,1.166666667,0.75,C12 H14 O9,12.0,14.0,9.0,0.0,0.0,0.0,0.0,0.0,0.0,lignin,0.9575078930388521
282,299.0773252,299.0771518,299.0772409,1.230769231,0.615384615,C13 H16 O8,13.0,16.0,8.0,0.0,0.0,0.0,0.0,0.0,0.0,lignin,0.9574873217169578
283,297.2435791,297.2434093,297.2435184,1.888888889,0.166666667,C18 H34 O3,18.0,34.0,3.0,0.0,0.0,0.0,0.0,0.0,0.0,lipid,0.9344394958291093
284,297.1345384,297.1343689,297.1343619,1.466666667,0.4,C15 H22 O6,15.0,22.0,6.0,0.0,0.0,0.0,0.0,0.0,0.0,lignin,0.9626546026599323
285,297.1126278,297.1124583,297.1125811,2.2,0.6,C10 H22 O6 S1 N2,10.0,22.0,6.0,1.0,2.0,0.0,0.0,0.0,0.2,peptide,0.4798866101289542
286,297.0252839,297.0251146,297.0252054,0.833333333,0.75,C12 H10 O9,12.0,10.0,9.0,0.0,0.0,0.0,0.0,0.0,0.0,tannin,0.9304060514482811
287,296.259553,296.2593852,296.2595028,1.944444444,0.111111111,C18 H35 O2 N1,18.0,35.0,2.0,0.0,1.0,0.0,0.0,0.0,0.05555555555555555,lipid,0.9906303639816123
288,296.0987641,296.0985967,296.0987047,1.9,0.9,C10 H19 O9 N1,10.0,19.0,9.0,0.0,1.0,0.0,0.0,0.0,0.1,amino_sugar,0.9303258902647669
289,295.2279049,295.2277393,295.2278684,1.777777778,0.166666667,C18 H32 O3,18.0,32.0,3.0,0.0,0.0,0.0,0.0,0.0,0.0,lipid,0.9243547962473684
290,295.1188043,295.1186388,295.1187118,1.333333333,0.4,C15 H20 O6,15.0,20.0,6.0,0.0,0.0,0.0,0.0,0.0,0.0,lignin,0.9705077424349916
291,294.2439119,294.2437482,294.2438528,1.833333333,0.111111111,C18 H33 O2 N1,18.0,33.0,2.0,0.0,1.0,0.0,0.0,0.0,0.05555555555555555,lipid,0.9981519515118326
292,294.1825521,294.1823885,294.1823151,1.666666667,0.2,C15 H25 O3 N3,15.0,25.0,3.0,0.0,3.0,0.0,0.0,0.0,0.2,peptide,0.9721253594320037
293,293.1792676,293.179106,293.1792041,2.142857143,0.285714286,C14 H30 O4 S1,14.0,30.0,4.0,1.0,0.0,0.0,0.0,0.0,0.0,lipid,0.9441842260764319
294,293.1031775,293.1030161,293.1030618,1.2,0.4,C15 H18 O6,15.0,18.0,6.0,0.0,0.0,0.0,0.0,0.0,0.0,lignin,0.9708010682417036
295,293.0669052,293.0667439,293.0666763,1.0,0.5,C14 H14 O7,14.0,14.0,7.0,0.0,0.0,0.0,0.0,0.0,0.0,lignin,0.9705727182112669
296,291.0875206,291.0873633,291.0874117,1.066666667,0.4,C15 H16 O6,15.0,16.0,6.0,0.0,0.0,0.0,0.0,0.0,0.0,lignin,0.9767375352972782
297,287.2227974,287.2226477,287.222783,2.0,0.25,C16 H32 O4,16.0,32.0,4.0,0.0,0.0,0.0,0.0,0.0,0.0,lipid,0.9442693498520958
298,285.2709748,285.2708291,285.2709635,2.25,0.125,C16 H36 O2 13C2,16.0,36.0,2.0,0.0,0.0,2.0,0.0,0.0,0.0,lipid,0.9441440102620229
299,285.207178,285.2070324,285.2071329,1.875,0.25,C16 H30 O4,16.0,30.0,4.0,0.0,0.0,0.0,0.0,0.0,0.0,lipid,0.9618864035385929
300,285.0981632,285.0980178,285.0979764,1.384615385,0.538461538,C13 H18 O7,13.0,18.0,7.0,0.0,0.0,0.0,0.0,0.0,0.0,lignin,0.9497356593257991
301,285.06171,285.0615647,285.0615909,1.166666667,0.666666667,C12 H14 O8,12.0,14.0,8.0,0.0,0.0,0.0,0.0,0.0,0.0,lignin,0.9575443180586838
302,284.2676416,284.2674979,284.2676087,2.117647059,0.117647059,C17 H36 O2 13C1,17.0,36.0,2.0,0.0,0.0,1.0,0.0,0.0,0.0,lipid,0.9442278388267231
303,283.2642926,283.2641509,283.2642539,2.0,0.111111111,C18 H36 O2,18.0,36.0,2.0,0.0,0.0,0.0,0.0,0.0,0.0,lipid,0.9618679211853017
304,283.2553395,283.2551978,283.2553135,2.125,0.125,C16 H34 O2 13C2,16.0,34.0,2.0,0.0,0.0,2.0,0.0,0.0,0.0,lipid,0.9442210714031196
305,283.1188199,283.1186785,283.1187118,1.428571429,0.428571429,C14 H20 O6,14.0,20.0,6.0,0.0,0.0,0.0,0.0,0.0,0.0,lignin,0.9703326063056682
306,283.0824222,283.0822808,283.0823263,1.230769231,0.538461538,C13 H16 O7,13.0,16.0,7.0,0.0,0.0,0.0,0.0,0.0,0.0,lignin,0.9575196358564982
307,282.2519654,282.2518257,282.2519586,2.0,0.117647059,C17 H34 O2 13C1,17.0,34.0,2.0,0.0,0.0,1.0,0.0,0.0,0.0,lipid,0.9618656794259499
308,282.0846422,282.0845028,282.0846358,2.25,0.75,C8 H18 O6 S1 N2 13C1,8.0,18.0,6.0,1.0,2.0,1.0,0.0,0.0,0.2222222222222222,amino_sugar,0.9765779513659705
309,281.2679521,281.2678143,281.2679431,2.058823529,0.058823529,C17 H35 O1 N1 13C1,17.0,35.0,1.0,0.0,1.0,1.0,0.0,0.0,0.05555555555555555,lipid,0.959205971292721
310,281.2486418,281.2485041,281.2486038,1.888888889,0.111111111,C18 H34 O2,18.0,34.0,2.0,0.0,0.0,0.0,0.0,0.0,0.0,lipid,0.9242672531504222
311,281.1395469,281.1394094,281.1394473,1.466666667,0.333333333,C15 H22 O5,15.0,22.0,5.0,0.0,0.0,0.0,0.0,0.0,0.0,lignin,0.7898422777845425
312,281.1032915,281.1031541,281.1030618,1.285714286,0.428571429,C14 H18 O6,14.0,18.0,6.0,0.0,0.0,0.0,0.0,0.0,0.0,lignin,0.9757643041925423
313,281.0813301,281.0811927,281.0812809,2.0,0.666666667,C9 H18 O6 S1 N2,9.0,18.0,6.0,1.0,2.0,0.0,0.0,0.0,0.2222222222222222,peptide,0.48198468570708497
314,281.0303431,281.0302058,281.0302907,0.833333333,0.666666667,C12 H10 O8,12.0,10.0,8.0,0.0,0.0,0.0,0.0,0.0,0.0,tannin,0.9305870373889116
315,280.2646428,280.264507,280.2645882,1.944444444,0.055555556,C18 H35 O1 N1,18.0,35.0,1.0,0.0,1.0,0.0,0.0,0.0,0.05555555555555555,lipid,0.9980778916941085
316,280.2363308,280.2361951,280.2363086,1.882352941,0.117647059,C17 H32 O2 13C1,17.0,32.0,2.0,0.0,0.0,1.0,0.0,0.0,0.0,lipid,0.9242661121381703
317,279.2329602,279.2328265,279.2329537,1.777777778,0.111111111,C18 H32 O2,18.0,32.0,2.0,0.0,0.0,0.0,0.0,0.0,0.0,lipid,0.9244662399927236
318,279.1240647,279.1239311,279.1237972,1.333333333,0.333333333,C15 H20 O5,15.0,20.0,5.0,0.0,0.0,0.0,0.0,0.0,0.0,lignin,0.9705216520931718
319,278.2489593,278.2488275,278.2489382,1.833333333,0.055555556,C18 H33 O1 N1,18.0,33.0,1.0,0.0,1.0,0.0,0.0,0.0,0.05555555555555555,lipid,0.9980936096554791
320,277.2173021,277.2171722,277.2173037,1.666666667,0.111111111,C18 H30 O2,18.0,30.0,2.0,0.0,0.0,0.0,0.0,0.0,0.0,lipid,0.9246890284520296
321,273.2071815,273.2070595,273.2071329,2.0,0.266666667,C15 H30 O4,15.0,30.0,4.0,0.0,0.0,0.0,0.0,0.0,0.0,lipid,0.9442646684860554
322,273.0339345,273.0338129,273.0339368,0.769230769,0.230769231,C13 H10 O3 S1 N2,13.0,10.0,3.0,1.0,2.0,0.0,0.0,0.0,0.15384615384615385,peptide,0.6477787350767583
323,271.2278747,271.2277566,271.2278684,2.0,0.1875,C16 H32 O3,16.0,32.0,3.0,0.0,0.0,0.0,0.0,0.0,0.0,lipid,0.9618427027712768
324,270.2520055,270.2518892,270.2519586,2.125,0.125,C16 H34 O2 13C1,16.0,34.0,2.0,0.0,0.0,1.0,0.0,0.0,0.0,lipid,0.9442210714031196
325,269.2486388,269.2485245,269.2486038,2.0,0.117647059,C17 H34 O2,17.0,34.0,2.0,0.0,0.0,0.0,0.0,0.0,0.0,lipid,0.9618656794259499
326,269.2122571,269.2121429,269.2122183,1.875,0.1875,C16 H30 O3,16.0,30.0,3.0,0.0,0.0,0.0,0.0,0.0,0.0,lipid,0.9344308849353788
327,268.2363416,268.2362292,268.2363086,2.0,0.125,C16 H32 O2 13C1,16.0,32.0,2.0,0.0,0.0,1.0,0.0,0.0,0.0,lipid,0.961863176908564
328,268.069027,268.068915,268.0689857,2.285714286,0.857142857,C7 H16 O6 S1 N2 13C1,7.0,16.0,6.0,1.0,2.0,1.0,0.0,0.0,0.25,peptide,0.48183855451700397
329,267.2329559,267.2328455,267.2329537,1.882352941,0.117647059,C17 H32 O2,17.0,32.0,2.0,0.0,0.0,0.0,0.0,0.0,0.0,lipid,0.9242661121381703
330,267.1437482,267.143638,267.1436998,2.166666667,0.333333333,C12 H26 O4 34S1,12.0,26.0,4.0,0.0,0.0,0.0,1.0,0.0,0.0,lipid,0.9182586194793156
331,267.1239407,267.1238305,267.1237972,1.428571429,0.357142857,C14 H20 O5,14.0,20.0,5.0,0.0,0.0,0.0,0.0,0.0,0.0,lignin,0.9703465390348274
332,267.0656416,267.0655315,267.0656309,2.0,0.75,C8 H16 O6 S1 N2,8.0,16.0,6.0,1.0,2.0,0.0,0.0,0.0,0.25,peptide,0.48368705837290094
333,266.1512584,266.1511501,266.1512588,2.363636364,0.363636364,C11 H26 O4 S1 13C1,11.0,26.0,4.0,1.0,0.0,1.0,0.0,0.0,0.0,lipid,0.6320192339189762
334,266.0897376,266.0896294,266.0897212,2.25,0.625,C8 H18 O5 S1 N2 13C1,8.0,18.0,5.0,1.0,2.0,1.0,0.0,0.0,0.2222222222222222,peptide,0.4823608367267256
335,266.0533455,266.0532374,266.0533357,2.0,0.857142857,C7 H14 O6 S1 N2 13C1,7.0,14.0,6.0,1.0,2.0,1.0,0.0,0.0,0.25,peptide,0.4821760520822056
336,265.1479035,265.1477971,265.147904,2.166666667,0.333333333,C12 H26 O4 S1,12.0,26.0,4.0,1.0,0.0,0.0,0.0,0.0,0.0,lipid,0.9182586194793156
337,265.0863728,265.0862665,265.0863663,2.0,0.555555556,C9 H18 O5 S1 N2,9.0,18.0,5.0,1.0,2.0,0.0,0.0,0.0,0.2222222222222222,peptide,0.5686744177037575
338,265.0499855,265.0498793,265.0499808,1.75,0.75,C8 H14 O6 S1 N2,8.0,14.0,6.0,1.0,2.0,0.0,0.0,0.0,0.25,peptide,0.5808450655420028
339,257.2397032,257.2396119,257.2396634,2.285714286,0.142857143,C14 H32 O2 13C2,14.0,32.0,2.0,0.0,0.0,2.0,0.0,0.0,0.0,lipid,0.9441353392342388
340,257.2372409,257.2371496,257.2371987,2.0,0.0625,C16 H32 O1 18O1,16.0,32.0,1.0,0.0,0.0,0.0,0.0,1.0,0.0,lipid,0.9618851238428192
341,257.0667474,257.0666564,257.0666763,1.272727273,0.636363636,C11 H14 O7,11.0,14.0,7.0,0.0,0.0,0.0,0.0,0.0,0.0,lignin,0.9574300492186223
342,256.236339,256.2362497,256.2363086,2.133333333,0.133333333,C15 H32 O2 13C1,15.0,32.0,2.0,0.0,0.0,1.0,0.0,0.0,0.0,lipid,0.9442134630393972
343,255.2329667,255.2328792,255.2329537,2.0,0.125,C16 H32 O2,16.0,32.0,2.0,0.0,0.0,0.0,0.0,0.0,0.0,lipid,0.961863176908564
344,255.0874698,255.0873826,255.0874117,1.333333333,0.5,C12 H16 O6,12.0,16.0,6.0,0.0,0.0,0.0,0.0,0.0,0.0,lignin,0.957415927341858
345,254.2206988,254.2206132,254.2206585,2.0,0.133333333,C15 H30 O2 13C1,15.0,30.0,2.0,0.0,0.0,1.0,0.0,0.0,0.0,lipid,0.9618603653208091
346,253.2173062,253.2172226,253.2173037,1.875,0.125,C16 H30 O2,16.0,30.0,2.0,0.0,0.0,0.0,0.0,0.0,0.0,lipid,0.9242648458353144
347,252.0741014,252.0740199,252.0740711,2.285714286,0.714285714,C7 H16 O5 S1 N2 13C1,7.0,16.0,5.0,1.0,2.0,1.0,0.0,0.0,0.25,peptide,0.48381224495528824
348,252.0725241,252.0724426,252.0724899,1.875,1.0,C8 H15 O8 N1,8.0,15.0,8.0,0.0,1.0,0.0,0.0,0.0,0.125,amino_sugar,0.9784119455377593
349,251.165299,251.1652191,251.1652681,1.6,0.2,C15 H24 O3,15.0,24.0,3.0,0.0,0.0,0.0,0.0,0.0,0.0,lipid,0.9246269130596076
350,251.070742,251.0706623,251.0707163,2.0,0.625,C8 H16 O5 S1 N2,8.0,16.0,5.0,1.0,2.0,0.0,0.0,0.0,0.25,peptide,0.5689882460867992
351,249.0550739,249.054998,249.0550662,1.75,0.625,C8 H14 O5 S1 N2,8.0,14.0,5.0,1.0,2.0,0.0,0.0,0.0,0.25,peptide,0.5695694893974231
352,242.2206833,242.2206202,242.2206585,2.142857143,0.142857143,C14 H30 O2 13C1,14.0,30.0,2.0,0.0,0.0,1.0,0.0,0.0,0.0,lipid,0.9442048465881984
353,241.217296,241.2172347,241.2173037,2.0,0.133333333,C15 H30 O2,15.0,30.0,2.0,0.0,0.0,0.0,0.0,0.0,0.0,lipid,0.9618603653208091
354,239.2016458,239.2015882,239.2016536,1.866666667,0.133333333,C15 H28 O2,15.0,28.0,2.0,0.0,0.0,0.0,0.0,0.0,0.0,lipid,0.9242634329680547
355,239.0872717,239.0872143,239.0872475,2.25,0.5,C8 H18 O4 N2 34S1,8.0,18.0,4.0,0.0,2.0,0.0,1.0,0.0,0.25,peptide,0.5705896561539342
356,238.0948246,238.094769,238.0948065,2.571428571,0.571428571,C7 H18 O4 S1 N2 13C1,7.0,18.0,4.0,1.0,2.0,1.0,0.0,0.0,0.25,peptide,0.48526818469281957
357,237.0914468,237.0913931,237.0914517,2.25,0.5,C8 H18 O4 S1 N2,8.0,18.0,4.0,1.0,2.0,0.0,0.0,0.0,0.25,peptide,0.5705896561539342
358,228.2050226,228.204985,228.2050084,2.153846154,0.153846154,C13 H28 O2 13C1,13.0,28.0,2.0,0.0,0.0,1.0,0.0,0.0,0.0,lipid,0.9441950074574963
359,227.2016418,227.2016061,227.2016536,2.0,0.142857143,C14 H28 O2,14.0,28.0,2.0,0.0,0.0,0.0,0.0,0.0,0.0,lipid,0.961857183629717
360,225.1860265,225.1859944,225.1860035,1.857142857,0.142857143,C14 H26 O2,14.0,26.0,2.0,0.0,0.0,0.0,0.0,0.0,0.0,lipid,0.924261847377202
361,213.1860108,213.1859999,213.1860035,2.0,0.153846154,C13 H26 O2,13.0,26.0,2.0,0.0,0.0,0.0,0.0,0.0,0.0,lipid,0.9618535535969424
362,205.1598142,205.1598174,205.1597888,1.571428571,0.071428571,C14 H22 O1,14.0,22.0,1.0,0.0,0.0,0.0,0.0,0.0,0.0,lipid,0.932315025279134
363,199.1703596,199.170373,199.1703535,2.0,0.166666667,C12 H24 O2,12.0,24.0,2.0,0.0,0.0,0.0,0.0,0.0,0.0,lipid,0.9618493732560743
