Source,cid,cmpdname,cmpdsynonym,mw,FORMULA,polararea,complexity,xlogp,heavycnt,hbonddonor,hbondacc,rotbonds,inchikey,iupacname,meshheadings,annothits,annothitcnt,aids,cidcdate,dois,annotation
PubChem & Monosaccharide codes in KEGG and SNFG (Symbol Nomenclature for Glycans),643993,3-Sialyl Lewis,"3'-Sialyl Lewis A|SLea|Sialyl Lea tri|3-Sialyl Lewis|UNII-ZEJ6FM4UJK|ZEJ6FM4UJK|92448-22-1|Cancer antigen 19-9|3'-SLea|Carbohydrate antigen 19-9|DTXSID40919162|ZINC96129531|CA19-9|CA-19-9|J3.549.353K|W-204072|a-NeuNAc-(2&gt;3)-b-D-Gal-(1&gt;3)-(a-L-Fuc-[1&gt;4])-D-GlcNAc|D-glucose, O-5-(acetylamino)-3,5-dideoxy-D-glycero-alpha-D-galacto-2-nonulopyranonosyl-(2-&gt;3)-O-beta-D-galactopyranosyl-(1-&gt;3)-O-[6-deoxy-alpha-L-galactopyranosyl-(1-&gt;4)]-2-(acetylamino)-2-deoxy-|(2S,4S,5R,6R)-5-acetamido-2-{[(2R,3",821,C31H52N2O23,411,1320,NULL,56,15,23,18,INZOTETZQBPBCE-NYLDSJSYSA-N,"(2S,4S,5R,6R)-5-acetamido-2-[(2R,3R,4S,5S,6R)-2-[(2R,3R,4R,5R)-2-acetamido-5,6-dihydroxy-1-oxo-4-[(2S,3S,4R,5S,6S)-3,4,5-trihydroxy-6-methyloxan-2-yl]oxyhexan-3-yl]oxy-3,5-dihydroxy-6-(hydroxymethyl)oxan-4-yl]oxy-4-hydroxy-6-[(1R,2R)-1,2,3-trihydroxypropyl]oxane-2-carboxylic acid",NULL,2840,5,NULL,20050601,10.1016/j.virol.2004.05.013,NULL
PubChem & Monosaccharide codes in KEGG and SNFG (Symbol Nomenclature for Glycans),84571,alpha-Lactose,"alpha-lactose|Anhydrous lactose|a-Lactose|Lactose monohydrate|alpha-D-lactose|UNII-MJF4JAT10B|14641-93-1|4-O-beta-D-Galactopyranosyl-alpha-D-glucopyranose|MJF4JAT10B|Aletobiose|Lactobiose|alpha-D-Glucopyranose, 4-O-beta-D-galactopyranosyl-|Osmolactan|Galactinum|Tablettose|Lactin|1-beta-D-Galactopyranosyl-4-alpha-D-glucopyranose|Saccharum lactin|beta-D-galactopyranosyl-(1-&gt;4)-alpha-D-glucopyranose|Super-Tab|Zeparox EP|Lactose Fast-flo|Tablettose 70|Tablettose 80|Pharmatose 21|Dilactose|Pharmatose 325M|Sor",342,C12H22O11,190,382,NULL,23,8,11,4,GUBGYTABKSRVRQ-XLOQQCSPSA-N,"(2R,3R,4S,5R,6S)-2-(hydroxymethyl)-6-[(2R,3S,4R,5R,6S)-4,5,6-trihydroxy-2-(hydroxymethyl)oxan-3-yl]oxyoxane-3,4,5-triol",Lactose,53054,11,977611,20050624,10.1001/archderm.102.5.504|10.1001/archderm.113.10.1375|10.1001/archderm.113.10.1378|10.1001/archderm.1963.01590130095015|10.1001/archderm.1964.01590280048008|10.1001/archderm.1970.04000110020003|10.1001/archderm.1977.01640100053005|10.1001/archderm.1977.01640100056007|10.1001/archinte.116.6.886|10.1001/archinte.121.6.499|10.1001/archinte.122.4.311|10.1001/archinte.130.3.377|10.1001/archinte.147.3.534|10.1001/archinte.166.11.1178|10.1001/archinte.1965.03870060084017|10.1001/archinte.1968.00300090021004|10.1,NULL
PubChem & Monosaccharide codes in KEGG and SNFG (Symbol Nomenclature for Glycans),45266862,alpha-Neup5Ac-(2->8)-alpha-Neup5Ac-(2->3)-beta-D-Galp-(1->4)-beta-D-Glcp,"Disialyllactose|GD3 carbohydrate moiety|alpha-Neup5Ac-(2-&gt;8)-alpha-Neup5Ac-(2-&gt;3)-beta-D-Galp-(1-&gt;4)-beta-D-Glcp|CHEBI:59210|N-acetyl-alpha-neuraminyl-(2-&gt;8)-N-acetyl-alpha-neuraminyl-(2-&gt;3)-beta-D-galactosyl-(1-&gt;4)-beta-D-glucose|alpha-N-acetylneuraminyl-(2-&gt;8)-alpha-N-acetylneuraminyl-(2-&gt;3)-beta-D-galactosyl-(1-&gt;4)-beta-D-glucose|alpha-Neu5Ac-(2-&gt;8)-alpha-Neu5Ac-(2-&gt;3)-beta-D-Gal-(1-&gt;4)-beta-D-Glc|5-acetamido-3,5-dideoxy-D-glycero-alpha-D-galacto-non-2-ulopyranonosyl-(",925,C34H56N2O27,481,1570,NULL,63,18,27,18,IESOVNOGVZBLMG-BUZVEHKISA-N,"(2S,4S,5R,6R)-5-acetamido-6-[(1S,2R)-2-[(2S,4S,5R,6R)-5-acetamido-2-carboxy-4-hydroxy-6-[(1R,2R)-1,2,3-trihydroxypropyl]oxan-2-yl]oxy-1,3-dihydroxypropyl]-2-[(2R,3S,4S,5R,6S)-3,5-dihydroxy-2-(hydroxymethyl)-6-[(2R,3S,4R,5R,6R)-4,5,6-trihydroxy-2-(hydroxymethyl)oxan-3-yl]oxyoxan-4-yl]oxy-4-hydroxyoxane-2-carboxylic acid",NULL,784,3,NULL,20100507,10.1002/prot.20595|10.1016/0022-510x(93)90175-x|10.1016/j.carres.2006.01.015|10.1016/j.carres.2010.02.018|10.1016/j.jasms.2007.09.005|10.1128/iai.70.9.5008-5018.2002,NULL
PubChem & Monosaccharide codes in KEGG and SNFG (Symbol Nomenclature for Glycans),10169040,beta-D-Galp-(1->3)-beta-D-GlcpNAc-(1->4)-beta-D-Galp-(1->4)-beta-D-Glcp,GA1 carbohydrate moiety|beta-D-Galp-(1-&gt;3)-beta-D-GlcpNAc-(1-&gt;4)-beta-D-Galp-(1-&gt;4)-beta-D-Glcp|CHEBI:59216|beta-D-Gal-(1-&gt;3)-beta-D-GlcNAc-(1-&gt;4)-beta-D-Gal-(1-&gt;4)-beta-D-Glc|beta-D-galactopyranosyl-(1-&gt;3)-2-acetamido-2-deoxy-beta-D-galactopyranosyl-(1-&gt;4)-beta-D-galactopyranosyl-(1-&gt;4)-beta-D-glucopyranose|Epitope ID:130685|Galb1-3GalNAcb1-4Galb1-4Glcb|ZINC87520232|Galbeta1-3GalNAcbeta1-4Galbeta1-4Glcbeta|Q27126541|O-(beta-D-galactopyranosyl)-(1-&gt;3)-O-(2-acetamido-2-desoxy-be,708,C26H45NO21,357,1030,NULL,48,14,21,11,HCXIEPLIUZXCMD-KKFLNDMKSA-N,"N-[(2S,3R,4R,5R,6R)-2-[(2R,3R,4R,5R,6S)-4,5-dihydroxy-2-(hydroxymethyl)-6-[(2R,3S,4R,5R,6R)-4,5,6-trihydroxy-2-(hydroxymethyl)oxan-3-yl]oxyoxan-3-yl]oxy-5-hydroxy-6-(hydroxymethyl)-4-[(2R,3R,4S,5R,6R)-3,4,5-trihydroxy-6-(hydroxymethyl)oxan-2-yl]oxyoxan-3-yl]acetamide",NULL,784,3,NULL,20061025,10.1002/ana.410380208,NULL
PubChem & Monosaccharide codes in KEGG and SNFG (Symbol Nomenclature for Glycans),6134,beta-Lactose,"D-Lactose|beta-Lactose|.beta.-Lactose|Lactose|beta-D-Lactose|4-O-beta-D-Galactopyranosyl-D-glucose|4-(beta-D-Galactosido)-D-glucose|Milk sugar|Lactose [JAN]|D-Glucose, 4-O-beta-D-galactopyranosyl|D-(+)-Lactose|beta-D-Glucopyranose, 4-O-beta-D-galactopyranosyl-|(+)-Lactose|4-O-beta-D-Galactopyranosyl-beta-D-glucopyranose|5965-66-2|Lactose anhydrous|Fast-flo Lactose|Fast-flo|Lactosum anhydricum|Pharmatose 450M|Lactobiose|Lactin|UNII-13Q3A43E0S|Saccharum lactin|EINECS 227-751-9|Galactinum|Aletobiose|Tablettose",342,C12H22O11,190,382,NULL,23,8,11,4,GUBGYTABKSRVRQ-DCSYEGIMSA-N,"(2R,3R,4S,5R,6S)-2-(hydroxymethyl)-6-[(2R,3S,4R,5R,6R)-4,5,6-trihydroxy-2-(hydroxymethyl)oxan-3-yl]oxyoxane-3,4,5-triol",Lactose,65534,15,"1195,1811,51624,71736,71968,220224,238126,238137,251085,261924,261925,305307,305308,305309,305311,305312,305313,362218,362219,362220,362221,381563,381590,412875,412876,412878,412879,412884,500278,500279,588209,588210,588211,588212,588213,613015,613017,613018,613024,613025,625295,651631,651632,651633,651634,716881,716882,716883,716885,716887,716889,716891,716893,716895,716897,716898,716900,716902,716905,720516,720552,720634,720635,720637,720674,720675,720678,720679,720680,720681,720682,720683,720684,720685,7",20050601,10.1001/archderm.102.5.504|10.1001/archderm.113.10.1375|10.1001/archderm.113.10.1378|10.1001/archderm.1963.01590130095015|10.1001/archderm.1964.01590280048008|10.1001/archderm.1970.04000110020003|10.1001/archderm.1977.01640100053005|10.1001/archderm.1977.01640100056007|10.1001/archinte.116.6.886|10.1001/archinte.121.6.499|10.1001/archinte.122.4.311|10.1001/archinte.130.3.377|10.1001/archinte.147.3.534|10.1001/archinte.162.3.292|10.1001/archinte.163.3.265|10.1001/archinte.166.11.1178|10.1001/archinte.1965.03,NULL
PubChem & Monosaccharide codes in KEGG and SNFG (Symbol Nomenclature for Glycans),44263865,Bromelain,MUXF|carbohydrate moiety of bromelain|M0XF(3)|CHEBI:53469|Fuc-alpha-(1-&gt;3)-[Man-alpha-(1-&gt;6)-[Xyl-beta-(1-&gt;2)]-Man-beta-(1-&gt;4)-GlcNAc-beta-(1-&gt;4)]-GlcNAc|alpha-L-Fucp-(1-&gt;3)-[alpha-D-Manp-(1-&gt;6)-[beta-D-Xylp-(1-&gt;2)]-beta-D-Manp-(1-&gt;4)-beta-D-GlcpNAc-(1-&gt;4)]-D-GlcpNAc|alpha-L-fucosyl-(1-&gt;3)-[alpha-D-mannosyl-(1-&gt;6)-[beta-D-xylosyl-(1-&gt;2)]-beta-D-mannosyl-(1-&gt;4)-N-acetyl-beta-D-glucosaminyl-(1-&gt;4)]-N-acetyl-D-glucosamine|alpha-L-fucopyranosyl-(1-&gt;3)-[alpha-D-man,1027,C39H66N2O29,483,1680,NULL,70,18,29,16,UNMLVGNWZDHBRA-UFAVQCRNSA-N,"N-[(2S,3R,4R,5S,6R)-2-[(2R,3S,4R,5R)-5-acetamido-6-hydroxy-2-(hydroxymethyl)-4-[(2S,3S,4R,5S,6S)-3,4,5-trihydroxy-6-methyloxan-2-yl]oxyoxan-3-yl]oxy-5-[(2S,3S,4S,5S,6R)-4,5-dihydroxy-6-[[(2S,3S,4S,5S,6R)-3,4,5-trihydroxy-6-(hydroxymethyl)oxan-2-yl]oxymethyl]-3-[(2S,3R,4S,5R)-3,4,5-trihydroxyoxan-2-yl]oxyoxan-2-yl]oxy-4-hydroxy-6-(hydroxymethyl)oxan-3-yl]acetamide",Bromelains,31608,10,NULL,20091119,10.1007/s00508-009-1171-1|10.1067/mai.2003.173|10.1093/glycob/8.7.651|10.1093/glycob/cwl068|10.1111/j.1365-2222.2010.03514.x|10.1159/000024217|10.1159/000324447,NULL
PubChem & Monosaccharide codes in KEGG and SNFG (Symbol Nomenclature for Glycans),131770452,CID 131770452,nLc6Cer|Carbohydrate antigen I,1397,C60H105N3O33,562,2310,NULL,96,21,33,36,VSLUUOTXHBNIGP-FTUFPPGPSA-N,"N-[(2S,3R,4R,5S,6R)-2-[(2S,3R,4S,5S,6R)-2-[(2R,3S,4R,5R,6S)-5-acetamido-6-[(2S,3R,4S,5S,6R)-2-[(2R,3S,4R,5R,6R)-6-[(Z,2S,3R)-2-acetamido-3-hydroxyoctadec-4-enoxy]-4,5-dihydroxy-2-(hydroxymethyl)oxan-3-yl]oxy-3,5-dihydroxy-6-(hydroxymethyl)oxan-4-yl]oxy-4-hydroxy-2-(hydroxymethyl)oxan-3-yl]oxy-3,5-dihydroxy-6-(hydroxymethyl)oxan-4-yl]oxy-4-hydroxy-6-(hydroxymethyl)-5-[(2S,3R,4S,5R,6R)-3,4,5-trihydroxy-6-(hydroxymethyl)oxan-2-yl]oxyoxan-3-yl]acetamide",NULL,784,3,NULL,20171122,10.1006/jmbi.1996.0110|10.1016/j.fsi.2006.07.005|10.1016/j.fsi.2011.03.004|10.1016/j.molimm.2006.09.017|10.1016/s0928-8244(99)00109-1|10.1038/197413a0|10.1046/j.1365-3083.2000.00654.x|10.1093/glycob/cws101|10.1097/moh.0b013e32834baae9|10.1111/j.1399-0004.2011.01775.x|10.1111/j.1423-0410.1960.tb04667.x|10.1111/j.1550-7408.2001.tb00322.x|10.1111/j.1574-695x.1999.tb01361.x|10.1227/01.neu.0000361998.93841.c3|10.3109/08958378.2013.781251|10.4049/jimmunol.169.7.3777,NULL
PubChem & Monosaccharide codes in KEGG and SNFG (Symbol Nomenclature for Glycans),24748,Croscarmellose,"Croscarmellose|Carmellose|CARBOXYMETHYL CELLULOSE|Carboxymethylcellulose|Colloresine|Carbose|Almelose|Thylose|Duodcel|Apergel|Apeyel|CM-Cellulose|Glycocel TA|KMTs|7H (carbohydrate)|Cellulose GUM 7H|Carboxymethylcellulosum|Celluloseglycolic acid|Carboximethylcellulosum|Croscarmellosum [Latin]|Cellulose carboxymethylate|Carmellosum [INN-Latin]|Carmelosa [INN-Spanish]|Cellulose, carboxymethyl ether|CMC-4LF|Cellulose, (carboxymethyl)|Carboxymethyl cellulose ether|Glycolic acid cellulose ether|Croscarmelosa [INN",240,C8H16O8,156,169,NULL,16,6,8,5,VJHCJDRQFCCTHL-UHFFFAOYSA-N,"acetic acid;2,3,4,5,6-pentahydroxyhexanal",Carboxymethylcellulose Sodium,28528,9,NULL,20050624,10.1001/archderm.1949.01520280091011|10.1001/archneur.1981.00510060084018|10.1001/archopht.126.5.619|10.1001/archopht.1991.01080020019003|10.1001/archophthalmol.2009.70|10.1001/archoto.2012.46|10.1001/archotol.130.8.979|10.1001/archsurg.134.11.1254|10.1001/archsurg.137.3.278|10.1001/archsurg.139.12.1380|10.1001/jamaoto.2017.0976|10.1002/(sici)1097-0290(19980305)57:5&lt;590::aid-bit11&gt;3.0.co;2-g|10.1002/(sici)1097-0290(19980305)57:5&lt;590::aid-bit11&gt;3.3.co;2-u|10.1002/(sici)1097-0290(1999)66:1&lt;35::,NULL
PubChem & Monosaccharide codes in KEGG and SNFG (Symbol Nomenclature for Glycans),10949721,"D-Glucitol, 1,3:2,4-bis-O-((4-ethylphenyl)methylene)-","80124-42-1|NC-4[carbohydrate]|SCHEMBL1664506|bis(4-ethylbenzylidene)sorbitol|DTXSID30893644|1,3:2,4-Bis(O-p-ethylbenzylidene)-D-sorbitol|D-Glucitol, 1,3:2,4-bis-O-((4-ethylphenyl)methylene)-",415,C24H30O6,77.4,514,NULL,30,2,6,6,RPMMDFYGVMKCJU-JJKKTNRVSA-N,"(1R)-1-[(4R,4aR,8aS)-2,6-bis(4-ethylphenyl)-4,4a,8,8a-tetrahydro-[1,3]dioxino[5,4-d][1,3]dioxin-4-yl]ethane-1,2-diol",NULL,17936,4,NULL,20061026,NULL,NULL
PubChem & Monosaccharide codes in KEGG and SNFG (Symbol Nomenclature for Glycans),196569,G(M1)-Oligosaccharide,G(M1)-Oligosaccharide|GM1 carbohydrate moiety|beta-D-Galp-(1-&gt;3)-beta-D-GalpNAc-(1-&gt;4)-[alpha-Neup5Ac-(2-&gt;3)]-beta-D-Galp-(1-&gt;4)-beta-D-Glcp|CHEBI:59208|Galbeta1-3GalNAcbeta1-4(Neu5Acalpha2-3)Galbeta1-4Glcbeta|Neu5Acalpha2-3(Galbeta1-3GalNAcbeta1-4)Galbeta1-4Glcbeta|alpha-Neu5Ac-(2-&gt;3)-[beta-D-Gal-(1-&gt;3)-beta-D-GalNAc-(1-&gt;4)]-beta-D-Gal-(1-&gt;4)-beta-D-Glc|alpha-Neup5Ac-(2-&gt;3)-[beta-D-Galp-(1-&gt;3)-beta-D-GalpNAc-(1-&gt;4)]-beta-D-Galp-(1-&gt;4)-beta-D-Glcp|O-(N-acetyl-alpha-neuram,999,C37H62N2O29,502,1660,NULL,68,19,29,18,NSWYGIPOSHIRHB-ZMCCZBDLSA-N,"(2S,4S,5R,6R)-5-acetamido-2-[(2R,3S,4R,5R,6S)-3-[(2S,3R,4R,5R,6R)-3-acetamido-5-hydroxy-6-(hydroxymethyl)-4-[(2R,3R,4S,5R,6R)-3,4,5-trihydroxy-6-(hydroxymethyl)oxan-2-yl]oxyoxan-2-yl]oxy-5-hydroxy-2-(hydroxymethyl)-6-[(2R,3S,4R,5R,6R)-4,5,6-trihydroxy-2-(hydroxymethyl)oxan-3-yl]oxyoxan-4-yl]oxy-4-hydroxy-6-[(1R,2R)-1,2,3-trihydroxypropyl]oxane-2-carboxylic acid",NULL,99094,7,977611,20050809,10.1002/ana.410380208|10.1002/chem.200400084|10.1007/s10719-008-9111-2|10.1016/0008-6215(83)88234-2|10.1016/0022-510x(90)90127-9|10.1016/0022-510x(93)90175-x|10.1016/0022-510x(96)00106-2|10.1016/j.carres.2009.06.038|10.1016/j.str.2013.08.024|10.1016/s0165-5728(97)00110-0|10.1021/acs.accounts.5b00480|10.1021/ja0444029|10.1023/a:1008145830153|10.1023/b:rubi.0000015775.24385.a0|10.1046/j.1365-2141.2003.04651.x|10.1073/pnas.0337590100|10.1128/iai.70.9.5008-5018.2002|10.1128/jcm.39.4.1494-1500.2001|10.1158/0008-,NULL
PubChem & Monosaccharide codes in KEGG and SNFG (Symbol Nomenclature for Glycans),45266894,GalNAc-GD1a carbohydrate moiety,GalNAc-GD1a carbohydrate moiety|CHEBI:59221|beta-D-GalpNAc-(1-&gt;4)-[alpha-Neup5Ac-(2-&gt;3)]-beta-D-Galp-(1-&gt;3)-beta-D-GalpNAc-(1-&gt;4)-[alpha-Neup5Ac-(2-&gt;3)]-beta-D-Galp-(1-&gt;4)-beta-D-Glcp|Epitope ID:130682|Q27126545|GalNAcbeta(Neu5Acalpha2-3)Galbeta1-3GalNAcbeta1-4(Neu5Acalpha2-3)Galbeta1-4Glcbeta|beta-D-GalNAc-(1-&gt;4)-[alpha-Neu5Ac-(2-&gt;3)]-beta-D-Gal-(1-&gt;3)-beta-D-GalNAc-(1-&gt;4)-[alpha-Neu5Ac-(2-&gt;3)]-beta-D-Gal-(1-&gt;4)-beta-D-Glc|2-acetamido-2-deoxy-beta-D-galactopyranosyl-(1-&,1493,C56H92N4O42,736,2780,NULL,102,27,42,29,CCMSKXCJWXHQAI-VRYPMZJXSA-N,"(2S,4S,5R,6R)-5-acetamido-2-[(2R,3R,4R,5S,6R)-2-[(2S,3R,4R,5R,6R)-3-acetamido-2-[(2R,3S,4R,5R,6S)-4-[(2S,4S,5R,6R)-5-acetamido-2-carboxy-4-hydroxy-6-[(1R,2R)-1,2,3-trihydroxypropyl]oxan-2-yl]oxy-5-hydroxy-2-(hydroxymethyl)-6-[(2R,3S,4R,5R,6R)-4,5,6-trihydroxy-2-(hydroxymethyl)oxan-3-yl]oxyoxan-3-yl]oxy-5-hydroxy-6-(hydroxymethyl)oxan-4-yl]oxy-5-[(2S,3R,4R,5R,6R)-3-acetamido-4,5-dihydroxy-6-(hydroxymethyl)oxan-2-yl]oxy-3-hydroxy-6-(hydroxymethyl)oxan-4-yl]oxy-4-hydroxy-6-[(1R,2R)-1,2,3-trihydroxypropyl]oxane",NULL,784,3,NULL,20100507,10.1016/s0165-5728(00)00461-6|10.1016/s0165-5728(01)00373-3,NULL
PubChem & Monosaccharide codes in KEGG and SNFG (Symbol Nomenclature for Glycans),45266861,GD1a carbohydrate moiety,GD1a carbohydrate moiety|(Gal)2(GalNAc)1(Glc)1(Neu5Ac)2|CHEBI:59209|alpha-Neup5Ac-(2-&gt;3)-beta-D-Galp-(1-&gt;3)-beta-D-GalpNAc-(1-&gt;4)-[alpha-Neup5Ac-(2-&gt;3)]-beta-D-Galp-(1-&gt;4)-beta-D-Glcp|NeuAcalpha2-3(NeuAcalpha2-3Galbeta1-3GalNAcbeta1-4)Galbeta1-4Glcbeta|alpha-sialyl-(2-&gt;3)-[alpha-sialyl-(2-&gt;3)-beta-D-galactosyl-(1-&gt;3)-N-acetyl-beta-D-galactosaminyl-(1-&gt;4)]-beta-D-galactosyl-(1-&gt;4)-beta-D-glucose|alpha-Neu5Ac-(2-&gt;3)-beta-D-Gal-(1-&gt;3)-beta-D-GalNAc-(1-&gt;4)-[alpha-Neu5Ac-(2,1290,C48H79N3O37,648,2320,NULL,88,24,37,25,JTEVUKRIOKYPOS-BPDFYASDSA-N,"(2S,4S,5R,6R)-5-acetamido-2-[(2R,3R,4S,5S,6R)-2-[(2S,3R,4R,5R,6R)-3-acetamido-2-[(2R,3S,4R,5R,6S)-4-[(2S,4S,5R,6R)-5-acetamido-2-carboxy-4-hydroxy-6-[(1R,2R)-1,2,3-trihydroxypropyl]oxan-2-yl]oxy-5-hydroxy-2-(hydroxymethyl)-6-[(2R,3S,4R,5R,6R)-4,5,6-trihydroxy-2-(hydroxymethyl)oxan-3-yl]oxyoxan-3-yl]oxy-5-hydroxy-6-(hydroxymethyl)oxan-4-yl]oxy-3,5-dihydroxy-6-(hydroxymethyl)oxan-4-yl]oxy-4-hydroxy-6-[(1R,2R)-1,2,3-trihydroxypropyl]oxane-2-carboxylic acid",NULL,784,3,NULL,20100507,10.1002/ana.410380208|10.1002/ana.410380214|10.1016/0022-510x(90)90127-9|10.1016/0022-510x(96)00106-2|10.1016/j.jneuroim.2005.04.013|10.1016/j.jns.2005.01.007|10.1016/s0165-5728(96)00201-9|10.1128/iai.69.4.2462-2469.2001|10.1128/iai.70.9.5008-5018.2002|10.1136/jnnp.2006.087940|10.1136/jnnp.2009.185736|10.1212/wnl.48.3.717|10.1212/wnl.51.2.371,NULL
PubChem & Monosaccharide codes in KEGG and SNFG (Symbol Nomenclature for Glycans),45266846,GD1b carbohydrate moiety,"GD1b carbohydrate moiety|CHEBI:59222|beta-D-Galp-(1-&gt;3)-beta-D-GalpNAc-(1-&gt;4)-[alpha-Neup5Ac-(2-&gt;8)-alpha-Neup5Ac-(2-&gt;3)]-beta-D-Gal-p-(1-&gt;4)-beta-D-Glcp|5-acetamido-3,5-dideoxy-D-glycero-alpha-D-galacto-non-2-ulopyranonosyl-(2-&gt;8)-5-acetamido-3,5-dideoxy-D-glycero-alpha-D-galacto-non-2-ulopyranonosyl-(2-&gt;3)-[beta-D-galactopyranosyl-(1-&gt;3)-2-acetamido-2-deoxy-beta-D-galactopyranosyl-(1-&gt;4)]-beta-D-galactopyranosyl-(1-&gt;4)-beta-D-glucopyranose|beta-Galp-(1-&gt;3)-beta-GalpNAc-(1-",1290,C48H79N3O37,648,2320,NULL,88,24,37,25,WVUYXSSSMJZMFW-ZXGMIDBASA-N,"(2S,4S,5R,6R)-5-acetamido-6-[(1S,2R)-2-[(2S,4S,5R,6R)-5-acetamido-2-carboxy-4-hydroxy-6-[(1R,2R)-1,2,3-trihydroxypropyl]oxan-2-yl]oxy-1,3-dihydroxypropyl]-2-[(2R,3S,4R,5R,6S)-3-[(2S,3R,4R,5R,6R)-3-acetamido-5-hydroxy-6-(hydroxymethyl)-4-[(2R,3R,4S,5R,6R)-3,4,5-trihydroxy-6-(hydroxymethyl)oxan-2-yl]oxyoxan-2-yl]oxy-5-hydroxy-2-(hydroxymethyl)-6-[(2R,3S,4R,5R,6R)-4,5,6-trihydroxy-2-(hydroxymethyl)oxan-3-yl]oxyoxan-4-yl]oxy-4-hydroxyoxane-2-carboxylic acid",NULL,784,3,NULL,20100507,10.1002/ana.410380208|10.1016/0022-510x(90)90127-9|10.1016/0022-510x(93)90175-x|10.1016/0022-510x(96)00106-2|10.1212/wnl.57.4.686,NULL
PubChem & Monosaccharide codes in KEGG and SNFG (Symbol Nomenclature for Glycans),45266844,GD2 carbohydrate moiety,GD2 carbohydrate moiety|CHEBI:59218|beta-D-GalNAc-(1-&gt;4)-[alpha-Neu5Ac-(2-&gt;8)-alpha-Neu5Ac-(2-&gt;3)]-beta-D-Gal-(1-&gt;4)-beta-D-Glc|Neu5Acalpha2-8Neu5Acalpha2-3(GalNAcbeta1-4)Galbeta1-4Glcbeta|beta-D-GalpNAc-(1-&gt;4)-[alpha-NeupAc-(2-&gt;8)-alpha-Neup5Ac-(2-&gt;3)]-beta-D-Galp-(1-&gt;4)-beta-D-Glcp|N-acetyl-alpha-neuraminyl-(2-&gt;8)-N-acetyl-alpha-neuraminyl-(2-&gt;3)-[N-acetyl-beta-D-galactosaminyl-(1-&gt;4)]-beta-D-galactosyl-(1-&gt;4)-beta-D-glucose|N-acetyl-beta-D-galactosaminyl-(1-&gt;4)-[alp,1128,C42H69N3O32,569,2000,NULL,77,21,32,22,QBILBYXKBDIUHD-GYJSMNATSA-N,"(2S,4S,5R,6R)-5-acetamido-6-[(1S,2R)-2-[(2S,4S,5R,6R)-5-acetamido-2-carboxy-4-hydroxy-6-[(1R,2R)-1,2,3-trihydroxypropyl]oxan-2-yl]oxy-1,3-dihydroxypropyl]-2-[(2R,3S,4R,5R,6S)-3-[(2S,3R,4R,5R,6R)-3-acetamido-4,5-dihydroxy-6-(hydroxymethyl)oxan-2-yl]oxy-5-hydroxy-2-(hydroxymethyl)-6-[(2R,3S,4R,5R,6R)-4,5,6-trihydroxy-2-(hydroxymethyl)oxan-3-yl]oxyoxan-4-yl]oxy-4-hydroxyoxane-2-carboxylic acid",NULL,784,3,NULL,20100507,NULL,NULL
PubChem & Monosaccharide codes in KEGG and SNFG (Symbol Nomenclature for Glycans),45266845,GM2 carbohydrate moiety,GM2 carbohydrate moiety|CHEBI:59220|Neu5Acalpha2-3(GalNAcbeta1-4)Galbeta1-4Glcbeta|beta-D-GlcpNAc-(1-&gt;4)-[alpha-Neup5Ac-(2-&gt;3)]-beta-D-Galp-(1-&gt;4)-beta-D-Glcp|beta-D-GlcNAc-(1-&gt;4)-[alpha-Neu5Ac-(2-&gt;3)]-beta-D-Gal-(1-&gt;4)-beta-D-Glc|N-acetyl-alpha-neuraminyl-(2-&gt;3)-[N-acetyl-beta-D-galactosaminyl-(1-&gt;4)]-beta-D-galactosyl-(1-&gt;4)-beta-D-glucose|N-acetyl-beta-D-galactosaminyl-(1-&gt;4)-[alpha-N-acetylneuraminosyl-(2-&gt;3)]-beta-D-galactosyl-(1-&gt;4)-beta-D-glucose|2-acetamido-2-deox,837,C31H52N2O24,423,1350,NULL,57,16,24,15,CWLQYBRROKYXCE-XMPJNEMZSA-N,"(2S,4S,5R,6R)-5-acetamido-2-[(2R,3S,4R,5R,6S)-3-[(2S,3R,4R,5R,6R)-3-acetamido-4,5-dihydroxy-6-(hydroxymethyl)oxan-2-yl]oxy-5-hydroxy-2-(hydroxymethyl)-6-[(2R,3S,4R,5R,6R)-4,5,6-trihydroxy-2-(hydroxymethyl)oxan-3-yl]oxyoxan-4-yl]oxy-4-hydroxy-6-[(1R,2R)-1,2,3-trihydroxypropyl]oxane-2-carboxylic acid",NULL,784,3,NULL,20100507,10.1016/0022-510x(96)00106-2,NULL
PubChem & Monosaccharide codes in KEGG and SNFG (Symbol Nomenclature for Glycans),45266843,GQ1b carbohydrate moiety,GQ1b carbohydrate moiety|CHEBI:59212|(Gal)2(GalNAc)1(Glc)1(Neu5Ac)4|alpha-Neu5Ac-(2-&gt;8)-alpha-Neu5Ac-(2-&gt;3)-beta-Galp-(1-&gt;3)-beta-GalpNAc-(1-&gt;4)-[alpha-Neu5Ac-(2-&gt;8)-alpha-Neu5Ac-(2-&gt;3)]-beta-Galp-(1-&gt;4)-beta-Glcp|Epitope ID:130675|N-acetyl-alpha-neuraminyl-(2-&gt;8)-N-acetyl-alpha-neuraminyl-(2-&gt;3)-[N-acetyl-alpha-neuraminyl-(2-&gt;8)-N-acetyl-alpha-neuraminyl-(2-&gt;3)-beta-D-galactosyl-(1-&gt;3)-N-acetyl-beta-D-galactosaminyl-(1-&gt;4)]-beta-D-galactosyl-(1-&gt;4)-beta-D-glucose|a,1873,C70H113N5O53,939,3720,NULL,128,34,53,39,OSJKIOJNKRDAKQ-UUEDUGPRSA-N,"(2S,4S,5R,6R)-5-acetamido-2-[(2R,3R,4S,5S,6R)-2-[(2S,3R,4R,5R,6R)-3-acetamido-2-[(2R,3S,4R,5R,6S)-4-[(2S,4S,5R,6R)-5-acetamido-6-[(1S,2R)-2-[(2S,4S,5R,6R)-5-acetamido-2-carboxy-4-hydroxy-6-[(1R,2R)-1,2,3-trihydroxypropyl]oxan-2-yl]oxy-1,3-dihydroxypropyl]-2-carboxy-4-hydroxyoxan-2-yl]oxy-5-hydroxy-2-(hydroxymethyl)-6-[(2R,3S,4R,5R,6R)-4,5,6-trihydroxy-2-(hydroxymethyl)oxan-3-yl]oxyoxan-3-yl]oxy-5-hydroxy-6-(hydroxymethyl)oxan-4-yl]oxy-3,5-dihydroxy-6-(hydroxymethyl)oxan-4-yl]oxy-6-[(1S,2R)-2-[(2S,4S,5R,6R)-",NULL,784,3,NULL,20100507,10.1002/ana.410370218|10.1016/0022-510x(96)00106-2|10.1016/j.jns.2009.10.008|10.1016/s0165-5728(97)00110-0|10.1128/iai.70.9.5008-5018.2002|10.1212/wnl.57.4.686,NULL
PubChem & Monosaccharide codes in KEGG and SNFG (Symbol Nomenclature for Glycans),45266863,GT1a carbohydrate moiety,GT1a carbohydrate moiety|CHEBI:59215|alpha-Neup5Ac-(2-&gt;8)-alpha-Neup5Ac-(2-&gt;3)-beta-D-Galp-(1-&gt;3)-beta-D-GalpNAc-(1-&gt;4)-[alpha-Neup5Ac-(2-&gt;3)]-beta-D-Galp-(1-&gt;4)-beta-D-Glcp|Epitope ID:130686|Q27126540|Neu5Acalpha2-8Neu5Acalpha2-3Galbeta1-3GalNAcbeta1-4(Neu5Acalpha2-3)Galbeta1-4Glcbeta|alpha-Neu5Ac-(2-&gt;8)-alpha-Neu5Ac-(2-&gt;3)-beta-Gal-(1-&gt;3)-beta-GalNAc-(1-&gt;4)-[alpha-Neu5Ac-(2-&gt;3)]-beta-Gal-(1-&gt;4)-beta-Glc|alpha-Neu5Ac-(2-&gt;8)-alpha-Neu5Ac-(2-&gt;3)-beta-Galp-(1-&gt;3)-b,1581,C59H96N4O45,793,3010,NULL,108,29,45,32,NQOVJZWEOYBBET-PZNLBNHOSA-N,"(2S,4S,5R,6R)-5-acetamido-2-[(2R,3R,4S,5S,6R)-2-[(2S,3R,4R,5R,6R)-3-acetamido-2-[(2R,3S,4R,5R,6S)-4-[(2S,4S,5R,6R)-5-acetamido-2-carboxy-4-hydroxy-6-[(1R,2R)-1,2,3-trihydroxypropyl]oxan-2-yl]oxy-5-hydroxy-2-(hydroxymethyl)-6-[(2R,3S,4R,5R,6R)-4,5,6-trihydroxy-2-(hydroxymethyl)oxan-3-yl]oxyoxan-3-yl]oxy-5-hydroxy-6-(hydroxymethyl)oxan-4-yl]oxy-3,5-dihydroxy-6-(hydroxymethyl)oxan-4-yl]oxy-6-[(1S,2R)-2-[(2S,4S,5R,6R)-5-acetamido-2-carboxy-4-hydroxy-6-[(1R,2R)-1,2,3-trihydroxypropyl]oxan-2-yl]oxy-1,3-dihydroxyp",NULL,784,3,NULL,20100507,10.1212/wnl.57.4.686,NULL
PubChem & Monosaccharide codes in KEGG and SNFG (Symbol Nomenclature for Glycans),45266781,GT1b carbohydrate moiety,GT1b carbohydrate moiety|CHEBI:59225|alpha-Neu5Ac-(2-&gt;3)-beta-Gal-(1-&gt;3)-beta-GalNAc-(1-&gt;4)-[alpha-Neu5Ac-(2-&gt;8)-alpha-Neu5Ac-(2-&gt;3)]-beta-Gal-(1-&gt;4)-beta-Glc|alpha-Neu5Ac-(2-&gt;3)-beta-Galp-(1-&gt;3)-beta-GalpNAc-(1-&gt;4)-[alpha-Neu5Ac-(2-&gt;8)-alpha-Neu5Ac-(2-&gt;3)]-beta-Galp-(1-&gt;4)-beta-Glcp|Epitope ID:130680|Q27126548|Neu5Acalpha2-3Galbeta1-3GalNAcbeta1-4(Neu5Acalpha2-8Neu5Acalpha2-3)Galbeta1-4Glcbeta|N-acetyl-alpha-neuraminyl-(2-&gt;3)-beta-D-galactosyl-(1-&gt;3)-N-acetyl-beta-,1581,C59H96N4O45,793,3010,NULL,108,29,45,32,IHIFHCCZLOZYNI-PZNLBNHOSA-N,"(2S,4S,5R,6R)-5-acetamido-2-[(2R,3R,4S,5S,6R)-2-[(2S,3R,4R,5R,6R)-3-acetamido-2-[(2R,3S,4R,5R,6S)-4-[(2S,4S,5R,6R)-5-acetamido-6-[(1S,2R)-2-[(2S,4S,5R,6R)-5-acetamido-2-carboxy-4-hydroxy-6-[(1R,2R)-1,2,3-trihydroxypropyl]oxan-2-yl]oxy-1,3-dihydroxypropyl]-2-carboxy-4-hydroxyoxan-2-yl]oxy-5-hydroxy-2-(hydroxymethyl)-6-[(2R,3S,4R,5R,6R)-4,5,6-trihydroxy-2-(hydroxymethyl)oxan-3-yl]oxyoxan-3-yl]oxy-5-hydroxy-6-(hydroxymethyl)oxan-4-yl]oxy-3,5-dihydroxy-6-(hydroxymethyl)oxan-4-yl]oxy-4-hydroxy-6-[(1R,2R)-1,2,3-t",NULL,784,3,NULL,20100507,10.1002/ana.410380208|10.1016/0022-510x(90)90127-9|10.1016/0022-510x(93)90175-x|10.1016/0022-510x(96)00106-2|10.1212/wnl.57.4.686,NULL
PubChem & Monosaccharide codes in KEGG and SNFG (Symbol Nomenclature for Glycans),46906103,HNK-1 carbohydrate epitope,HNK-1 carbohydrate epitope|CHEBI:60322|3-O-sulfo-beta-D-GlcA-(1-&gt;3)-beta-D-Gal-(1-&gt;4)-D-GlcNAc|3-O-sulfo-beta-D-GlcpA-(1-&gt;3)-beta-D-Galp-(1-&gt;4)-D-GlcpNAc|3-O-sulfo-beta-D-glucopyranuronosyl-(1-&gt;3)-beta-D-galactopyranosyl-(1-&gt;4)-2-acetamido-2-deoxy-D-glucopyranose|Epitope ID:142343|GlcA3Sbeta1-3Galbeta1-4GlcNAc|human natural killer-1 carbohydrate epitope|Q27127193|beta-D-GlcA3S-(1-&gt;3)-beta-D-Gal-(1-&gt;4)-D-GlcNAc|beta-D-GlcpA3S-(1-&gt;3)-beta-D-Galp-(1-&gt;4)-D-GlcpNAc,640,C20H33NO20S,346,1040,NULL,42,11,20,10,AKXIYZBZYOTHPH-SKSRJFFGSA-N,"(2S,3R,4S,5R,6R)-6-[(2S,3R,4S,5S,6R)-2-[(2R,3S,4R,5R)-5-acetamido-4,6-dihydroxy-2-(hydroxymethyl)oxan-3-yl]oxy-3,5-dihydroxy-6-(hydroxymethyl)oxan-4-yl]oxy-3,5-dihydroxy-4-sulfooxyoxane-2-carboxylic acid",NULL,784,3,NULL,20101006,10.1046/j.1471-4159.2002.01247.x|10.1136/bjo.79.5.467,NULL
PubChem & Monosaccharide codes in KEGG and SNFG (Symbol Nomenclature for Glycans),24832095,Hypromellose,"Hypromellose|oxycellulose|Tearisol|Occucoat|Isopto alkaline|Isopto plain|Isopto Naturale|Isopto Tears|Methocel E|methoxyhydroxypropylcellulose|Hypromellosum|Metolose|Methyl hydroxypropyl cellulose|methyl-hydroxypropyl-cellulose|Goniosol|Hpmcd|Tears Naturale|Carbohydrate gum|Ultra Tears|Methocel HG|Estivin II|Methocel E,F,K|Hipromelosa [Spanish]|Hypromellosum [Latin]|K8515|Methocel E, F, J, K|Hydroxypropylmethylcellulosum|Methylhydroxypropylcellulosum|Hypromellosum [INN-Latin]|Hipromelosa [INN-Spanish]|Hydro",749,C32H60O19,241,952,NULL,51,6,19,21,VUKAUDKDFVSVFT-UHFFFAOYSA-N,"2-[6-[4,5-bis(2-hydroxypropoxy)-2-(2-hydroxypropoxymethyl)-6-methoxyoxan-3-yl]oxy-4,5-dimethoxy-2-(methoxymethyl)oxan-3-yl]oxy-6-(hydroxymethyl)-5-methoxyoxane-3,4-diol",Hypromellose Derivatives,3888,6,NULL,20080709,10.1007/s004170000237,NULL
PubChem & Monosaccharide codes in KEGG and SNFG (Symbol Nomenclature for Glycans),5288424,N-Acetyl-alpha-neuraminyl-(2->3)-beta-D-galactosyl-(1->4)-beta-D-glucose,"GM3 carbohydrate moiety|UNII-H668G020YH|CHEMBL3764379|Neu5Acalpha2-3Galbeta1-4Glcbeta|H668G020YH|N-acetyl-alpha-neuraminyl-(2-&gt;3)-beta-D-galactosyl-(1-&gt;4)-beta-D-glucose|alpha-Neu5Ac-(2-&gt;3)-beta-D-Gal-(1-&gt;4)-beta-D-Glc|alpha-Neup5Ac-(2-&gt;3)-beta-D-Galp-(1-&gt;4)-beta-D-Glcp|alpha-N-acetylneuraminyl-(2-&gt;3)-beta-D-galactosyl-(1-&gt;4)-beta-D-glucose|5-acetamido-3,5-dideoxy-D-glycero-alpha-D-galacto-non-2-ulopyranonosyl-(2-&gt;3)-beta-D-galactopyranosyl-(1-&gt;4)-beta-D-glucopyranose|4lbl|4lbo",634,C23H39NO19,335,944,NULL,43,13,19,11,CILYIEBUXJIHCO-UITFWXMXSA-N,"(2S,4S,5R,6R)-5-acetamido-2-[(2R,3S,4S,5R,6S)-3,5-dihydroxy-2-(hydroxymethyl)-6-[(2R,3S,4R,5R,6R)-4,5,6-trihydroxy-2-(hydroxymethyl)oxan-3-yl]oxyoxan-4-yl]oxy-4-hydroxy-6-[(1R,2R)-1,2,3-trihydroxypropyl]oxane-2-carboxylic acid",NULL,33302,5,"977,611,127,850,712,000,000,000,000",20051129,10.1016/j.bmc.2016.01.039|10.1016/j.jmb.2013.12.004|10.1074/jbc.m110.195925,NULL
PubChem & Monosaccharide codes in KEGG and SNFG (Symbol Nomenclature for Glycans),5780,Sorbitol,"D-Sorbitol|sorbitol|D-Glucitol|50-70-4|glucitol|L-Gulitol|(-)-Sorbitol|Glucarine|Multitol|Sorbilande|Diakarmon|Sorbostyl|Sorbol|Sorbite|Nivitin|Karion|Esasorb|Neosorb|D-(-)-Sorbitol|Cholaxine|Siosan|Sionon|Sionit|Sionite|Karion instant|Sorbitol F|Sorbitol FP|Sorbex Rp|Sorbitol syrup C|Sorbex X|Sorbex R|Sorbex M|Sorbex S|Sionit K|D-Sorbol|Hexahydric alcohol|Sorbicolan|Sorvilande|Gulitol|Neosorb P 60|D-Sorbite|Foodol D 70|Neosorb 20/60DC|Neosorb 70/70|Neosorb 70/02|Neosorb P 20/60|Karion (carbohydrate)|(2R,3R",182,C6H14O6,121,105,-3.1,12,6,6,5,FBPFZTCFMRRESA-JGWLITMVSA-N,"(2R,3R,4R,5S)-hexane-1,2,3,4,5,6-hexol",Sorbitol,131070,16,"1195,1469,1479,1511,1554,1662,1663,1672,1813,1814,1832,1850,1863,1875,1885,1899,1903,1906,1910,1947,1950,1962,1974,1979,1987,2016,2023,2025,2029,2052,2057,2066,2094,2097,2098,2099,2101,2129,2130,2156,2174,2177,2216,2221,2227,2234,2235,2237,2239,2247,2280,2300,2380,2391,2435,2445,2462,2517,2520,2521,2524,2540,2544,2550,2553,2557,2563,2599,2606,2629,2642,2648,2650,2661,2676,2685,2690,2716,2717,2718,2751,2796,2797,2805,2806,2825,30433,389349,434955,434962,434973,434989,435003,435005,435022,435030,449728,449762",20040916,10.1001/archderm.1947.01520010105011|10.1001/archinte.141.7.846|10.1001/archinte.141.7.901|10.1001/archinte.150.3.689b|10.1001/archinte.163.3.367|10.1001/archinte.1981.00340070026007|10.1001/archinte.1981.00340070081017|10.1001/archneur.1971.00490020044005|10.1001/archopht.1967.00980030149007|10.1001/archopht.1973.01000050511024|10.1001/archopht.1979.01020010530002|10.1001/archopht.1984.01040030737033|10.1001/archopht.1995.01100030029016|10.1001/archotol.1994.01880350056010|10.1001/archpedi.153.10.1098|10.1,NULL
Monosaccharide codes in KEGG and SNFG (Symbol Nomenclature for Glycans),,Glucose,,180,C6H12O6,,,,,,,,,,,,,,,,
Monosaccharide codes in KEGG and SNFG (Symbol Nomenclature for Glycans),,Galactofuranose,,180,C6H12O6,,,,,,,,,,,,,,,,
Monosaccharide codes in KEGG and SNFG (Symbol Nomenclature for Glycans),,Galactose,,180,C6H12O6,,,,,,,,,,,,,,,,
Monosaccharide codes in KEGG and SNFG (Symbol Nomenclature for Glycans),,Mannose,,180,C6H12O6,,,,,,,,,,,,,,,,
Monosaccharide codes in KEGG and SNFG (Symbol Nomenclature for Glycans),,Allose,,180,C6H12O6,,,,,,,,,,,,,,,,
Monosaccharide codes in KEGG and SNFG (Symbol Nomenclature for Glycans),,Altrose,,180,C6H12O6,,,,,,,,,,,,,,,,
Monosaccharide codes in KEGG and SNFG (Symbol Nomenclature for Glycans),,Gulose,,180,C6H12O6,,,,,,,,,,,,,,,,
Monosaccharide codes in KEGG and SNFG (Symbol Nomenclature for Glycans),,Idose,,180,C6H12O6,,,,,,,,,,,,,,,,
Monosaccharide codes in KEGG and SNFG (Symbol Nomenclature for Glycans),,Talose,,180,C6H12O6,,,,,,,,,,,,,,,,
Monosaccharide codes in KEGG and SNFG (Symbol Nomenclature for Glycans),,Ribose,,150,C5H10O5,,,,,,,,,,,,,,,,
Monosaccharide codes in KEGG and SNFG (Symbol Nomenclature for Glycans),,Arabinose,,150,C5H10O5,,,,,,,,,,,,,,,,
Monosaccharide codes in KEGG and SNFG (Symbol Nomenclature for Glycans),,Xylose,,150,C5H10O5,,,,,,,,,,,,,,,,
Monosaccharide codes in KEGG and SNFG (Symbol Nomenclature for Glycans),,Lyxose,,150,C5H10O5,,,,,,,,,,,,,,,,
Monosaccharide codes in KEGG and SNFG (Symbol Nomenclature for Glycans),,Erythrose,,120,C4H8O4,,,,,,,,,,,,,,,,
Monosaccharide codes in KEGG and SNFG (Symbol Nomenclature for Glycans),,Threose,,120,C4H8O4,,,,,,,,,,,,,,,,
Monosaccharide codes in KEGG and SNFG (Symbol Nomenclature for Glycans),,Glycero-manno-heptose,,210,C7H14O7,,,,,,,,,,,,,,,,
Monosaccharide codes in KEGG and SNFG (Symbol Nomenclature for Glycans),,Deoxyaltrose,,164,C6H12O5,,,,,,,,,,,,,,,,
Monosaccharide codes in KEGG and SNFG (Symbol Nomenclature for Glycans),,Deoxygulose,,164,C6H12O5,,,,,,,,,,,,,,,,
Monosaccharide codes in KEGG and SNFG (Symbol Nomenclature for Glycans),,Fucose,,164,C6H12O5,,,,,,,,,,,,,,,,
Monosaccharide codes in KEGG and SNFG (Symbol Nomenclature for Glycans),,Rhamnose,,164,C6H12O5,,,,,,,,,,,,,,,,
Monosaccharide codes in KEGG and SNFG (Symbol Nomenclature for Glycans),,Quinovose,,164,C6H12O5,,,,,,,,,,,,,,,,
Monosaccharide codes in KEGG and SNFG (Symbol Nomenclature for Glycans),,Deoxyglucose,,164,C6H12O5,,,,,,,,,,,,,,,,
Monosaccharide codes in KEGG and SNFG (Symbol Nomenclature for Glycans),,Deoxyribose,,134,C5H10O4,,,,,,,,,,,,,,,,
Monosaccharide codes in KEGG and SNFG (Symbol Nomenclature for Glycans),,Olivose,,148,C6H12O4,,,,,,,,,,,,,,,,
Monosaccharide codes in KEGG and SNFG (Symbol Nomenclature for Glycans),,Tyvelose,,148,C6H12O4,,,,,,,,,,,,,,,,
Monosaccharide codes in KEGG and SNFG (Symbol Nomenclature for Glycans),,Ascarylose,,148,C6H12O4,,,,,,,,,,,,,,,,
Monosaccharide codes in KEGG and SNFG (Symbol Nomenclature for Glycans),,Abequose,,148,C6H12O4,,,,,,,,,,,,,,,,
Monosaccharide codes in KEGG and SNFG (Symbol Nomenclature for Glycans),,Paratose,,148,C6H12O4,,,,,,,,,,,,,,,,
Monosaccharide codes in KEGG and SNFG (Symbol Nomenclature for Glycans),,Digitoxose,,148,C6H12O4,,,,,,,,,,,,,,,,
Monosaccharide codes in KEGG and SNFG (Symbol Nomenclature for Glycans),,Colitose,,148,C6H12O4,,,,,,,,,,,,,,,,
Monosaccharide codes in KEGG and SNFG (Symbol Nomenclature for Glycans),,Glucoronic acid,,194,C6H10O7,,,,,,,,,,,,,,,,
Monosaccharide codes in KEGG and SNFG (Symbol Nomenclature for Glycans),,Galacturonic acid,,194,C6H10O7,,,,,,,,,,,,,,,,
Monosaccharide codes in KEGG and SNFG (Symbol Nomenclature for Glycans),,Mannuronic acid,,194,C6H10O7,,,,,,,,,,,,,,,,
Monosaccharide codes in KEGG and SNFG (Symbol Nomenclature for Glycans),,Alluronic acid,,194,C6H10O7,,,,,,,,,,,,,,,,
Monosaccharide codes in KEGG and SNFG (Symbol Nomenclature for Glycans),,Alturonic Acid,,194,C6H10O7,,,,,,,,,,,,,,,,
Monosaccharide codes in KEGG and SNFG (Symbol Nomenclature for Glycans),,Guluronic acid,,194,C6H10O7,,,,,,,,,,,,,,,,
Monosaccharide codes in KEGG and SNFG (Symbol Nomenclature for Glycans),,Iduronic acid,,194,C6H10O7,,,,,,,,,,,,,,,,
Monosaccharide codes in KEGG and SNFG (Symbol Nomenclature for Glycans),,Taluronic acid,,194,C6H10O7,,,,,,,,,,,,,,,,
Monosaccharide codes in KEGG and SNFG (Symbol Nomenclature for Glycans),,Erythritol ,,122,C4H10O4,,,,,,,,,,,,,,,,
Monosaccharide codes in KEGG and SNFG (Symbol Nomenclature for Glycans),,Arabinitol,,152,C5H12O5,,,,,,,,,,,,,,,,
Monosaccharide codes in KEGG and SNFG (Symbol Nomenclature for Glycans),,Xylitol,,152,C5H12O5,,,,,,,,,,,,,,,,
Monosaccharide codes in KEGG and SNFG (Symbol Nomenclature for Glycans),,Ribitol,,152,C5H12O5,,,,,,,,,,,,,,,,
Monosaccharide codes in KEGG and SNFG (Symbol Nomenclature for Glycans),,Galacitol,,182,C6H14O6,,,,,,,,,,,,,,,,
Monosaccharide codes in KEGG and SNFG (Symbol Nomenclature for Glycans),,Mannitol,,182,C6H14O6,,,,,,,,,,,,,,,,
Monosaccharide codes in KEGG and SNFG (Symbol Nomenclature for Glycans),,Psicose,,180,C6H12O6,,,,,,,,,,,,,,,,
Monosaccharide codes in KEGG and SNFG (Symbol Nomenclature for Glycans),,Fructose,,180,C6H12O6,,,,,,,,,,,,,,,,
Monosaccharide codes in KEGG and SNFG (Symbol Nomenclature for Glycans),,Sorbose,,178,C6H10O6,,,,,,,,,,,,,,,,
Monosaccharide codes in KEGG and SNFG (Symbol Nomenclature for Glycans),,Tagatose,,180,C6H12O6,,,,,,,,,,,,,,,,
Monosaccharide codes in KEGG and SNFG (Symbol Nomenclature for Glycans),,Xylulose,,150,C5H10O5,,,,,,,,,,,,,,,,
Monosaccharide codes in KEGG and SNFG (Symbol Nomenclature for Glycans),,Sedoheptulose,,210,C7H14O7,,,,,,,,,,,,,,,,
Monosaccharide codes in KEGG and SNFG (Symbol Nomenclature for Glycans),,Apiose,,150,C5H10O5,,,,,,,,,,,,,,,,
Monosaccharide codes in KEGG and SNFG (Symbol Nomenclature for Glycans),,Thevtose,,178,C7H14O5,,,,,,,,,,,,,,,,
Monosaccharide codes in KEGG and SNFG (Symbol Nomenclature for Glycans),,Acofriose,,178,C7H14O5,,,,,,,,,,,,,,,,
Monosaccharide codes in KEGG and SNFG (Symbol Nomenclature for Glycans),,Cymarose,,162,C7H14O4,,,,,,,,,,,,,,,,
Monosaccharide codes in KEGG and SNFG (Symbol Nomenclature for Glycans),,3-deoxy-lyxo-heptulosaric acid,,222,C7H10O8,,,,,,,,,,,,,,,,
Monosaccharide codes in KEGG and SNFG (Symbol Nomenclature for Glycans),,ketodeoxyoctonic acid,,238,C8H14O8,,,,,,,,,,,,,,,,
Monosaccharide codes in KEGG and SNFG (Symbol Nomenclature for Glycans),,Ketodeoxynonoic acid,,268,C9H16O9,,,,,,,,,,,,,,,,
