,m/z,Calibrated m/z,Calculated m/z,H/C,O/C,Molecular Formula,C,H,O,S,N,13C,N/C
0,656.4658814,656.4645566,656.4644102,1.657894737,0.157894737,C38 H63 O6 N3,38,63,6,0,3,0,0.078947368
1,617.0795364,617.0783291,617.0784227,0.814814815,0.62962963,C27 H22 O17,27,22,17,0,0,0,0
2,607.2407291,607.2395506,607.2396148,1.333333333,0.433333333,C30 H40 O13,30,40,13,0,0,0,0
3,606.1412271,606.1400519,606.139918,1.115384615,0.461538462,C26 H29 O12 S1 N3,26,29,12,1,3,0,0.115384615
4,605.2246287,605.2234562,605.2233133,1.909090909,0.681818182,C22 H42 O15 S1 N2,22,42,15,1,2,0,0.090909091
5,603.2452866,603.2441198,603.2441871,0.727272727,0.022727273,C44 H32 O1 N2,44,32,1,0,2,0,0.045454545
6,603.2088549,603.2076882,603.2076632,1.818181818,0.681818182,C22 H40 O15 S1 N2,22,40,15,1,2,0,0.090909091
7,595.2407163,595.2395728,595.2396148,1.379310345,0.448275862,C29 H40 O13,29,40,13,0,0,0,0
8,593.0795465,593.0784093,593.0784227,0.88,0.68,C25 H22 O17,25,22,17,0,0,0,0
9,591.1362272,591.1350956,591.1348922,1.684210526,0.894736842,C19 H32 O17 S1 N2,19,32,17,1,2,0,0.105263158
10,591.0997596,591.0986281,591.0985067,1.555555556,1,C18 H28 O18 S1 N2,18,28,18,1,2,0,0.111111111
11,591.0636183,591.0624869,591.0627726,0.8,0.68,C25 H20 O17,25,20,17,0,0,0,0
12,589.2298588,589.2287327,589.2285371,0.697674419,0.023255814,C43 H30 O1 N2,43,30,1,0,2,0,0.046511628
13,589.1935884,589.1924624,589.1926646,1.172413793,0.448275862,C29 H34 O13,29,34,13,0,0,0,0
14,585.0894342,585.08832,585.0885935,0.814814815,0.555555556,C27 H22 O15,27,22,15,0,0,0,0
15,583.2040869,583.2029782,583.2032293,1.333333333,0.518518519,C27 H36 O14,27,36,14,0,0,0,0
16,581.0579317,581.0568291,581.0566419,1.157894737,0.894736842,C19 H22 O17 S1 N2,19,22,17,1,2,0,0.105263158
17,579.2453535,579.2442561,579.2441871,0.761904762,0.023809524,C42 H32 O1 N2,42,32,1,0,2,0,0.047619048
18,579.2094619,579.2083646,579.2083147,1.285714286,0.464285714,C28 H36 O13,28,36,13,0,0,0,0
19,577.2298753,577.2287837,577.2290501,1.310344828,0.413793103,C29 H38 O12,29,38,12,0,0,0,0
20,577.2298753,577.2287837,577.2285371,0.714285714,0.023809524,C42 H30 O1 N2,42,30,1,0,2,0,0.047619048
21,577.1932638,577.1921723,577.1920132,1.9,0.75,C20 H38 O15 S1 N2,20,38,15,1,2,0,0.1
22,577.1568382,577.1557468,577.1556277,1.789473684,0.842105263,C19 H34 O16 S1 N2,19,34,16,1,2,0,0.105263158
23,577.0848609,577.0837697,577.0835081,0.88,0.64,C25 H22 O16,25,22,16,0,0,0,0
24,575.1052322,575.1041466,575.1042435,0.923076923,0.576923077,C26 H24 O15,26,24,15,0,0,0,0
25,575.0687278,575.0676424,575.067858,0.8,0.64,C25 H20 O16,25,20,16,0,0,0,0
26,573.2353257,573.2342455,573.2341355,1.266666667,0.366666667,C30 H38 O11,30,38,11,0,0,0,0
27,573.1990581,573.197978,573.19775,1.172413793,0.413793103,C29 H34 O12,29,34,12,0,0,0,0
28,571.2190585,571.2179841,571.217834,1.818181818,0.590909091,C22 H40 O13 S1 N2,22,40,13,1,2,0,0.090909091
29,569.1880896,569.187021,569.1869278,2.111111111,0.888888889,C18 H38 O16 S1 N2,18,38,16,1,2,0,0.111111111
30,567.2457351,567.2446719,567.2447002,1.428571429,0.428571429,C28 H40 O12,28,40,12,0,0,0,0
31,567.209149,567.208086,567.2083147,1.333333333,0.481481481,C27 H36 O13,27,36,13,0,0,0,0
32,567.1363896,567.1353268,567.1355437,1.12,0.6,C25 H28 O15,25,28,15,0,0,0,0
33,567.1000712,567.0990085,567.0991582,1,0.666666667,C24 H24 O16,24,24,16,0,0,0,0
34,567.0792605,567.0781978,567.0780288,0.740740741,0.518518519,C27 H20 O14,27,20,14,0,0,0,0
35,565.1935965,565.1925392,565.1926646,1.259259259,0.481481481,C27 H34 O13,27,34,13,0,0,0,0
36,565.1568649,565.1558077,565.1556277,1.888888889,0.888888889,C18 H34 O16 S1 N2,18,34,16,1,2,0,0.111111111
37,565.120507,565.1194499,565.1192422,1.764705882,1,C17 H30 O17 S1 N2,17,30,17,1,2,0,0.117647059
38,565.0843889,565.0833319,565.0835081,0.916666667,0.666666667,C24 H22 O16,24,22,16,0,0,0,0
39,563.2509761,563.2499243,563.2497856,1.379310345,0.379310345,C29 H40 O11,29,40,11,0,0,0,0
40,563.2140539,563.2130022,563.212887,0.682926829,0.024390244,C41 H28 O1 N2,41,28,1,0,2,0,0.048780488
41,563.1775436,563.176492,563.1763631,1.894736842,0.789473684,C19 H36 O15 S1 N2,19,36,15,1,2,0,0.105263158
42,563.105283,563.1042316,563.1042435,0.96,0.6,C25 H24 O15,25,24,15,0,0,0,0
43,561.2716006,561.2705544,561.270521,1.4,0.333333333,C30 H42 O10,30,42,10,0,0,0,0
44,561.2350369,561.2339908,561.2341355,1.310344828,0.379310345,C29 H38 O11,29,38,11,0,0,0,0
45,561.1986938,561.1976478,561.19775,1.214285714,0.428571429,C28 H34 O12,28,34,12,0,0,0,0
46,561.1624681,561.1614222,561.1613645,1.111111111,0.481481481,C27 H30 O13,27,30,13,0,0,0,0
47,561.1262632,561.1252174,561.124979,1,0.538461538,C26 H26 O14,26,26,14,0,0,0,0
48,559.2555069,559.2544665,559.2542195,2,0.545454545,C22 H44 O12 S1 N2,22,44,12,1,2,0,0.090909091
49,559.1831667,559.1821264,559.1820999,1.142857143,0.428571429,C28 H32 O12,28,32,12,0,0,0,0
50,557.0945521,557.0935177,557.0936789,0.846153846,0.538461538,C26 H22 O14,26,22,14,0,0,0,0
51,555.2095636,555.2085345,555.2083147,1.384615385,0.5,C26 H36 O13,26,36,13,0,0,0,0
52,555.1000491,555.0990204,555.0991582,1.043478261,0.695652174,C23 H24 O16,23,24,16,0,0,0,0
53,555.0789963,555.0779676,555.0780288,0.769230769,0.538461538,C26 H20 O14,26,20,14,0,0,0,0
54,555.0638249,555.0627963,555.0627726,0.909090909,0.772727273,C22 H20 O17,22,20,17,0,0,0,0
55,555.0428263,555.0417977,555.0416433,0.64,0.6,C25 H16 O15,25,16,15,0,0,0,0
56,553.2295917,553.2285682,553.2285371,0.75,0.025,C40 H30 O1 N2,40,30,1,0,2,0,0.05
57,553.193507,553.1924836,553.1926646,1.307692308,0.5,C26 H34 O13,26,34,13,0,0,0,0
58,551.141659,551.1406414,551.140629,1.12,0.56,C25 H28 O14,25,28,14,0,0,0,0
59,551.1050428,551.1040253,551.1042435,1,0.625,C24 H24 O15,24,24,15,0,0,0,0
60,551.0838855,551.0828681,551.0831142,0.740740741,0.481481481,C27 H20 O13,27,20,13,0,0,0,0
61,551.0686122,551.0675947,551.067858,0.869565217,0.695652174,C23 H20 O16,23,20,16,0,0,0,0
62,549.2710913,549.270079,549.2698696,2.19047619,0.571428571,C21 H46 O12 S1 N2,21,46,12,1,2,0,0.095238095
63,549.2345934,549.2335811,549.2334841,2.1,0.65,C20 H42 O13 S1 N2,20,42,13,1,2,0,0.1
64,549.1984671,549.197455,549.1972369,0.65,0.025,C40 H26 O1 N2,40,26,1,0,2,0,0.05
65,549.1626078,549.1615957,549.1613645,1.153846154,0.5,C26 H30 O13,26,30,13,0,0,0,0
66,547.2197288,547.2187222,547.2184854,1.285714286,0.392857143,C28 H36 O11,28,36,11,0,0,0,0
67,547.1831442,547.1821377,547.1820999,1.185185185,0.444444444,C27 H32 O12,27,32,12,0,0,0,0
68,547.1466014,547.145595,547.1457144,1.076923077,0.5,C26 H28 O13,26,28,13,0,0,0,0
69,547.1100988,547.1090925,547.1093289,0.96,0.56,C25 H24 O14,25,24,14,0,0,0,0
70,547.0737722,547.072766,547.0729434,0.833333333,0.625,C24 H20 O15,24,20,15,0,0,0,0
71,547.0377595,547.0367534,547.0365579,0.695652174,0.695652174,C23 H16 O16,23,16,16,0,0,0,0
72,545.2402934,545.2392923,545.2392209,1.310344828,0.344827586,C29 H38 O10,29,38,10,0,0,0,0
73,545.0947065,545.0937058,545.0936789,0.88,0.56,C25 H22 O14,25,22,14,0,0,0,0
74,545.0791514,545.0781508,545.0784227,1.047619048,0.80952381,C21 H22 O17,21,22,17,0,0,0,0
75,545.0578529,545.0568523,545.0566419,1.375,1.0625,C16 H22 O17 S1 N2,16,22,17,1,2,0,0.125
76,543.2243553,543.2233598,543.2235708,1.24137931,0.344827586,C29 H36 O10,29,36,10,0,0,0,0
77,543.1882368,543.1872414,543.1871853,1.142857143,0.392857143,C28 H32 O11,28,32,11,0,0,0,0
78,541.2295753,541.2285854,541.2285371,0.769230769,0.025641026,C39 H30 O1 N2,39,30,1,0,2,0,0.051282051
79,541.2083523,541.2073625,541.2072693,1.80952381,0.571428571,C21 H38 O12 S1 N2,21,38,12,1,2,0,0.095238095
80,541.1931301,541.1921403,541.1920132,2.235294118,0.882352941,C17 H38 O15 S1 N2,17,38,15,1,2,0,0.117647059
81,541.1363066,541.135317,541.1351497,0.962962963,0.444444444,C27 H26 O12,27,26,12,0,0,0,0
82,541.121116,541.1201265,541.1198936,1.130434783,0.652173913,C23 H26 O15,23,26,15,0,0,0,0
83,539.2144477,539.2134634,539.2134001,1.384615385,0.461538462,C26 H36 O12,26,36,12,0,0,0,0
84,539.0841003,539.0831164,539.0831142,0.769230769,0.5,C26 H20 O13,26,20,13,0,0,0,0
85,537.2351118,537.2341331,537.2341355,1.407407407,0.407407407,C27 H38 O11,27,38,11,0,0,0,0
86,537.1984215,537.1974429,537.1972369,0.666666667,0.025641026,C39 H26 O1 N2,39,26,1,0,2,0,0.051282051
87,537.1618766,537.1608981,537.160713,2,0.882352941,C17 H34 O15 S1 N2,17,34,15,1,2,0,0.117647059
88,537.1257796,537.1248012,537.124979,1.083333333,0.583333333,C24 H26 O14,24,26,14,0,0,0,0
89,537.0897314,537.088753,537.0885935,0.956521739,0.652173913,C23 H22 O15,23,22,15,0,0,0,0
90,535.2194127,535.2184395,535.2184854,1.333333333,0.407407407,C27 H36 O11,27,36,11,0,0,0,0
91,535.1826083,535.1816352,535.1815869,0.615384615,0.025641026,C39 H24 O1 N2,39,24,1,0,2,0,0.051282051
92,535.1461713,535.1451983,535.145063,1.882352941,0.882352941,C17 H32 O15 S1 N2,17,32,15,1,2,0,0.117647059
93,535.1101328,535.10916,535.1093289,1,0.583333333,C24 H24 O14,24,24,14,0,0,0,0
94,533.2767804,533.2758126,533.2756064,1.448275862,0.310344828,C29 H42 O9,29,42,9,0,0,0,0
95,533.2400593,533.2390916,533.2392209,1.357142857,0.357142857,C28 H38 O10,28,38,10,0,0,0,0
96,533.167154,533.1661866,533.1664499,1.153846154,0.461538462,C26 H30 O12,26,30,12,0,0,0,0
97,533.167154,533.1661866,533.1659368,0.564102564,0.025641026,C39 H22 O1 N2,39,22,1,0,2,0,0.051282051
98,533.131165,533.1301976,533.1300644,1.04,0.52,C25 H26 O13,25,26,13,0,0,0,0
99,531.2244583,531.2234962,531.2235708,1.285714286,0.357142857,C28 H36 O10,28,36,10,0,0,0,0
100,531.0639884,531.0630267,531.0627726,1,0.85,C20 H20 O17,20,20,17,0,0,0,0
101,531.042673,531.0417114,531.0416433,0.695652174,0.652173913,C23 H16 O15,23,16,15,0,0,0,0
102,529.1362237,529.1352674,529.1351497,1,0.461538462,C26 H26 O12,26,26,12,0,0,0,0
103,529.1206773,529.119721,529.1198936,1.181818182,0.681818182,C22 H26 O15,22,26,15,0,0,0,0
104,529.0992701,529.0983139,529.0981128,1.529411765,0.882352941,C17 H26 O15 S1 N2,17,26,15,1,2,0,0.117647059
105,529.0629337,529.0619776,529.0617273,1.375,1,C16 H22 O16 S1 N2,16,22,16,1,2,0,0.125
106,529.047879,529.0469229,529.0471226,0.9,0.85,C20 H18 O17,20,18,17,0,0,0,0
107,529.026976,529.02602,529.0259932,0.608695652,0.652173913,C23 H14 O15,23,14,15,0,0,0,0
108,527.2298362,527.2288851,527.2286562,1.24137931,0.310344828,C29 H36 O9,29,36,9,0,0,0,0
109,527.2143505,527.2133995,527.2134001,1.44,0.48,C25 H36 O12,25,36,12,0,0,0,0
110,527.1930649,527.1921139,527.1922707,1.142857143,0.357142857,C28 H32 O10,28,32,10,0,0,0,0
111,527.1775143,527.1765634,527.1763631,2.25,0.9375,C16 H36 O15 S1 N2,16,36,15,1,2,0,0.125
112,527.1411855,527.1402347,527.1399776,2.133333333,1.066666667,C15 H32 O16 S1 N2,15,32,16,1,2,0,0.133333333
113,527.120185,527.1192343,527.1189866,0.41025641,0.025641026,C39 H16 O1 N2,39,16,1,0,2,0,0.051282051
114,527.1051652,527.1042145,527.1042435,1.090909091,0.681818182,C22 H24 O15,22,24,15,0,0,0,0
115,525.2352017,525.2342562,525.2341355,1.461538462,0.423076923,C26 H38 O11,26,38,11,0,0,0,0
116,525.0683736,525.0674285,525.0674641,0.72,0.52,C25 H18 O13,25,18,13,0,0,0,0
117,525.0529544,525.0520094,525.052208,0.857142857,0.761904762,C21 H18 O16,21,18,16,0,0,0,0
118,523.2560674,523.2551274,523.254871,1.481481481,0.37037037,C27 H40 O10,27,40,10,0,0,0,0
119,523.2192516,523.2183117,523.2184854,1.384615385,0.423076923,C26 H36 O11,26,36,11,0,0,0,0
120,523.182763,523.1818231,523.1815869,0.631578947,0.026315789,C38 H24 O1 N2,38,24,1,0,2,0,0.052631579
121,523.1465258,523.1455861,523.1457144,1.166666667,0.541666667,C24 H28 O13,24,28,13,0,0,0,0
122,523.1103622,523.1094226,523.1093289,1.043478261,0.608695652,C23 H24 O14,23,24,14,0,0,0,0
123,521.0941041,521.09317,521.0930274,1.733333333,1.066666667,C15 H26 O16 S1 N2,15,26,16,1,2,0,0.133333333
124,521.057985,521.0570509,521.0572933,0.818181818,0.681818182,C22 H18 O15,22,18,15,0,0,0,0
125,519.2242428,519.2233138,519.2235708,1.333333333,0.37037037,C27 H36 O10,27,36,10,0,0,0,0
126,519.0790962,519.0781676,519.0780288,0.869565217,0.608695652,C23 H20 O14,23,20,14,0,0,0,0
127,519.017462,519.0165335,519.0164912,0.6,0.75,C20 H12 O15 N2,20,12,15,0,2,0,0.1
128,517.2083258,517.2074023,517.2072693,2,0.631578947,C19 H38 O12 S1 N2,19,38,12,1,2,0,0.105263158
129,517.1723252,517.1714019,517.1715353,1.153846154,0.423076923,C26 H30 O11,26,30,11,0,0,0,0
130,515.2295613,515.2286432,515.2286562,1.285714286,0.321428571,C28 H36 O9,28,36,9,0,0,0,0
131,515.1927327,515.1918148,515.1916192,1.894736842,0.631578947,C19 H36 O12 S1 N2,19,36,12,1,2,0,0.105263158
132,515.1413638,515.140446,515.140629,1.272727273,0.636363636,C22 H28 O14,22,28,14,0,0,0,0
133,515.1206577,515.1197399,515.1194997,0.96,0.48,C25 H24 O12,25,24,12,0,0,0,0
134,513.2136831,513.2127706,513.2130061,1.214285714,0.321428571,C28 H34 O9,28,34,9,0,0,0,0
135,513.1982975,513.197385,513.1972369,0.702702703,0.027027027,C37 H26 O1 N2,37,26,1,0,2,0,0.054054054
136,513.1618528,513.1609404,513.160713,2.266666667,1,C15 H34 O15 S1 N2,15,34,15,1,2,0,0.133333333
137,513.1259904,513.1250781,513.124979,1.181818182,0.636363636,C22 H26 O14,22,26,14,0,0,0,0
138,511.2108064,511.2098994,511.2101103,0.888888889,0.027777778,C36 H32 O1 S1,36,32,1,1,0,0,0
139,511.1824818,511.1815748,511.1815869,0.648648649,0.027027027,C37 H24 O1 N2,37,24,1,0,2,0,0.054054054
140,511.1465715,511.1456646,511.1457144,1.217391304,0.565217391,C23 H28 O13,23,28,13,0,0,0,0
141,509.2035688,509.2026672,509.2028354,1.36,0.44,C25 H34 O11,25,34,11,0,0,0,0
142,509.0581963,509.0572951,509.0572933,0.857142857,0.714285714,C21 H18 O15,21,18,15,0,0,0,0
143,507.2608919,507.2599956,507.2599563,1.481481481,0.333333333,C27 H40 O9,27,40,9,0,0,0,0
144,507.0784548,507.077559,507.0773773,1.714285714,1.142857143,C14 H24 O16 S1 N2,14,24,16,1,2,0,0.142857143
145,507.0424839,507.0415882,507.0416433,0.761904762,0.714285714,C21 H16 O15,21,16,15,0,0,0,0
146,505.1718897,505.1709991,505.1708838,2,0.764705882,C17 H34 O13 S1 N2,17,34,13,1,2,0,0.117647059
147,505.1357197,505.1348292,505.1346367,0.486486486,0.027027027,C37 H18 O1 N2,37,18,1,0,2,0,0.054054054
148,503.2295859,503.2287006,503.2286562,1.333333333,0.333333333,C27 H36 O9,27,36,9,0,0,0,0
149,503.1205721,503.119687,503.1194997,1,0.5,C24 H24 O12,24,24,12,0,0,0,0
150,501.2503127,501.2494327,501.2493916,1.357142857,0.285714286,C28 H38 O8,28,38,8,0,0,0,0
151,501.162081,501.1612013,501.1613645,1.363636364,0.590909091,C22 H30 O13,22,30,13,0,0,0,0
152,501.1413324,501.1404527,501.1402351,1.04,0.44,C25 H26 O11,25,26,11,0,0,0,0
153,501.0321687,501.0312893,501.0310786,0.636363636,0.636363636,C22 H14 O14,22,14,14,0,0,0,0
154,499.1831231,499.1822487,499.1820999,1.391304348,0.52173913,C23 H32 O12,23,32,12,0,0,0,0
155,499.1617162,499.1608419,499.1609706,1.076923077,0.384615385,C26 H28 O10,26,28,10,0,0,0,0
156,499.0888497,499.0879755,499.0881995,0.833333333,0.5,C24 H20 O12,24,20,12,0,0,0,0
157,499.0737525,499.0728784,499.0729434,1,0.75,C20 H20 O15,20,20,15,0,0,0,0
158,499.0528048,499.0519308,499.051814,0.695652174,0.565217391,C23 H16 O13,23,16,13,0,0,0,0
159,499.0376536,499.0367796,499.0365579,0.842105263,0.842105263,C19 H16 O16,19,16,16,0,0,0,0
160,497.1097714,497.1089026,497.108935,0.88,0.44,C25 H22 O11,25,22,11,0,0,0,0
161,497.0943576,497.0934888,497.0936789,1.047619048,0.666666667,C21 H22 O14,21,22,14,0,0,0,0
162,495.2242868,495.2234231,495.2235708,1.44,0.4,C25 H36 O10,25,36,10,0,0,0,0
163,495.0942113,495.0933479,495.0932849,0.8,0.44,C25 H20 O11,25,20,11,0,0,0,0
164,493.0994916,493.0986336,493.0987642,1,0.590909091,C22 H22 O13,22,22,13,0,0,0,0
165,491.1203631,491.1195104,491.1194997,1.043478261,0.52173913,C23 H24 O12,23,24,12,0,0,0,0
166,491.0837551,491.0829025,491.0831142,0.909090909,0.590909091,C22 H20 O13,22,20,13,0,0,0,0
167,491.0473877,491.0465353,491.0467287,0.761904762,0.666666667,C21 H16 O14,21,16,14,0,0,0,0
168,489.1774882,489.1766407,489.1766206,1.2,0.4,C25 H30 O10,25,30,10,0,0,0,0
169,489.1406157,489.1397684,489.1395837,1.875,0.8125,C16 H30 O13 S1 N2,16,30,13,1,2,0,0.125
170,489.1042705,489.1034232,489.1033365,0.388888889,0.027777778,C36 H14 O1 N2,36,14,1,0,2,0,0.055555556
171,489.0892782,489.0884309,489.0885935,1.157894737,0.789473684,C19 H22 O15,19,22,15,0,0,0,0
172,489.0685319,489.0676847,489.0674641,0.818181818,0.590909091,C22 H18 O13,22,18,13,0,0,0,0
173,487.1826024,487.1817603,487.1815869,0.685714286,0.028571429,C35 H24 O1 N2,35,24,1,0,2,0,0.057142857
174,487.1618167,487.1609746,487.1609706,1.12,0.4,C25 H28 O10,25,28,10,0,0,0,0
175,487.052854,487.0520122,487.051814,0.727272727,0.590909091,C22 H16 O13,22,16,13,0,0,0,0
176,487.0373991,487.0365574,487.0365579,0.888888889,0.888888889,C18 H16 O16,18,16,16,0,0,0,0
177,485.1309806,485.130144,485.1300644,1.238095238,0.619047619,C21 H26 O13,21,26,13,0,0,0,0
178,485.0369509,485.0361146,485.036164,0.636363636,0.590909091,C22 H14 O13,22,14,13,0,0,0,0
179,483.1797396,483.1789082,483.1788102,0.823529412,0.029411765,C34 H28 O1 S1,34,28,1,1,0,0,0
180,483.0578147,483.0569836,483.0568994,0.695652174,0.52173913,C23 H16 O12,23,16,12,0,0,0,0
181,483.0423915,483.0415605,483.0416433,0.842105263,0.789473684,C19 H16 O15,19,16,15,0,0,0,0
182,481.1722561,481.1714301,481.1715353,1.304347826,0.47826087,C23 H30 O11,23,30,11,0,0,0,0
183,481.1640516,481.1632256,481.1631601,0.764705882,0.029411765,C34 H26 O1 S1,34,26,1,1,0,0,0
184,481.1354989,481.1346729,481.1346367,0.514285714,0.028571429,C35 H18 O1 N2,35,18,1,0,2,0,0.057142857
185,481.0993961,481.0985703,481.0987642,1.047619048,0.619047619,C21 H22 O13,21,22,13,0,0,0,0
186,480.1599267,480.1591034,480.15924,1.272727273,0.5,C22 H28 O11 13C1,23,28,11,0,0,1,0
187,480.1232438,480.1224205,480.1223414,0.470588235,0.029411765,C34 H16 O1 N2 13C1,35,16,1,0,2,1,0.057142857
188,480.0872083,480.0863852,480.086469,1,0.65,C20 H20 O13 13C1,21,20,13,0,0,1,0
189,479.1567747,479.1559541,479.1558852,1.217391304,0.47826087,C23 H28 O11,23,28,11,0,0,0,0
190,479.1200224,479.1192018,479.1189866,0.457142857,0.028571429,C35 H16 O1 N2,35,16,1,0,2,0,0.057142857
191,479.0837463,479.0829258,479.0831142,0.952380952,0.619047619,C21 H20 O13,21,20,13,0,0,0,0
192,477.2500424,477.2492269,477.2493916,1.461538462,0.307692308,C26 H38 O8,26,38,8,0,0,0,0
193,477.1411295,477.1403142,477.1402351,1.130434783,0.47826087,C23 H26 O11,23,26,11,0,0,0,0
194,477.104172,477.1033568,477.1033365,0.4,0.028571429,C35 H14 O1 N2,35,14,1,0,2,0,0.057142857
195,477.0529901,477.052175,477.052208,1.058823529,0.941176471,C17 H18 O16,17,18,16,0,0,0,0
196,475.1620033,475.1611933,475.1609706,1.166666667,0.416666667,C24 H28 O10,24,28,10,0,0,0,0
197,475.1252145,475.1244046,475.1245851,1.043478261,0.47826087,C23 H24 O11,23,24,11,0,0,0,0
198,475.0886086,475.0877987,475.0876865,0.342857143,0.028571429,C35 H12 O1 N2,35,12,1,0,2,0,0.057142857
199,475.0526624,475.0518526,475.051814,0.761904762,0.619047619,C21 H16 O13,21,16,13,0,0,0,0
200,473.1668886,473.1660839,473.1659368,0.647058824,0.029411765,C34 H22 O1 N2,34,22,1,0,2,0,0.058823529
201,473.1097206,473.108916,473.108935,0.956521739,0.47826087,C23 H22 O11,23,22,11,0,0,0,0
202,473.0946571,473.0938526,473.0936789,1.157894737,0.736842105,C19 H22 O14,19,22,14,0,0,0,0
203,471.2394161,471.2386164,471.238827,1.333333333,0.259259259,C27 H36 O7,27,36,7,0,0,0,0
204,471.1795956,471.1787961,471.1788102,0.848484848,0.03030303,C33 H28 O1 S1,33,28,1,1,0,0,0
205,471.1667805,471.165981,471.1660559,1.12,0.36,C25 H28 O9,25,28,9,0,0,0,0
206,471.0789725,471.0781733,471.0780288,1.052631579,0.736842105,C19 H20 O14,19,20,14,0,0,0,0
207,471.0208495,471.0200504,471.0198625,1.230769231,1.153846154,C13 H16 O15 S1 N2,13,16,15,1,2,0,0.153846154
208,469.1357399,469.1349458,469.1351497,1.238095238,0.571428571,C21 H26 O12,21,26,12,0,0,0,0
209,469.0631379,469.062344,469.0623787,0.947368421,0.736842105,C19 H18 O14,19,18,14,0,0,0,0
210,468.0877586,468.0869672,468.0870946,0.863636364,0.318181818,C22 H19 O7 S1 N3,22,19,7,1,3,0,0.136363636
211,467.156892,467.1561031,467.1558852,1.272727273,0.5,C22 H28 O11,22,28,11,0,0,0,0
212,467.0626763,467.0618877,467.0619848,0.695652174,0.47826087,C23 H16 O11,23,16,11,0,0,0,0
213,466.1443534,466.1435672,466.14359,1.238095238,0.523809524,C21 H26 O11 13C1,22,26,11,0,0,1,0
214,465.2137252,465.2129414,465.2130061,1.416666667,0.375,C24 H34 O9,24,34,9,0,0,0,0
215,465.1408475,465.140064,465.1402351,1.181818182,0.5,C22 H26 O11,22,26,11,0,0,0,0
216,465.0319534,465.0311701,465.0310786,0.736842105,0.736842105,C19 H14 O14,19,14,14,0,0,0,0
217,464.2015069,464.2007258,464.2007109,1.391304348,0.391304348,C23 H32 O9 13C1,24,32,9,0,0,1,0
218,463.1981616,463.1973832,463.1973561,1.333333333,0.375,C24 H32 O9,24,32,9,0,0,0,0
219,463.1251753,463.124397,463.1245851,1.090909091,0.5,C22 H24 O11,22,24,11,0,0,0,0
220,463.0891209,463.0883428,463.0881995,0.952380952,0.571428571,C21 H20 O12,21,20,12,0,0,0,0
221,463.0011561,463.0003782,463.0001724,0.8,1.133333333,C15 H12 O17,15,12,17,0,0,0,0
222,462.1858863,462.1851105,462.1850608,1.304347826,0.391304348,C23 H30 O9 13C1,24,30,9,0,0,1,0
223,461.1823784,461.1816052,461.181706,1.25,0.375,C24 H30 O9,24,30,9,0,0,0,0
224,461.1096714,461.1088985,461.108935,1,0.5,C22 H22 O11,22,22,11,0,0,0,0
225,461.0946184,461.0938455,461.0936789,1.222222222,0.777777778,C18 H22 O14,18,22,14,0,0,0,0
226,459.2030333,459.2022653,459.2024415,1.28,0.32,C25 H32 O8,25,32,8,0,0,0,0
227,459.1795764,459.1788085,459.1788102,0.875,0.03125,C32 H28 O1 S1,32,28,1,1,0,0,0
228,459.1513454,459.1505776,459.1507998,1.4,0.6,C20 H28 O12,20,28,12,0,0,0,0
229,459.1305123,459.1297445,459.1296704,1.043478261,0.434782609,C23 H24 O10,23,24,10,0,0,0,0
230,459.0425709,459.0418034,459.0416433,0.941176471,0.882352941,C17 H16 O15,17,16,15,0,0,0,0
231,459.0211235,459.020356,459.0205139,0.6,0.65,C20 H12 O13,20,12,13,0,0,0,0
232,457.187588,457.1868254,457.1867914,1.2,0.32,C25 H30 O8,25,30,8,0,0,0,0
233,457.1724987,457.1717361,457.1715353,1.428571429,0.523809524,C21 H30 O11,21,30,11,0,0,0,0
234,457.0996446,457.0988822,457.0987642,1.157894737,0.684210526,C19 H22 O13,19,22,13,0,0,0,0
235,457.0782263,457.0774639,457.0776349,0.818181818,0.5,C22 H18 O11,22,18,11,0,0,0,0
236,455.1719427,455.1711854,455.1711413,1.12,0.32,C25 H28 O8,25,28,8,0,0,0,0
237,455.1564654,455.1557081,455.1558852,1.333333333,0.523809524,C21 H28 O11,21,28,11,0,0,0,0
238,455.1483119,455.1475546,455.14751,0.75,0.03125,C32 H24 O1 S1,32,24,1,1,0,0,0
239,455.1198635,455.1191063,455.1189866,0.484848485,0.03030303,C33 H16 O1 N2,33,16,1,0,2,0,0.060606061
240,455.0839056,455.0831484,455.0831142,1.052631579,0.684210526,C19 H20 O13,19,20,13,0,0,0,0
241,453.1775168,453.1767647,453.1766206,1.363636364,0.454545455,C22 H30 O10,22,30,10,0,0,0,0
242,453.1046897,453.1039377,453.1038496,1.1,0.6,C20 H22 O12,20,22,12,0,0,0,0
243,453.0465814,453.0458296,453.0456833,1.285714286,0.928571429,C14 H18 O13 S1 N2,14,18,13,1,2,0,0.142857143
244,451.2346286,451.2338815,451.2337416,1.5,0.333333333,C24 H36 O8,24,36,8,0,0,0,0
245,451.161547,451.1608001,451.1609706,1.272727273,0.454545455,C22 H28 O10,22,28,10,0,0,0,0
246,451.0677734,451.0670267,451.0670702,0.695652174,0.434782609,C23 H16 O10,23,16,10,0,0,0,0
247,450.149293,450.1485487,450.1486753,1.238095238,0.476190476,C21 H26 O10 13C1,22,26,10,0,0,1,0
248,449.2187204,449.2179786,449.2180915,1.416666667,0.333333333,C24 H34 O8,24,34,8,0,0,0,0
249,449.14609,449.1453483,449.1453205,1.181818182,0.454545455,C22 H26 O10,22,26,10,0,0,0,0
250,449.0581563,449.0574148,449.0572933,1.125,0.9375,C16 H18 O15,16,18,15,0,0,0,0
251,449.0368075,449.0360661,449.036164,0.736842105,0.684210526,C19 H14 O13,19,14,13,0,0,0,0
252,448.0611658,448.0604269,448.0602543,0.842105263,0.631578947,C19 H16 O12 13C1,20,16,12,0,0,1,0
253,447.2029738,447.2022372,447.2024415,1.333333333,0.333333333,C24 H32 O8,24,32,8,0,0,0,0
254,447.1795179,447.1787813,447.1788102,0.903225806,0.032258065,C31 H28 O1 S1,31,28,1,1,0,0,0
255,447.0575764,447.0568402,447.0568994,0.8,0.6,C20 H16 O12,20,16,12,0,0,0,0
256,445.2234163,445.2226848,445.2225255,2.235294118,0.529411765,C17 H38 O9 S1 N2,17,38,9,1,2,0,0.117647059
257,445.1876175,445.1868861,445.1867914,1.25,0.333333333,C24 H30 O8,24,30,8,0,0,0,0
258,445.1148684,445.1141372,445.1140204,1,0.454545455,C22 H22 O10,22,22,10,0,0,0,0
259,445.0992988,445.0985677,445.0987642,1.222222222,0.722222222,C18 H22 O13,18,22,13,0,0,0,0
260,445.0418779,445.0411469,445.0412494,0.7,0.6,C20 H14 O12,20,14,12,0,0,0,0
261,445.0269096,445.0261786,445.0259932,0.875,0.9375,C16 H14 O15,16,14,15,0,0,0,0
262,443.1719832,443.171257,443.1711413,1.166666667,0.333333333,C24 H28 O8,24,28,8,0,0,0,0
263,443.1565452,443.1558191,443.1558852,1.4,0.55,C20 H28 O11,20,28,11,0,0,0,0
264,443.1483475,443.1476215,443.14751,0.774193548,0.032258065,C31 H24 O1 S1,31,24,1,1,0,0,0
265,443.1295656,443.1288396,443.1288826,0.666666667,0.133333333,C30 H20 O4,30,20,4,0,0,0,0
266,443.1198468,443.1191208,443.1189866,0.5,0.03125,C32 H16 O1 N2,32,16,1,0,2,0,0.0625
267,443.0989522,443.0982262,443.0983703,0.909090909,0.454545455,C22 H20 O10,22,20,10,0,0,0,0
268,443.0838888,443.0831628,443.0831142,1.111111111,0.722222222,C18 H20 O13,18,20,13,0,0,0,0
269,441.1044839,441.1037631,441.1038496,1.157894737,0.631578947,C19 H22 O12,19,22,12,0,0,0,0
270,441.0468642,441.0461435,441.0463347,0.666666667,0.523809524,C21 H14 O11,21,14,11,0,0,0,0
271,441.0318574,441.0311367,441.0310786,0.823529412,0.823529412,C17 H14 O14,17,14,14,0,0,0,0
272,440.120156,440.1194377,440.119321,0.46875,0,C32 H15 N3,32,15,0,0,3,0,0.09375
273,440.0563829,440.0556648,440.0557945,0.75,0.35,C20 H15 O7 S1 N3,20,15,7,1,3,0,0.15
274,439.0679933,439.0672777,439.0670702,0.727272727,0.454545455,C22 H16 O10,22,16,10,0,0,0,0
275,439.0523515,439.051636,439.051814,0.888888889,0.722222222,C18 H16 O13,18,16,13,0,0,0,0
276,439.0309601,439.0302447,439.0300332,1.230769231,1,C13 H16 O13 S1 N2,13,16,13,1,2,0,0.153846154
277,437.2189605,437.2182497,437.2180915,1.47826087,0.347826087,C23 H34 O8,23,34,8,0,0,0,0
278,437.1459293,437.1452187,437.1453205,1.238095238,0.476190476,C21 H26 O10,21,26,10,0,0,0,0
279,437.0521254,437.0514151,437.0514201,0.636363636,0.454545455,C22 H14 O10,22,14,10,0,0,0,0
280,437.0403199,437.0396095,437.0395353,1.2,0.866666667,C15 H18 O13 S1,15,18,13,1,0,0,0
281,437.0367187,437.0360084,437.036164,0.777777778,0.722222222,C18 H14 O13,18,14,13,0,0,0,0
282,435.0788582,435.078153,435.0780288,1.25,0.875,C16 H20 O14,16,20,14,0,0,0,0
283,433.1873672,433.1866668,433.1867914,1.304347826,0.347826087,C23 H30 O8,23,30,8,0,0,0,0
284,433.1148558,433.1141556,433.1140204,1.047619048,0.476190476,C21 H22 O10,21,22,10,0,0,0,0
285,433.0778803,433.0771802,433.0769834,1.833333333,1.083333333,C12 H22 O13 S1 N2,12,22,13,1,2,0,0.166666667
286,433.0418731,433.0411731,433.0412494,0.736842105,0.631578947,C19 H14 O12,19,14,12,0,0,0,0
287,431.1716738,431.1709786,431.1711413,1.217391304,0.347826087,C23 H28 O8,23,28,8,0,0,0,0
288,431.1481377,431.1474426,431.14751,0.8,0.033333333,C30 H24 O1 S1,30,24,1,1,0,0,0
289,431.1295661,431.128871,431.1288826,0.689655172,0.137931034,C29 H20 O4,29,20,4,0,0,0,0
290,431.0991673,431.0984723,431.0983703,0.952380952,0.476190476,C21 H20 O10,21,20,10,0,0,0,0
291,431.0261897,431.0254948,431.0255993,0.631578947,0.631578947,C19 H12 O12,19,12,12,0,0,0,0
292,430.107546,430.1068535,430.1066914,0.466666667,0.033333333,C30 H14 O1 N2 13C1,31,14,1,0,2,1,0.064516129
293,430.0994771,430.0987847,430.0985855,0.433333333,0.033333333,C30 H13 O1 N3,30,13,1,0,3,0,0.1
294,429.141104,429.140414,429.1402351,1.368421053,0.578947368,C19 H26 O11,19,26,11,0,0,0,0
295,429.1196586,429.1189687,429.1191058,1,0.409090909,C22 H22 O9,22,22,9,0,0,0,0
296,429.1042083,429.1035184,429.1033365,0.451612903,0.032258065,C31 H14 O1 N2,31,14,1,0,2,0,0.064516129
297,429.0679801,429.0672902,429.0674641,1.058823529,0.764705882,C17 H18 O13,17,18,13,0,0,0,0
298,428.0837894,428.0831021,428.0829355,0.366666667,0.033333333,C30 H11 O1 N3,30,11,1,0,3,0,0.1
299,427.1978303,427.1971452,427.1973561,1.523809524,0.428571429,C21 H32 O9,21,32,9,0,0,0,0
300,427.1040794,427.1033946,427.1034557,0.909090909,0.409090909,C22 H20 O9,22,20,9,0,0,0,0
301,427.0314902,427.0308056,427.0306847,0.6,0.55,C20 H12 O11,20,12,11,0,0,0,0
302,426.0681311,426.0674489,426.0672854,0.3,0.033333333,C30 H9 O1 N3,30,9,1,0,3,0,0.1
303,425.1824996,425.1818197,425.181706,1.428571429,0.428571429,C21 H30 O9,21,30,9,0,0,0,0
304,425.1095883,425.1089086,425.108935,1.157894737,0.578947368,C19 H22 O11,19,22,11,0,0,0,0
305,425.1014083,425.1007286,425.1005598,0.6,0.033333333,C30 H18 O1 S1,30,18,1,1,0,0,0
306,425.0728193,425.0721397,425.0720364,0.322580645,0.032258065,C31 H10 O1 N2,31,10,1,0,2,0,0.064516129
307,425.0369533,425.0362738,425.036164,0.823529412,0.764705882,C17 H14 O13,17,14,13,0,0,0,0
308,424.0888174,424.0881403,424.0880208,0.35483871,0,C31 H11 N3,31,11,0,0,3,0,0.096774194
309,423.166941,423.1662662,423.1660559,1.333333333,0.428571429,C21 H28 O9,21,28,9,0,0,0,0
310,423.0729808,423.0723063,423.0721556,0.727272727,0.409090909,C22 H16 O9,22,16,9,0,0,0,0
311,421.1509369,421.1502673,421.1504059,1.238095238,0.428571429,C21 H26 O9,21,26,9,0,0,0,0
312,421.0783451,421.0776757,421.0776349,0.947368421,0.578947368,C19 H18 O11,19,18,11,0,0,0,0
313,420.1753616,420.1746945,420.1744962,1.333333333,0.380952381,C21 H28 O8 13C1,22,28,8,0,0,1,0
314,419.1718852,419.1712206,419.1711413,1.272727273,0.363636364,C22 H28 O8,22,28,8,0,0,0,0
315,419.1481376,419.1474731,419.14751,0.827586207,0.034482759,C29 H24 O1 S1,29,24,1,1,0,0,0
316,419.1295336,419.1288692,419.1288826,0.714285714,0.142857143,C28 H20 O4,28,20,4,0,0,0,0
317,419.0991481,419.0984837,419.0983703,1,0.5,C20 H20 O10,20,20,10,0,0,0,0
318,419.0475885,419.0469242,419.0467287,1.066666667,0.933333333,C15 H16 O14,15,16,14,0,0,0,0
319,419.0261699,419.0255057,419.0255993,0.666666667,0.666666667,C18 H12 O12,18,12,12,0,0,0,0
320,418.1594353,418.1587733,418.1588461,1.238095238,0.380952381,C21 H26 O8 13C1,22,26,8,0,0,1,0
321,417.2287338,417.2280742,417.2282623,1.416666667,0.25,C24 H34 O6,24,34,6,0,0,0,0
322,417.1562428,417.1555833,417.1554913,1.181818182,0.363636364,C22 H26 O8,22,26,8,0,0,0,0
323,417.1407571,417.1400977,417.1402351,1.444444444,0.611111111,C18 H26 O11,18,26,11,0,0,0,0
324,417.1325501,417.1318907,417.13186,0.75862069,0.034482759,C29 H22 O1 S1,29,22,1,1,0,0,0
325,417.1138717,417.1132123,417.1132325,0.642857143,0.142857143,C28 H18 O4,28,18,4,0,0,0,0
326,417.1041355,417.1034762,417.1033365,0.466666667,0.033333333,C30 H14 O1 N2,30,14,1,0,2,0,0.066666667
327,417.0833201,417.0826608,417.0827202,0.9,0.5,C20 H18 O10,20,18,10,0,0,0,0
328,417.0682864,417.0676272,417.0674641,1.125,0.8125,C16 H18 O13,16,18,13,0,0,0,0
329,415.1617933,415.1611389,415.1609706,1.473684211,0.526315789,C19 H28 O10,19,28,10,0,0,0,0
330,415.1345888,415.1339344,415.133968,0.689655172,0.103448276,C29 H20 O3,29,20,3,0,0,0,0
331,415.116784,415.1161297,415.1162099,0.689655172,0.034482759,C29 H20 O1 S1,29,20,1,1,0,0,0
332,415.1039169,415.1032626,415.1034557,0.952380952,0.428571429,C21 H20 O9,21,20,9,0,0,0,0
333,415.0889806,415.0883264,415.0881995,1.176470588,0.705882353,C17 H20 O12,17,20,12,0,0,0,0
334,415.0314354,415.0307813,415.0306847,0.631578947,0.578947368,C19 H12 O11,19,12,11,0,0,0,0
335,413.1457966,413.1451473,413.1453205,1.368421053,0.526315789,C19 H26 O10,19,26,10,0,0,0,0
336,413.1250148,413.1243655,413.1241911,1,0.363636364,C22 H22 O8,22,22,8,0,0,0,0
337,413.0733133,413.0726642,413.0725495,1.058823529,0.705882353,C17 H18 O12,17,18,12,0,0,0,0
338,411.2030007,411.2023563,411.2024415,1.523809524,0.380952381,C21 H32 O8,21,32,8,0,0,0,0
339,411.1302011,411.1295569,411.1296704,1.263157895,0.526315789,C19 H24 O10,19,24,10,0,0,0,0
340,411.0856387,411.0849946,411.0849098,0.551724138,0.034482759,C29 H16 O1 S1,29,16,1,1,0,0,0
341,411.0728846,411.0722405,411.0721556,0.761904762,0.428571429,C21 H16 O9,21,16,9,0,0,0,0
342,410.0731846,410.0725431,410.0723708,0.3,0,C30 H9 N3,30,9,0,0,3,0,0.1
343,410.0454434,410.0448019,410.0446042,0.875,0.75,C16 H14 O12 13C1,17,14,12,0,0,1,0
344,409.1511903,409.1505511,409.1504059,1.3,0.45,C20 H26 O9,20,26,9,0,0,0,0
345,409.0417747,409.0411357,409.0412494,0.823529412,0.705882353,C17 H14 O12,17,14,12,0,0,0,0
346,408.1023572,408.1017206,408.1017251,1.111111111,0.555555556,C18 H20 O10 13C1,19,20,10,0,0,1,0
347,407.1716986,407.1710643,407.1711413,1.333333333,0.380952381,C21 H28 O8,21,28,8,0,0,0,0
348,407.0989296,407.0982956,407.0983703,1.052631579,0.526315789,C19 H20 O10,19,20,10,0,0,0,0
349,405.1924849,405.1918556,405.1918768,1.363636364,0.318181818,C22 H30 O7,22,30,7,0,0,0,0
350,405.1138286,405.1131995,405.1132325,0.666666667,0.148148148,C27 H18 O4,27,18,4,0,0,0,0
351,405.1040447,405.1034157,405.1033365,0.482758621,0.034482759,C29 H14 O1 N2,29,14,1,0,2,0,0.068965517
352,405.0831512,405.0825222,405.0827202,0.947368421,0.526315789,C19 H18 O10,19,18,10,0,0,0,0
353,405.0682315,405.0676025,405.0674641,1.2,0.866666667,C15 H18 O13,15,18,13,0,0,0,0
354,404.1436779,404.1430513,404.143196,1.2,0.4,C20 H24 O8 13C1,21,24,8,0,0,1,0
355,403.1402723,403.1396482,403.1398412,1.142857143,0.380952381,C21 H24 O8,21,24,8,0,0,0,0
356,403.1253814,403.1247573,403.1245851,1.411764706,0.647058824,C17 H24 O11,17,24,11,0,0,0,0
357,403.067752,403.0671281,403.0670702,0.842105263,0.526315789,C19 H16 O10,19,16,10,0,0,0,0
358,402.0680278,402.0674064,402.0672854,0.321428571,0.035714286,C28 H9 O1 N3,28,9,1,0,3,0,0.107142857
359,401.1189329,401.1183138,401.1183179,0.642857143,0.107142857,C28 H18 O3,28,18,3,0,0,0,0
360,401.1013779,401.1007589,401.1005598,0.642857143,0.035714286,C28 H18 O1 S1,28,18,1,1,0,0,0
361,401.0368453,401.0362265,401.036164,0.933333333,0.866666667,C15 H14 O13,15,14,13,0,0,0,0
362,399.0938527,399.0932387,399.0932849,1.176470588,0.647058824,C17 H20 O11,17,20,11,0,0,0,0
363,399.0364372,399.0358234,399.0357701,0.631578947,0.526315789,C19 H12 O10,19,12,10,0,0,0,0
364,399.0209701,399.0203563,399.0205139,0.8,0.866666667,C15 H12 O13,15,12,13,0,0,0,0
365,398.0730618,398.0724504,398.0723708,0.310344828,0,C29 H9 N3,29,9,0,0,3,0,0.103448276
366,397.2542839,397.2536745,397.2536892,1.172413793,0.034482759,C29 H34 O1,29,34,1,0,0,0,0
367,397.1875643,397.1869551,397.1867914,1.5,0.4,C20 H30 O8,20,30,8,0,0,0,0
368,397.114619,397.11401,397.1140204,1.222222222,0.555555556,C18 H22 O10,18,22,10,0,0,0,0
369,397.0571893,397.0565805,397.0565055,0.7,0.45,C20 H14 O9,20,14,9,0,0,0,0
370,395.1716708,395.1710666,395.1711413,1.4,0.4,C20 H28 O8,20,28,8,0,0,0,0
371,395.0625058,395.0619019,395.0619848,0.941176471,0.647058824,C17 H16 O11,17,16,11,0,0,0,0
372,394.0865615,394.08596,394.0860751,1.058823529,0.588235294,C17 H18 O10 13C1,18,18,10,0,0,1,0
373,393.1923109,393.1917116,393.1918768,1.428571429,0.333333333,C21 H30 O7,21,30,7,0,0,0,0
374,393.0831962,393.0825973,393.0827202,1,0.555555556,C18 H18 O10,18,18,10,0,0,0,0
375,392.1436784,392.1430817,392.143196,1.263157895,0.421052632,C19 H24 O8 13C1,20,24,8,0,0,1,0
376,391.1405037,391.1399096,391.1398412,1.2,0.4,C20 H24 O8,20,24,8,0,0,0,0
377,391.0314206,391.0308267,391.0306847,0.705882353,0.647058824,C17 H12 O11,17,12,11,0,0,0,0
378,389.1246658,389.1240767,389.1241911,1.1,0.4,C20 H22 O8,20,22,8,0,0,0,0
379,389.1190807,389.1184915,389.1183179,0.666666667,0.111111111,C27 H18 O3,27,18,3,0,0,0,0
380,389.1010911,389.100502,389.1005598,0.666666667,0.037037037,C27 H18 O1 S1,27,18,1,1,0,0,0
381,389.0730415,389.0724525,389.0725495,1.2,0.8,C15 H18 O12,15,18,12,0,0,0,0
382,389.0156157,389.0150268,389.0150346,0.588235294,0.647058824,C17 H10 O11,17,10,11,0,0,0,0
383,387.1818444,387.18126,387.1813121,1.272727273,0.272727273,C22 H28 O6,22,28,6,0,0,0,0
384,387.1397875,387.1392033,387.1390534,0.714285714,0.071428571,C28 H20 O2,28,20,2,0,0,0,0
385,387.1303312,387.129747,387.1296704,1.411764706,0.588235294,C17 H24 O10,17,24,10,0,0,0,0
386,387.0212448,387.0206609,387.0205139,0.857142857,0.928571429,C14 H12 O13,14,12,13,0,0,0,0
387,386.1178272,386.1172455,386.1173752,1.375,0.625,C16 H22 O10 13C1,17,22,10,0,0,1,0
388,385.1661252,385.1655458,385.165662,1.181818182,0.272727273,C22 H26 O6,22,26,6,0,0,0,0
389,385.1147103,385.1141311,385.1140204,1.294117647,0.588235294,C17 H22 O10,17,22,10,0,0,0,0
390,385.0783971,385.0778179,385.0776349,1.125,0.6875,C16 H18 O11,16,18,11,0,0,0,0
391,385.0205647,385.0199857,385.02012,0.555555556,0.555555556,C18 H10 O10,18,10,10,0,0,0,0
392,384.1307425,384.1301657,384.1300048,1.352941176,0.529411765,C17 H23 O9 N1,17,23,9,0,1,0,0.058823529
393,383.1353019,383.1347276,383.1347558,1.333333333,0.5,C18 H24 O9,18,24,9,0,0,0,0
394,381.1922902,381.1917207,381.1918768,1.5,0.35,C20 H30 O7,20,30,7,0,0,0,0
395,381.0833103,381.082741,381.0827202,1.058823529,0.588235294,C17 H18 O10,17,18,10,0,0,0,0
396,380.093365,380.0927982,380.0928314,0.625,0.166666667,C24 H15 O4 N1,24,15,4,0,1,0,0.041666667
397,380.0710685,380.0705018,380.070425,1,0.625,C16 H16 O10 13C1,17,16,10,0,0,1,0
398,379.0828117,379.0822474,379.0823263,0.761904762,0.333333333,C21 H16 O7,21,16,7,0,0,0,0
399,379.0676237,379.0670594,379.0670702,0.941176471,0.588235294,C17 H16 O10,17,16,10,0,0,0,0
400,378.0891284,378.0885665,378.0884148,0.565217391,0.130434783,C23 H13 O3 N3,23,13,3,0,3,0,0.130434783
401,377.1245827,377.1240232,377.1241911,1.157894737,0.421052632,C19 H22 O8,19,22,8,0,0,0,0
402,377.1189585,377.1183989,377.1183179,0.692307692,0.115384615,C26 H18 O3,26,18,3,0,0,0,0
403,377.1010449,377.1004854,377.1005598,0.692307692,0.038461538,C26 H18 O1 S1,26,18,1,1,0,0,0
404,377.0732669,377.0727075,377.0725495,1.285714286,0.857142857,C14 H18 O12,14,18,12,0,0,0,0
405,376.0441668,376.0436099,376.0437732,0.458333333,0.083333333,C24 H11 O2 S1 N1,24,11,2,1,1,0,0.041666667
406,375.1396436,375.1390889,375.1390534,0.740740741,0.074074074,C27 H20 O2,27,20,2,0,0,0,0
407,375.1092459,375.1086913,375.1085411,1.052631579,0.421052632,C19 H20 O8,19,20,8,0,0,0,0
408,375.0728386,375.0722841,375.0721556,0.888888889,0.5,C18 H16 O9,18,16,9,0,0,0,0
409,375.0210936,375.0205392,375.0205139,0.923076923,1,C13 H12 O13,13,12,13,0,0,0,0
410,374.0288028,374.0282508,374.0281232,0.375,0.083333333,C24 H9 O2 S1 N1,24,9,2,1,1,0,0.041666667
411,373.1511294,373.1505797,373.1504059,1.529411765,0.529411765,C17 H26 O9,17,26,9,0,0,0,0
412,373.1239476,373.1233979,373.1234033,0.666666667,0.074074074,C27 H18 O2,27,18,2,0,0,0,0
413,373.0936108,373.0930611,373.092891,0.947368421,0.421052632,C19 H18 O8,19,18,8,0,0,0,0
414,373.057228,373.0566784,373.0565055,0.777777778,0.5,C18 H14 O9,18,14,9,0,0,0,0
415,371.0988169,371.0982721,371.0983703,1.25,0.625,C16 H20 O10,16,20,10,0,0,0,0
416,371.0626579,371.0621132,371.0619848,1.066666667,0.733333333,C15 H16 O11,15,16,11,0,0,0,0
417,370.1147402,370.1141978,370.1143547,1.3125,0.5625,C16 H21 O9 N1,16,21,9,0,1,0,0.0625
418,369.1923566,369.1918165,369.1918768,1.578947368,0.368421053,C19 H30 O7,19,30,7,0,0,0,0
419,369.0469065,369.0463667,369.0463347,0.933333333,0.733333333,C15 H14 O11,15,14,11,0,0,0,0
420,369.0106258,369.0100861,369.0099492,0.714285714,0.857142857,C14 H10 O12,14,10,12,0,0,0,0
421,367.2435647,367.2430293,367.2431245,1.142857143,0,C28 H32,28,32,0,0,0,0,0
422,367.1768508,367.1763156,367.1762267,1.473684211,0.368421053,C19 H28 O7,19,28,7,0,0,0,0
423,367.0313312,367.0307964,367.0306847,0.8,0.733333333,C15 H12 O11,15,12,11,0,0,0,0
424,366.0836174,366.0830848,366.0830546,1.0625,0.5625,C16 H17 O9 N1,16,17,9,0,1,0,0.0625
425,366.023628,366.0230956,366.0230378,0.409090909,0.136363636,C22 H9 O3 S1 N1,22,9,3,1,1,0,0.045454545
426,365.0882616,365.0877315,365.0878056,1.058823529,0.529411765,C17 H18 O9,17,18,9,0,0,0,0
427,364.044415,364.0438875,364.0437732,0.47826087,0.086956522,C23 H11 O2 S1 N1,23,11,2,1,1,0,0.043478261
428,363.1818456,363.1813201,363.1813121,1.4,0.3,C20 H28 O6,20,28,6,0,0,0,0
429,363.14563,363.1451046,363.1449266,1.263157895,0.368421053,C19 H24 O7,19,24,7,0,0,0,0
430,363.1033196,363.1027943,363.1026678,0.64,0.12,C25 H16 O3,25,16,3,0,0,0,0
431,363.0575996,363.0570745,363.0568994,1.230769231,0.923076923,C13 H16 O12,13,16,12,0,0,0,0
432,361.1662701,361.1657495,361.165662,1.3,0.3,C20 H26 O6,20,26,6,0,0,0,0
433,361.1298288,361.1293083,361.1292765,1.157894737,0.368421053,C19 H22 O7,19,22,7,0,0,0,0
434,360.0418081,360.0412902,360.0414646,0.318181818,0.136363636,C22 H7 O3 N3,22,7,3,0,3,0,0.136363636
435,359.1504365,359.1499208,359.150012,1.2,0.3,C20 H24 O6,20,24,6,0,0,0,0
436,359.1140524,359.1135367,359.1136264,1.052631579,0.368421053,C19 H20 O7,19,20,7,0,0,0,0
437,359.0624502,359.0619346,359.0619848,1.142857143,0.785714286,C14 H16 O11,14,16,11,0,0,0,0
438,359.0541972,359.0536817,359.0536096,0.48,0.04,C25 H12 O1 S1,25,12,1,1,0,0,0
439,359.0260141,359.0254987,359.0255993,0.923076923,0.923076923,C13 H12 O12,13,12,12,0,0,0,0
440,358.0502516,358.0497385,358.0496896,1.076923077,0.846153846,C13 H14 O11 13C1,14,14,11,0,0,1,0
441,357.0831944,357.0826837,357.0827202,1.2,0.666666667,C15 H18 O10,15,18,10,0,0,0,0
442,357.0469193,357.0464086,357.0463347,1,0.785714286,C14 H14 O11,14,14,11,0,0,0,0
443,355.0463914,355.0458856,355.0459408,0.666666667,0.444444444,C18 H12 O8,18,12,8,0,0,0,0
444,353.1609681,353.1604668,353.1605766,1.444444444,0.388888889,C18 H26 O7,18,26,7,0,0,0,0
445,353.1246277,353.1241266,353.1241911,1.294117647,0.470588235,C17 H22 O8,17,22,8,0,0,0,0
446,353.0883961,353.087895,353.0878056,1.125,0.5625,C16 H18 O9,16,18,9,0,0,0,0
447,352.1122259,352.1117271,352.1118959,1.25,0.5,C16 H20 O8 13C1,17,20,8,0,0,1,0
448,351.1092098,351.1087135,351.1085411,1.176470588,0.470588235,C17 H20 O8,17,20,8,0,0,0,0
449,351.0363886,351.0358925,351.0357701,0.8,0.666666667,C15 H12 O10,15,12,10,0,0,0,0
450,349.0875072,349.0870157,349.0870178,0.583333333,0.125,C24 H14 O3,24,14,3,0,0,0,0
451,349.0571699,349.0566785,349.0565055,0.875,0.5625,C16 H14 O9,16,14,9,0,0,0,0
452,347.0414935,347.0410069,347.0408554,0.75,0.5625,C16 H12 O9,16,12,9,0,0,0,0
453,345.0621715,345.0616896,345.0615909,0.823529412,0.470588235,C17 H14 O8,17,14,8,0,0,0,0
454,345.0256249,345.0251432,345.0252054,0.625,0.5625,C16 H10 O9,16,10,9,0,0,0,0
455,343.0463066,343.0458296,343.0459408,0.705882353,0.470588235,C17 H12 O8,17,12,8,0,0,0,0
456,343.0101688,343.0096918,343.0095553,0.5,0.5625,C16 H8 O9,16,8,9,0,0,0,0
457,342.128184,342.1277092,342.127546,1.466666667,0.533333333,C15 H22 O8 13C1,16,22,8,0,0,1,0
458,341.1610802,341.1606077,341.1605766,1.529411765,0.411764706,C17 H26 O7,17,26,7,0,0,0,0
459,341.1246395,341.1241671,341.1241911,1.375,0.5,C16 H22 O8,16,22,8,0,0,0,0
460,341.0881852,341.0877129,341.0878056,1.2,0.6,C15 H18 O9,15,18,9,0,0,0,0
461,341.0519823,341.05151,341.0514201,1,0.714285714,C14 H14 O10,14,14,10,0,0,0,0
462,340.2034365,340.2029662,340.2030506,1.35,0.1,C20 H27 O2 N3,20,27,2,0,3,0,0.15
463,335.1503439,335.1498857,335.150012,1.333333333,0.333333333,C18 H24 O6,18,24,6,0,0,0,0
464,335.1139996,335.1135415,335.1136264,1.176470588,0.411764706,C17 H20 O7,17,20,7,0,0,0,0
465,335.0778428,335.0773847,335.0772409,1,0.5,C16 H16 O8,16,16,8,0,0,0,0
466,333.0622101,333.0617568,333.0615909,0.875,0.5,C16 H14 O8,16,14,8,0,0,0,0
467,333.0255902,333.025137,333.0252054,0.666666667,0.6,C15 H10 O9,15,10,9,0,0,0,0
468,331.1039226,331.103474,331.1034557,1.428571429,0.642857143,C14 H20 O9,14,20,9,0,0,0,0
469,331.0674783,331.0670298,331.0670702,1.230769231,0.769230769,C13 H16 O10,13,16,10,0,0,0,0
470,329.0518726,329.0514288,329.0514201,1.076923077,0.769230769,C13 H14 O10,13,14,10,0,0,0,0
471,327.1091361,327.1086968,327.1085411,1.333333333,0.533333333,C15 H20 O8,15,20,8,0,0,0,0
472,327.0725538,327.0721146,327.0721556,1.142857143,0.642857143,C14 H16 O9,14,16,9,0,0,0,0
473,327.0360461,327.035607,327.0357701,0.923076923,0.769230769,C13 H12 O10,13,12,10,0,0,0,0
474,326.187773,326.1873359,326.1874005,1.315789474,0.105263158,C19 H25 O2 N3,19,25,2,0,3,0,0.157894737
475,325.0932272,325.0927927,325.092891,1.2,0.533333333,C15 H18 O8,15,18,8,0,0,0,0
476,325.056794,325.0563596,325.0565055,1,0.642857143,C14 H14 O9,14,14,9,0,0,0,0
477,323.1504816,323.1500516,323.150012,1.411764706,0.352941176,C17 H24 O6,17,24,6,0,0,0,0
478,323.1139147,323.1134849,323.1136264,1.25,0.4375,C16 H20 O7,16,20,7,0,0,0,0
479,321.0619024,321.0614774,321.0615909,0.933333333,0.533333333,C15 H14 O8,15,14,8,0,0,0,0
480,319.1554312,319.1550106,319.1550973,1.333333333,0.277777778,C18 H24 O5,18,24,5,0,0,0,0
481,319.0099243,319.0095041,319.0095553,0.571428571,0.642857143,C14 H8 O9,14,8,9,0,0,0,0
482,317.0881562,317.0877405,317.0878056,1.384615385,0.692307692,C13 H18 O9,13,18,9,0,0,0,0
483,317.051862,317.0514463,317.0514201,1.166666667,0.833333333,C12 H14 O10,12,14,10,0,0,0,0
484,315.0514253,315.0510143,315.0510262,0.75,0.4375,C16 H12 O7,16,12,7,0,0,0,0
485,313.0569689,313.0565625,313.0565055,1.076923077,0.692307692,C13 H14 O9,13,14,9,0,0,0,0
486,311.0413123,311.0409106,311.0408554,0.923076923,0.692307692,C13 H12 O9,13,12,9,0,0,0,0
487,309.0982746,309.0978775,309.0979764,1.2,0.466666667,C15 H18 O7,15,18,7,0,0,0,0
488,307.1555159,307.1551233,307.1550973,1.411764706,0.294117647,C17 H24 O5,17,24,5,0,0,0,0
489,307.0828213,307.0824288,307.0823263,1.066666667,0.466666667,C15 H16 O7,15,16,7,0,0,0,0
490,307.0464757,307.0460833,307.0459408,0.857142857,0.571428571,C14 H12 O8,14,12,8,0,0,0,0
491,305.1033048,305.1029169,305.1030618,1.125,0.375,C16 H18 O6,16,18,6,0,0,0,0
492,303.0512721,303.0508889,303.0510262,0.8,0.466666667,C15 H12 O7,15,12,7,0,0,0,0
493,299.1139649,299.1135907,299.1136264,1.428571429,0.5,C14 H20 O7,14,20,7,0,0,0,0
494,299.0412712,299.0408972,299.0408554,1,0.75,C12 H12 O9,12,12,9,0,0,0,0
495,297.1346119,297.1342423,297.1343619,1.466666667,0.4,C15 H22 O6,15,22,6,0,0,0,0
496,297.0620474,297.061678,297.0615909,1.076923077,0.615384615,C13 H14 O8,13,14,8,0,0,0,0
497,295.0099945,295.0096298,295.0095553,0.666666667,0.75,C12 H8 O9,12,8,9,0,0,0,0
498,294.1827352,294.1823723,294.1823151,1.666666667,0.2,C15 H25 O3 N3,15,25,3,0,3,0,0.2
499,293.1398065,293.139446,293.1394473,1.375,0.3125,C16 H22 O5,16,22,5,0,0,0,0
500,291.1241062,291.1237504,291.1237972,1.25,0.3125,C16 H20 O5,16,20,5,0,0,0,0
501,291.0513128,291.0509571,291.0510262,0.857142857,0.5,C14 H12 O7,14,12,7,0,0,0,0
502,289.0358514,289.0355003,289.0353761,0.714285714,0.5,C14 H10 O7,14,10,7,0,0,0,0
503,287.0776452,287.0772985,287.0772409,1.333333333,0.666666667,C12 H16 O8,12,16,8,0,0,0,0
504,285.1347727,285.1344304,285.1343619,1.571428571,0.428571429,C14 H22 O6,14,22,6,0,0,0,0
505,285.0981786,285.0978365,285.0979764,1.384615385,0.538461538,C13 H18 O7,13,18,7,0,0,0,0
506,283.0461836,283.0458461,283.0459408,1,0.666666667,C12 H12 O8,12,12,8,0,0,0,0
507,283.0099972,283.0096598,283.0095553,0.727272727,0.818181818,C11 H8 O9,11,8,9,0,0,0,0
508,281.1032759,281.1029429,281.1030618,1.285714286,0.428571429,C14 H18 O6,14,18,6,0,0,0,0
509,281.0670443,281.0667113,281.0666763,1.076923077,0.538461538,C13 H14 O7,13,14,7,0,0,0,0
510,279.1240343,279.1237056,279.1237972,1.333333333,0.333333333,C15 H20 O5,15,20,5,0,0,0,0
511,279.0878113,279.0874827,279.0874117,1.142857143,0.428571429,C14 H16 O6,14,16,6,0,0,0,0
512,277.1085223,277.1081982,277.1081471,1.2,0.333333333,C15 H18 O5,15,18,5,0,0,0,0
513,275.0565019,275.0561825,275.0561116,0.857142857,0.428571429,C14 H12 O6,14,12,6,0,0,0,0
514,275.020168,275.0198486,275.0197261,0.615384615,0.538461538,C13 H8 O7,13,8,7,0,0,0,0
515,273.0983942,273.0980791,273.0979764,1.5,0.583333333,C12 H18 O7,12,18,7,0,0,0,0
516,273.0620182,273.0617032,273.0615909,1.272727273,0.727272727,C11 H14 O8,11,14,8,0,0,0,0
517,271.118998,271.1186874,271.1187118,1.538461538,0.461538462,C13 H20 O6,13,20,6,0,0,0,0
518,271.082587,271.0822765,271.0823263,1.333333333,0.583333333,C12 H16 O7,12,16,7,0,0,0,0
519,271.0462529,271.0459424,271.0459408,1.090909091,0.727272727,C11 H12 O8,11,12,8,0,0,0,0
520,269.1398672,269.139561,269.1394473,1.571428571,0.357142857,C14 H22 O5,14,22,5,0,0,0,0
521,269.1034706,269.1031644,269.1030618,1.384615385,0.461538462,C13 H18 O6,13,18,6,0,0,0,0
522,269.0671042,269.0667982,269.0666763,1.166666667,0.583333333,C12 H14 O7,12,14,7,0,0,0,0
523,267.0876962,267.0873946,267.0874117,1.230769231,0.461538462,C13 H16 O6,13,16,6,0,0,0,0
524,267.0512941,267.0509926,267.0510262,1,0.583333333,C12 H12 O7,12,12,7,0,0,0,0
525,267.0149481,267.0146466,267.0146407,0.727272727,0.727272727,C11 H8 O8,11,8,8,0,0,0,0
526,266.1513346,266.1510351,266.151015,1.615384615,0.230769231,C13 H21 O3 N3,13,21,3,0,3,0,0.230769231
527,265.1085178,265.1082206,265.1081471,1.285714286,0.357142857,C14 H18 O5,14,18,5,0,0,0,0
528,265.0721408,265.0718437,265.0717616,1.076923077,0.461538462,C13 H14 O6,13,14,6,0,0,0,0
529,263.1292867,263.1289939,263.1288826,1.333333333,0.266666667,C15 H20 O4,15,20,4,0,0,0,0
530,263.0927349,263.0924422,263.0924971,1.142857143,0.357142857,C14 H16 O5,14,16,5,0,0,0,0
531,263.0562836,263.055991,263.0561116,0.923076923,0.461538462,C13 H12 O6,13,12,6,0,0,0,0
532,261.0407741,261.040486,261.0404615,0.769230769,0.461538462,C13 H10 O6,13,10,6,0,0,0,0
533,257.103309,257.1030295,257.1030618,1.5,0.5,C12 H18 O6,12,18,6,0,0,0,0
534,255.2332237,255.2329484,255.2329537,2,0.125,C16 H32 O2,16,32,2,0,0,0,0
535,255.1240148,255.1237398,255.1237972,1.538461538,0.384615385,C13 H20 O5,13,20,5,0,0,0,0
536,255.0512457,255.0509708,255.0510262,1.090909091,0.636363636,C11 H12 O7,11,12,7,0,0,0,0
537,255.0150233,255.0147485,255.0146407,0.8,0.8,C10 H8 O8,10,8,8,0,0,0,0
538,253.1448926,253.1446219,253.1445327,1.571428571,0.285714286,C14 H22 O4,14,22,4,0,0,0,0
539,253.1085401,253.1082695,253.1081471,1.384615385,0.384615385,C13 H18 O5,13,18,5,0,0,0,0
540,253.0720023,253.0717317,253.0717616,1.166666667,0.5,C12 H14 O6,12,14,6,0,0,0,0
541,251.129237,251.1289708,251.1288826,1.428571429,0.285714286,C14 H20 O4,14,20,4,0,0,0,0
542,251.0562821,251.056016,251.0561116,1,0.5,C12 H12 O6,12,12,6,0,0,0,0
543,249.0407177,249.040456,249.0404615,0.833333333,0.5,C12 H10 O6,12,10,6,0,0,0,0
544,243.0877786,243.08753,243.0874117,1.454545455,0.545454545,C11 H16 O6,11,16,6,0,0,0,0
545,241.1083517,241.1081074,241.1081471,1.5,0.416666667,C12 H18 O5,12,18,5,0,0,0,0
546,241.0720941,241.0718499,241.0717616,1.272727273,0.545454545,C11 H14 O6,11,14,6,0,0,0,0
547,239.0928383,239.0925983,239.0924971,1.333333333,0.416666667,C12 H16 O5,12,16,5,0,0,0,0
548,239.0562891,239.0560493,239.0561116,1.090909091,0.545454545,C11 H12 O6,11,12,6,0,0,0,0
549,239.0199796,239.0197398,239.0197261,0.8,0.7,C10 H8 O7,10,8,7,0,0,0,0
550,237.0044256,237.0041902,237.004076,0.6,0.7,C10 H6 O7,10,6,7,0,0,0,0
551,235.0251118,235.0248807,235.0248114,0.727272727,0.545454545,C11 H8 O6,11,8,6,0,0,0,0
552,227.0200194,227.0198056,227.0197261,0.888888889,0.777777778,C9 H8 O7,9,8,7,0,0,0,0
553,225.0618997,225.0616901,225.0615909,2,1.142857143,C7 H14 O8,7,14,8,0,0,0,0
554,225.0407806,225.0405711,225.0404615,1,0.6,C10 H10 O6,10,10,6,0,0,0,0
555,223.0249106,223.0247054,223.0248114,0.8,0.6,C10 H8 O6,10,8,6,0,0,0,0
556,207.0301629,207.0299917,207.0298968,0.8,0.5,C10 H8 O5,10,8,5,0,0,0,0
557,195.0301094,195.0299634,195.0298968,0.888888889,0.555555556,C9 H8 O5,9,8,5,0,0,0,0
558,191.0198811,191.0197434,191.0197261,1.333333333,1.166666667,C6 H8 O7,6,8,7,0,0,0,0
559,179.0561738,179.0560608,179.0561116,2,1,C6 H12 O6,6,12,6,0,0,0,0
