Amino Sugars,FORMULA,Source
N-Acetylglucosamine,C8H15NO6,Monosaccharide codes in KEGG and SNFG (Symbol Nomenclature for Glycans)
Galactosamine,C6H13NO5,"Salton, M.R.J. Chemistry and Function of Amino Sugars and Derivatives, Annual Reviews in Biochemistry, 1965, 34, 143-174."
Talosamine,C6H13NO5,Monosaccharide codes in KEGG and SNFG (Symbol Nomenclature for Glycans)
Glucosamine,C6H13NO5,"Salton, M.R.J. Chemistry and Function of Amino Sugars and Derivatives, Annual Reviews in Biochemistry, 1965, 34, 143-174."
Sialic acid,C11H19NO9,"Salton, M.R.J. Chemistry and Function of Amino Sugars and Derivatives, Annual Reviews in Biochemistry, 1965, 34, 143-174."
L-Daunosamine,C6H13NO3,PubChem
"Amino sugar U 7 (2,3-Diamino-2,3-dideoxy-D-glucofuranurano-6,3-lactam)",C6H10N2O4,PubChem
"Maz Sugar (1,3,4,6-Tetra-O-acetyl-2-deoxy-2-(2-{hydroxy[methyl(nitroso)amino]methylidene}-1-methylhydrazinyl)hexopyranose)",C17H26N4O11,PubChem
Fucosamine,C6H13NO4,"Salton, M.R.J. Chemistry and Function of Amino Sugars and Derivatives, Annual Reviews in Biochemistry, 1965, 34, 143-174."
Viosamine,C6H14NO4,"Salton, M.R.J. Chemistry and Function of Amino Sugars and Derivatives, Annual Reviews in Biochemistry, 1965, 34, 143-174."
Diaminohexose,C6H14N2O6,"Salton, M.R.J. Chemistry and Function of Amino Sugars and Derivatives, Annual Reviews in Biochemistry, 1965, 34, 143-174."
2-Aminoglucronic acid,C6H11NO6,"Salton, M.R.J. Chemistry and Function of Amino Sugars and Derivatives, Annual Reviews in Biochemistry, 1965, 34, 143-174."
2-aminogalacturnoic acid,C6H11NO6,"Salton, M.R.J. Chemistry and Function of Amino Sugars and Derivatives, Annual Reviews in Biochemistry, 1965, 34, 143-174."
2-aminomannuronic acid,C6H11NO6,"Salton, M.R.J. Chemistry and Function of Amino Sugars and Derivatives, Annual Reviews in Biochemistry, 1965, 34, 143-174."
Neuraminic acid,C9H17NO8,"Salton, M.R.J. Chemistry and Function of Amino Sugars and Derivatives, Annual Reviews in Biochemistry, 1965, 34, 143-174."
Muramic acid,C9H11NO7,"Salton, M.R.J. Chemistry and Function of Amino Sugars and Derivatives, Annual Reviews in Biochemistry, 1965, 34, 143-174."
Muramic acid-6-phosphate,C9H18NO10P,"Salton, M.R.J. Chemistry and Function of Amino Sugars and Derivatives, Annual Reviews in Biochemistry, 1965, 34, 143-174."
Galactosamine-6-phosphate,C6H14NO8P,"Salton, M.R.J. Chemistry and Function of Amino Sugars and Derivatives, Annual Reviews in Biochemistry, 1965, 34, 143-174."
N-methyl-glucosamine,C7H15NO5,"Salton, M.R.J. Chemistry and Function of Amino Sugars and Derivatives, Annual Reviews in Biochemistry, 1965, 34, 143-174."
Streptidine,C8H18N6O4,"Salton, M.R.J. Chemistry and Function of Amino Sugars and Derivatives, Annual Reviews in Biochemistry, 1965, 34, 143-174."
2-amino-2-deoxy-glucose,C6H13NO5,"Salton, M.R.J. Chemistry and Function of Amino Sugars and Derivatives, Annual Reviews in Biochemistry, 1965, 34, 143-174."
6-amino-6-deoxy-glucose,C6H13NO5,"Salton, M.R.J. Chemistry and Function of Amino Sugars and Derivatives, Annual Reviews in Biochemistry, 1965, 34, 143-174."
3-amino-3-deoxy-glucose,C6H13NO5,"Salton, M.R.J. Chemistry and Function of Amino Sugars and Derivatives, Annual Reviews in Biochemistry, 1965, 34, 143-174."
Desosamine,C8H17NO3,"Salton, M.R.J. Chemistry and Function of Amino Sugars and Derivatives, Annual Reviews in Biochemistry, 1965, 34, 143-174."
Rhodosamine,C8H17NO3,"Salton, M.R.J. Chemistry and Function of Amino Sugars and Derivatives, Annual Reviews in Biochemistry, 1965, 34, 143-174."
3-amino-3-deoxy-ribose,C5H11NO4,"Salton, M.R.J. Chemistry and Function of Amino Sugars and Derivatives, Annual Reviews in Biochemistry, 1965, 34, 143-174."
Mannosamine,C6H13NO5,Monosaccharide codes in KEGG and SNFG (Symbol Nomenclature for Glycans)
Allosamine,C6H13NO5,Monosaccharide codes in KEGG and SNFG (Symbol Nomenclature for Glycans)
Altrosamine,C6H13NO5,Monosaccharide codes in KEGG and SNFG (Symbol Nomenclature for Glycans)
Gulosamine,C6H13NO5,Monosaccharide codes in KEGG and SNFG (Symbol Nomenclature for Glycans)
Idosamine,C6H13NO5,Monosaccharide codes in KEGG and SNFG (Symbol Nomenclature for Glycans)
N-Acetyl-galactosamine,C8H15NO6,Monosaccharide codes in KEGG and SNFG (Symbol Nomenclature for Glycans)
N-Acetyl mannosamine,C8H15NO6,Monosaccharide codes in KEGG and SNFG (Symbol Nomenclature for Glycans)
N-Acetyl allosamine,C8H15NO6,Monosaccharide codes in KEGG and SNFG (Symbol Nomenclature for Glycans)
N-Acetyl altrosamine,C8H15NO6,Monosaccharide codes in KEGG and SNFG (Symbol Nomenclature for Glycans)
N-Acetyl gulosamine,C8H15NO6,Monosaccharide codes in KEGG and SNFG (Symbol Nomenclature for Glycans)
N-acetyl idosamine,C8H15NO6,Monosaccharide codes in KEGG and SNFG (Symbol Nomenclature for Glycans)
N-Acetyl talosamine,C8H15NO6,Monosaccharide codes in KEGG and SNFG (Symbol Nomenclature for Glycans)
N-acetyl-fucosamine,C8H15NO5,Monosaccharide codes in KEGG and SNFG (Symbol Nomenclature for Glycans)
N-Acetyl rhamnosamine,C8H15NO5,Monosaccharide codes in KEGG and SNFG (Symbol Nomenclature for Glycans)
N-acetyl-quinovosamine,C8H15NO5,Monosaccharide codes in KEGG and SNFG (Symbol Nomenclature for Glycans)
N-Acetyl-6-deoxy-altrosamine,C8H15NO5,Monosaccharide codes in KEGG and SNFG (Symbol Nomenclature for Glycans)
N-Acetyl-6-deoxy-talosamine,C8H15NO5,Monosaccharide codes in KEGG and SNFG (Symbol Nomenclature for Glycans)
N-Acetylneuraminic acid,C11H19NO9,Monosaccharide codes in KEGG and SNFG (Symbol Nomenclature for Glycans)
N-glycolylneuraminic acid,C11H19NO10,Monosaccharide codes in KEGG and SNFG (Symbol Nomenclature for Glycans)
Bacillosamine,C6H14N2O3,Monosaccharide codes in KEGG and SNFG (Symbol Nomenclature for Glycans)
N-Acetyl muramic acid,C11H19NO8,Monosaccharide codes in KEGG and SNFG (Symbol Nomenclature for Glycans)
Pseudoaminic acid,C13H22N2O8,Monosaccharide codes in KEGG and SNFG (Symbol Nomenclature for Glycans)
Acinetaminic acid,C9H18N2O6,Monosaccharide codes in KEGG and SNFG (Symbol Nomenclature for Glycans)
Legionaminic acid,C9H18N2O6,Monosaccharide codes in KEGG and SNFG (Symbol Nomenclature for Glycans)
4-epilegionaminic acid,C9H18N2O6,Monosaccharide codes in KEGG and SNFG (Symbol Nomenclature for Glycans)
