model,mean_accuracy,std_accuracy,median_accuracy,mean_balanced_accuracy,std_balanced_accuracy,median_balanced_accuracy,mean_chance_balanced_accuracy,std_chance_balanced_accuracy,median_chance_balanced_accuracy
Laszakovits & MacKay,0.7618432026688907,0.010373432003721308,0.7602168473728107,0.5447881129475463,0.033225683293633,0.545247389464719,0.4537457355370555,0.03987081995235961,0.4542968673576627
Adjusted Rivas-Ubach,0.8716221851542952,0.008936931026881203,0.8711426188490409,0.7529050214059281,0.02313737772327882,0.7482780868478507,0.7034860256871136,0.027764853267934576,0.697933704217421
GNB (Unweighted),0.9211843202668891,0.008094802707957243,0.921184320266889,0.5752701525490005,0.022486711559669484,0.5759823583455509,0.49032418305880066,0.026984053871603384,0.4911788300146611
SVM (poly) (Unweighted),0.941909924937448,0.006926830201538486,0.9412010008340284,0.692084271595194,0.030021463101538998,0.6941464258793397,0.6305011259142329,0.03602575572184679,0.6329757110552078
SVM (RBF) (Unweighted),0.9267931609674729,0.010492672566620244,0.9241034195162636,0.622099090229605,0.030832591882232693,0.622642644614923,0.546518908275526,0.03699911025867923,0.5471711735379077
GNB,0.751793160967473,0.017498503270964985,0.749791492910759,0.8997004508516685,0.017647575734122012,0.8998055746767366,0.8796405410220022,0.021177090880946412,0.8797666896120839
SVM (poly),0.8834862385321103,0.009172795386066739,0.8819849874895747,0.9371386031600594,0.01681536675157719,0.9383440913929233,0.9245663237920713,0.02017844010189262,0.926012909671508
SVM (RBF),0.8907631359466223,0.008730423636317793,0.890742285237698,0.9341721255691258,0.019285773754927092,0.940769432581833,0.921006550682951,0.02314292850591251,0.9289233190981996
Rivas-Ubach,0.8993119266055046,0.007189081335908325,0.8999165971643036,0.8274880697768212,0.03253517954226505,0.8259892505118893,0.7843600872210266,0.04066897442783131,0.7824865631398616
GNB (Rivas-Ubach) (Unweighted),0.9263552960800666,0.011361168442941003,0.9278565471226021,0.69395593566511,0.03139015919244109,0.6939177830539784,0.6327471227981322,0.03766819103092931,0.6327013396647743
SVM (poly) (Rivas-Ubach) (Unweighted),0.9473102585487908,0.005699189534637729,0.9474562135112594,0.6975472001260556,0.03740351816338778,0.6897559524006079,0.6370566401512667,0.04488422179606534,0.6277071428807296
SVM (RBF) (Rivas-Ubach) (Unweighted),0.9470809007506255,0.00556975476853109,0.9466221851542952,0.6818489956747427,0.027801688539642048,0.6780857466805497,0.6182187948096912,0.03336202624757046,0.6137028960166596
GNB (Rivas-Ubach),0.7789824854045038,0.011517445435165335,0.7802335279399499,0.9121412580888293,0.020028459339860236,0.9111399800971425,0.8901765726110366,0.025035574174825277,0.888924975121428
SVM (poly) (Rivas-Ubach),0.8936822351959967,0.0069479805903029076,0.8932443703085905,0.9427514414201857,0.020007909712147654,0.9485384654945752,0.9284393017752322,0.025009887140184574,0.9356730818682188
SVM (RBF) (Rivas-Ubach),0.8988532110091743,0.007547812632543265,0.8974145120934112,0.9483054194951557,0.021643587546070663,0.9531766406669742,0.9353817743689443,0.027054484432588323,0.9414708008337178
