m/z,Calibrated m/z,Calculated m/z,H/C,O/C,Molecular Formula,C,H,O,S,N,13C
661.5366981,661.5355896,661.5353903,1.458333333,0.020833333,C48 H70 O1,48,70,1,,,
656.4654497,656.4643552,656.4644102,1.657894737,0.157894737,C38 H63 O6 N3,38,63,6,,3,
611.5263052,611.5253331,611.5256135,1.945945946,0.162162162,C37 H72 O6,37,72,6,,,
585.5105796,585.509676,585.5099634,2,0.171428571,C35 H70 O6,35,70,6,,,
585.5084124,585.5075088,585.5074615,1.794871795,0.025641026,C39 H70 O1 S1,39,70,1,1,,
549.2344899,549.2336792,549.2334841,2.1,0.65,C20 H42 O13 S1 N2,20,42,13,1,2,
547.2194711,547.2186654,547.2184854,1.285714286,0.392857143,C28 H36 O11,28,36,11,,,
545.2400911,545.2392904,545.2392209,1.310344828,0.344827586,C29 H38 O10,29,38,10,,,
539.5052657,539.5044794,539.5044841,2,0.117647059,C34 H68 O4,34,68,4,,,
533.2764666,533.2756957,533.2756064,1.448275862,0.310344828,C29 H42 O9,29,42,9,,,
533.2398584,533.2390877,533.2392209,1.357142857,0.357142857,C28 H38 O10,28,38,10,,,
531.2242605,531.2234947,531.2235708,1.285714286,0.357142857,C28 H36 O10,28,36,10,,,
529.2814252,529.2806642,529.2806918,1.4,0.266666667,C30 H42 O8,30,42,8,,,
520.2557277,520.2549889,520.2552053,1.444444444,0.333333333,C27 H39 O9 N1,27,39,9,,1,
519.2240534,519.2233171,519.2235708,1.333333333,0.37037037,C27 H36 O10,27,36,10,,,
517.2815609,517.2808293,517.2806918,1.448275862,0.275862069,C29 H42 O8,29,42,8,,,
517.2082132,517.2074818,517.2072693,2,0.631578947,C19 H38 O12 S1 N2,19,38,12,1,2,
515.2292828,515.2285562,515.2286562,1.285714286,0.321428571,C28 H36 O9,28,36,9,,,
513.2502566,513.2495348,513.2493916,1.310344828,0.275862069,C29 H38 O8,29,38,8,,,
511.4737718,511.4730544,511.473184,2,0.125,C32 H64 O4,32,64,4,,,
505.2452606,505.2445582,505.2443063,1.407407407,0.333333333,C27 H38 O9,27,38,9,,,
503.2293915,503.228694,503.2286562,1.333333333,0.333333333,C27 H36 O9,27,36,9,,,
501.250117,501.2494242,501.2493916,1.357142857,0.285714286,C28 H38 O8,28,38,8,,,
493.2088169,493.2081433,493.2079208,1.36,0.4,C25 H34 O10,25,34,10,,,
491.2295382,491.2288693,491.2286562,1.384615385,0.346153846,C26 H36 O9,26,36,9,,,
489.1772844,489.1766204,489.1766206,1.2,0.4,C25 H30 O10,25,30,10,,,
487.2341715,487.2335121,487.2337416,1.333333333,0.296296296,C27 H36 O8,27,36,8,,,
485.2549253,485.2542706,485.254477,1.357142857,0.25,C28 H38 O7,28,38,7,,,
485.2189649,485.2183103,485.2180915,1.259259259,0.296296296,C27 H34 O8,27,34,8,,,
481.1720729,481.1714278,481.1715353,1.304347826,0.47826087,C23 H30 O11,23,30,11,,,
481.1638826,481.1632375,481.1631601,0.764705882,0.029411765,C34 H26 O1 S1,34,26,1,1,,
479.1565397,479.1558993,479.1558852,1.217391304,0.47826087,C23 H28 O11,23,28,11,,,
477.2498703,477.2492343,477.2493916,1.461538462,0.307692308,C26 H38 O8,26,38,8,,,
475.1617357,475.1611047,475.1609706,1.166666667,0.416666667,C24 H28 O10,24,28,10,,,
473.3852969,473.38467,473.3847629,2,0.222222222,C27 H54 O6,27,54,6,,,
473.1821605,473.1815341,473.181706,1.2,0.36,C25 H30 O9,25,30,9,,,
467.2290424,467.2284298,467.2286562,1.5,0.375,C24 H36 O9,24,36,9,,,
467.1926905,467.1920781,467.1922707,1.391304348,0.434782609,C23 H32 O10,23,32,10,,,
465.2135143,465.2129064,465.2130061,1.416666667,0.375,C24 H34 O9,24,34,9,,,
465.140702,465.1400943,465.1402351,1.181818182,0.5,C22 H26 O11,22,26,11,,,
463.1979533,463.19735,463.1973561,1.333333333,0.375,C24 H32 O9,24,32,9,,,
461.2189001,461.2183014,461.2180915,1.36,0.32,C25 H34 O8,25,34,8,,,
461.1822251,461.1816265,461.181706,1.25,0.375,C24 H30 O9,24,30,9,,,
459.2395975,459.2390034,459.238827,1.384615385,0.269230769,C26 H36 O7,26,36,7,,,
459.2028981,459.202304,459.2024415,1.28,0.32,C25 H32 O8,25,32,8,,,
459.1664312,459.1658372,459.1660559,1.166666667,0.375,C24 H28 O9,24,28,9,,,
457.1873532,457.1867637,457.1867914,1.2,0.32,C25 H30 O8,25,30,8,,,
455.1562995,455.1557147,455.1558852,1.333333333,0.523809524,C21 H28 O11,21,28,11,,,
453.1772954,453.1767151,453.1766206,1.363636364,0.454545455,C22 H30 O10,22,30,10,,,
451.1613977,451.160822,451.1609706,1.272727273,0.454545455,C22 H28 O10,22,28,10,,,
449.218547,449.2179758,449.2180915,1.416666667,0.333333333,C24 H34 O8,24,34,8,,,
449.1459074,449.1453363,449.1453205,1.181818182,0.454545455,C22 H26 O10,22,26,10,,,
447.2395491,447.2389823,447.238827,1.44,0.28,C25 H36 O7,25,36,7,,,
447.2028369,447.2022702,447.2024415,1.333333333,0.333333333,C24 H32 O8,24,32,8,,,
447.1304075,447.129841,447.1296704,1.090909091,0.454545455,C22 H24 O10,22,24,10,,,
445.3539196,445.3533571,445.3534628,2,0.24,C25 H50 O6,25,50,6,,,
445.1874316,445.1868695,445.1867914,1.25,0.333333333,C24 H30 O8,24,30,8,,,
443.1717844,443.1712268,443.1711413,1.166666667,0.333333333,C24 H28 O8,24,28,8,,,
441.1773679,441.1768148,441.1766206,1.428571429,0.476190476,C21 H30 O10,21,30,10,,,
439.197739,439.1971904,439.1973561,1.454545455,0.409090909,C22 H32 O9,22,32,9,,,
439.125336,439.1247876,439.1245851,1.2,0.55,C20 H24 O11,20,24,11,,,
437.2187512,437.218207,437.2180915,1.47826087,0.347826087,C23 H34 O8,23,34,8,,,
437.1457966,437.1452526,437.1453205,1.238095238,0.476190476,C21 H26 O10,21,26,10,,,
433.1872444,433.1867093,433.1867914,1.304347826,0.347826087,C23 H30 O8,23,30,8,,,
433.1146197,433.1140847,433.1140204,1.047619048,0.476190476,C21 H22 O10,21,22,10,,,
431.2082298,431.207699,431.2075268,1.333333333,0.291666667,C24 H32 O7,24,32,7,,,
431.1715277,431.170997,431.1711413,1.217391304,0.347826087,C23 H28 O8,23,28,8,,,
431.0989813,431.0984508,431.0983703,0.952380952,0.476190476,C21 H20 O10,21,20,10,,,
429.1925985,429.1920723,429.1918768,1.25,0.291666667,C24 H30 O7,24,30,7,,,
427.1977114,427.1971896,427.1973561,1.523809524,0.428571429,C21 H32 O9,21,32,9,,,
425.1823255,425.1818082,425.181706,1.428571429,0.428571429,C21 H30 O9,21,30,9,,,
425.1094327,425.1089155,425.108935,1.157894737,0.578947368,C19 H22 O11,19,22,11,,,
425.0727152,425.0721981,425.0720364,0.322580645,0.032258065,C31 H10 O1 N2,31,10,1,,2,
423.2030796,423.2025666,423.2024415,1.454545455,0.363636364,C22 H32 O8,22,32,8,,,
423.1667183,423.1662054,423.1660559,1.333333333,0.428571429,C21 H28 O9,21,28,9,,,
421.2238518,421.2233432,421.2231769,1.47826087,0.304347826,C23 H34 O7,23,34,7,,,
421.1508156,421.1503071,421.1504059,1.238095238,0.428571429,C21 H26 O9,21,26,9,,,
421.0782205,421.0777123,421.0776349,0.947368421,0.578947368,C19 H18 O11,19,18,11,,,
420.1751145,420.1746082,420.1744962,1.333333333,0.380952381,C21 H28 O8 13C1,21,28,8,,,1
419.1717016,419.1711975,419.1711413,1.272727273,0.363636364,C22 H28 O8,22,28,8,,,
419.0989444,419.0984405,419.0983703,1,0.5,C20 H20 O10,20,20,10,,,
417.2286056,417.2281058,417.2282623,1.416666667,0.25,C24 H34 O6,24,34,6,,,
417.1560414,417.1555418,417.1554913,1.181818182,0.363636364,C22 H26 O8,22,26,8,,,
417.1324195,417.1319199,417.13186,0.75862069,0.034482759,C29 H22 O1 S1,29,22,1,1,,
417.0831791,417.0826796,417.0827202,0.9,0.5,C20 H18 O10,20,18,10,,,
415.2132904,415.212795,415.2126122,1.333333333,0.25,C24 H32 O6,24,32,6,,,
415.1167227,415.1162275,415.1162099,0.689655172,0.034482759,C29 H20 O1 S1,29,20,1,1,,
415.103819,415.1033238,415.1034557,0.952380952,0.428571429,C21 H20 O9,21,20,9,,,
413.1973838,413.1968928,413.1969622,1.25,0.25,C24 H30 O6,24,30,6,,,
413.1456639,413.145173,413.1453205,1.368421053,0.526315789,C19 H26 O10,19,26,10,,,
413.1096169,413.1091261,413.108935,1.222222222,0.611111111,C18 H22 O11,18,22,11,,,
413.0884772,413.0879864,413.0878056,0.857142857,0.428571429,C21 H18 O9,21,18,9,,,
411.2028547,411.2023681,411.2024415,1.523809524,0.380952381,C21 H32 O8,21,32,8,,,
411.1300751,411.1295887,411.1296704,1.263157895,0.526315789,C19 H24 O10,19,24,10,,,
409.2235706,409.2230883,409.2231769,1.545454545,0.318181818,C22 H34 O7,22,34,7,,,
409.1510034,409.1505212,409.1504059,1.3,0.45,C20 H26 O9,20,26,9,,,
409.1146885,409.1142064,409.1140204,1.157894737,0.526315789,C19 H22 O10,19,22,10,,,
408.1748085,408.1743285,408.1744962,1.4,0.4,C20 H28 O8 13C1,20,28,8,,,1
407.1869678,407.1864899,407.1863975,1.12,0.2,C25 H28 O5,25,28,5,,,
407.1715788,407.1711009,407.1711413,1.333333333,0.380952381,C21 H28 O8,21,28,8,,,
407.0987984,407.0983207,407.0983703,1.052631579,0.526315789,C19 H20 O10,19,20,10,,,
405.1923565,405.191883,405.1918768,1.363636364,0.318181818,C22 H30 O7,22,30,7,,,
405.083037,405.0825637,405.0827202,0.947368421,0.526315789,C19 H18 O10,19,18,10,,,
403.307002,403.3065325,403.3065126,2,0.272727273,C22 H44 O6,22,44,6,,,
403.1401713,403.1397022,403.1398412,1.142857143,0.380952381,C21 H24 O8,21,24,8,,,
401.1611536,401.1606887,401.1605766,1.181818182,0.318181818,C22 H26 O7,22,26,7,,,
401.0883768,401.0879121,401.0878056,0.9,0.45,C20 H18 O9,20,18,9,,,
399.1452082,399.1447476,399.1449266,1.090909091,0.318181818,C22 H24 O7,22,24,7,,,
399.093734,399.0932736,399.0932849,1.176470588,0.647058824,C17 H20 O11,17,20,11,,,
397.1873887,397.1869324,397.1867914,1.5,0.4,C20 H30 O8,20,30,8,,,
397.1144982,397.114042,397.1140204,1.222222222,0.555555556,C18 H22 O10,18,22,10,,,
395.1715396,395.1710876,395.1711413,1.4,0.4,C20 H28 O8,20,28,8,,,
395.0624017,395.0619499,395.0619848,0.941176471,0.647058824,C17 H16 O11,17,16,11,,,
393.1921753,393.1917275,393.1918768,1.428571429,0.333333333,C21 H30 O7,21,30,7,,,
393.0830939,393.0826463,393.0827202,1,0.555555556,C18 H18 O10,18,18,10,,,
392.1435719,392.1431264,392.143196,1.263157895,0.421052632,C19 H24 O8 13C1,19,24,8,,,1
391.2131977,391.2127542,391.2126122,1.454545455,0.272727273,C22 H32 O6,22,32,6,,,
391.1403321,391.1398887,391.1398412,1.2,0.4,C20 H24 O8,20,24,8,,,
389.2912031,389.2907637,389.2908625,2,0.285714286,C21 H42 O6,21,42,6,,,
389.1245575,389.1241184,389.1241911,1.1,0.4,C20 H22 O8,20,22,8,,,
389.1010251,389.100586,389.1005598,0.666666667,0.037037037,C27 H18 O1 S1,27,18,1,1,,
387.1816836,387.1812486,387.1813121,1.272727273,0.272727273,C22 H28 O6,22,28,6,,,
387.1301671,387.1297323,387.1296704,1.411764706,0.588235294,C17 H24 O10,17,24,10,,,
385.1659999,385.1655692,385.165662,1.181818182,0.272727273,C22 H26 O6,22,26,6,,,
385.1295304,385.1290998,385.1292765,1.047619048,0.333333333,C21 H22 O7,21,22,7,,,
385.1145627,385.1141322,385.1140204,1.294117647,0.588235294,C17 H22 O10,17,22,10,,,
385.0782109,385.0777804,385.0776349,1.125,0.6875,C16 H18 O11,16,18,11,,,
383.1352126,383.1347862,383.1347558,1.333333333,0.5,C18 H24 O9,18,24,9,,,
383.0989841,383.0985578,383.0983703,1.176470588,0.588235294,C17 H20 O10,17,20,10,,,
381.1922017,381.1917794,381.1918768,1.5,0.35,C20 H30 O7,20,30,7,,,
381.0831905,381.0827685,381.0827202,1.058823529,0.588235294,C17 H18 O10,17,18,10,,,
381.0469213,381.0464993,381.0463347,0.875,0.6875,C16 H14 O11,16,14,11,,,
379.2130472,379.212629,379.2126122,1.523809524,0.285714286,C21 H32 O6,21,32,6,,,
379.0828375,379.0824197,379.0823263,0.761904762,0.333333333,C21 H16 O7,21,16,7,,,
379.0674871,379.0670693,379.0670702,0.941176471,0.588235294,C17 H16 O10,17,16,10,,,
378.128124,378.1277081,378.127546,1.222222222,0.444444444,C18 H22 O8 13C1,18,22,8,,,1
377.1244768,377.1240631,377.1241911,1.157894737,0.421052632,C19 H22 O8,19,22,8,,,
377.100991,377.1005773,377.1005598,0.692307692,0.038461538,C26 H18 O1 S1,26,18,1,1,,
377.0880542,377.0876405,377.0878056,1,0.5,C18 H18 O9,18,18,9,,,
376.2791513,376.2787393,376.2785673,2.105263158,0.315789474,C19 H40 O6 13C1,19,40,6,,,1
375.2757771,375.2753672,375.2752125,2,0.3,C20 H40 O6,20,40,6,,,
375.2180876,375.2176778,375.2176976,1.454545455,0.227272727,C22 H32 O5,22,32,5,,,
375.1818751,375.1814655,375.1813121,1.333333333,0.285714286,C21 H28 O6,21,28,6,,,
375.1090709,375.1086614,375.1085411,1.052631579,0.421052632,C19 H20 O8,19,20,8,,,
375.072657,375.0722476,375.0721556,0.888888889,0.5,C18 H16 O9,18,16,9,,,
374.2453505,374.2449427,374.2449154,1.571428571,0.142857143,C21 H33 O3 N3,21,33,3,,3,
373.1509392,373.1505338,373.1504059,1.529411765,0.529411765,C17 H26 O9,17,26,9,,,
373.0934006,373.0929953,373.092891,0.947368421,0.421052632,C19 H18 O8,19,18,8,,,
373.0570459,373.0566407,373.0565055,0.777777778,0.5,C18 H14 O9,18,14,9,,,
371.1869696,371.1865682,371.1863975,1.272727273,0.227272727,C22 H28 O5,22,28,5,,,
371.1504745,371.1500732,371.150012,1.142857143,0.285714286,C21 H24 O6,21,24,6,,,
371.0988416,371.0984404,371.0983703,1.25,0.625,C16 H20 O10,16,20,10,,,
371.0624914,371.0620904,371.0619848,1.066666667,0.733333333,C15 H16 O11,15,16,11,,,
369.1922641,369.1918669,369.1918768,1.578947368,0.368421053,C19 H30 O7,19,30,7,,,
369.1557093,369.1553122,369.1554913,1.444444444,0.444444444,C18 H26 O8,18,26,8,,,
369.0468108,369.0464139,369.0463347,0.933333333,0.733333333,C15 H14 O11,15,14,11,,,
367.2434973,367.2431042,367.2431245,1.142857143,0,C28 H32,28,32,,,,
367.2131029,367.2127098,367.2126122,1.6,0.3,C20 H32 O6,20,32,6,,,
367.1766835,367.1762905,367.1762267,1.473684211,0.368421053,C19 H28 O7,19,28,7,,,
366.1279584,366.1275676,366.127546,1.294117647,0.470588235,C17 H22 O8 13C1,17,22,8,,,1
365.1247546,365.1243658,365.1241911,1.222222222,0.444444444,C18 H22 O8,18,22,8,,,
365.0881596,365.0877709,365.0878056,1.058823529,0.529411765,C17 H18 O9,17,18,9,,,
365.051665,365.0512764,365.0514201,0.875,0.625,C16 H14 O10,16,14,10,,,
364.1488128,364.1484261,364.1482814,1.333333333,0.388888889,C18 H24 O7 13C1,18,24,7,,,1
363.1817104,363.1813256,363.1813121,1.4,0.3,C20 H28 O6,20,28,6,,,
363.1453955,363.1450108,363.1449266,1.263157895,0.368421053,C19 H24 O7,19,24,7,,,
362.1692742,362.1688916,362.1690169,1.368421053,0.315789474,C19 H26 O6 13C1,19,26,6,,,1
362.1330006,362.132618,362.1326313,1.222222222,0.388888889,C18 H22 O7 13C1,18,22,7,,,1
361.2022594,361.2018787,361.2020475,1.428571429,0.238095238,C21 H30 O5,21,30,5,,,
361.1661396,361.165759,361.165662,1.3,0.3,C20 H26 O6,20,26,6,,,
361.1296937,361.1293132,361.1292765,1.157894737,0.368421053,C19 H22 O7,19,22,7,,,
361.0930967,361.0927162,361.092891,1,0.444444444,C18 H18 O8,18,18,8,,,
359.1869475,359.186571,359.1863975,1.333333333,0.238095238,C21 H28 O5,21,28,5,,,
359.1502859,359.1499094,359.150012,1.2,0.3,C20 H24 O6,20,24,6,,,
359.1139317,359.1135553,359.1136264,1.052631579,0.368421053,C19 H20 O7,19,20,7,,,
359.0988966,359.0985203,359.0983703,1.333333333,0.666666667,C15 H20 O10,15,20,10,,,
359.0777902,359.0774139,359.0772409,0.888888889,0.444444444,C18 H16 O8,18,16,8,,,
359.0623437,359.0619674,359.0619848,1.142857143,0.785714286,C14 H16 O11,14,16,11,,,
357.3015652,357.3011926,357.3010333,2,0.19047619,C21 H42 O4,21,42,4,,,
357.1193356,357.1189633,357.1191058,1.375,0.5625,C16 H22 O9,16,22,9,,,
357.0830985,357.0827263,357.0827202,1.2,0.666666667,C15 H18 O10,15,18,10,,,
357.0467798,357.0464076,357.0463347,1,0.785714286,C14 H14 O11,14,14,11,,,
355.1764318,355.1760635,355.1762267,1.555555556,0.388888889,C18 H28 O7,18,28,7,,,
353.1974704,353.1971061,353.1969622,1.578947368,0.315789474,C19 H30 O6,19,30,6,,,
353.1608519,353.1604877,353.1605766,1.444444444,0.388888889,C18 H26 O7,18,26,7,,,
353.1245211,353.124157,353.1241911,1.294117647,0.470588235,C17 H22 O8,17,22,8,,,
353.0882405,353.0878765,353.0878056,1.125,0.5625,C16 H18 O9,16,18,9,,,
353.0516361,353.0512721,353.0514201,0.933333333,0.666666667,C15 H14 O10,15,14,10,,,
351.1818425,351.1814823,351.1813121,1.473684211,0.315789474,C19 H28 O6,19,28,6,,,
351.1090462,351.1086862,351.1085411,1.176470588,0.470588235,C17 H20 O8,17,20,8,,,
349.0570098,349.056654,349.0565055,0.875,0.5625,C16 H14 O9,16,14,9,,,
347.2443645,347.2440124,347.2439123,2,0.333333333,C18 H36 O6,18,36,6,,,
347.1141416,347.1137897,347.1136264,1.111111111,0.388888889,C18 H20 O7,18,20,7,,,
347.0774266,347.0770748,347.0772409,0.941176471,0.470588235,C17 H16 O8,17,16,8,,,
347.0413336,347.0409818,347.0408554,0.75,0.5625,C16 H12 O9,16,12,9,,,
345.1348783,345.1345304,345.1343619,1.157894737,0.315789474,C19 H22 O6,19,22,6,,,
345.0981871,345.0978393,345.0979764,1,0.388888889,C18 H18 O7,18,18,7,,,
345.0620329,345.0616851,345.0615909,0.823529412,0.470588235,C17 H14 O8,17,14,8,,,
343.1555361,343.1551922,343.1550973,1.2,0.25,C20 H24 O5,20,24,5,,,
343.1189849,343.118641,343.1187118,1.052631579,0.315789474,C19 H20 O6,19,20,6,,,
341.1973085,341.1969685,341.1969622,1.666666667,0.333333333,C18 H30 O6,18,30,6,,,
341.1609357,341.1605958,341.1605766,1.529411765,0.411764706,C17 H26 O7,17,26,7,,,
341.1245616,341.1242218,341.1241911,1.375,0.5,C16 H22 O8,16,22,8,,,
341.0880906,341.0877508,341.0878056,1.2,0.6,C15 H18 O9,15,18,9,,,
341.0518592,341.0515195,341.0514201,1,0.714285714,C14 H14 O10,14,14,10,,,
340.2033898,340.2030518,340.2030506,1.35,0.1,C20 H27 O2 N3,20,27,2,,3,
339.072648,339.0723123,339.0721556,1.066666667,0.6,C15 H16 O9,15,16,9,,,
336.1535289,336.1531991,336.1533668,1.411764706,0.352941176,C17 H24 O6 13C1,17,24,6,,,1
335.2230712,335.2227432,335.222783,1.6,0.2,C20 H32 O4,20,32,4,,,
335.1867409,335.1864129,335.1863975,1.473684211,0.263157895,C19 H28 O5,19,28,5,,,
335.1502711,335.1499432,335.150012,1.333333333,0.333333333,C18 H24 O6,18,24,6,,,
335.1138884,335.1135606,335.1136264,1.176470588,0.411764706,C17 H20 O7,17,20,7,,,
335.0776865,335.0773588,335.0772409,1,0.5,C16 H16 O8,16,16,8,,,
333.1348173,333.1344934,333.1343619,1.222222222,0.333333333,C18 H22 O6,18,22,6,,,
333.0620506,333.0617269,333.0615909,0.875,0.5,C16 H14 O8,16,14,8,,,
333.0255038,333.0251802,333.0252054,0.666666667,0.6,C15 H10 O9,15,10,9,,,
331.140113,331.1397931,331.1398412,1.6,0.533333333,C15 H24 O8,15,24,8,,,
331.0674131,331.0670934,331.0670702,1.230769231,0.769230769,C13 H16 O10,13,16,10,,,
329.1398899,329.139574,329.1394473,1.157894737,0.263157895,C19 H22 O5,19,22,5,,,
329.1246414,329.1243255,329.1241911,1.466666667,0.533333333,C15 H22 O8,15,22,8,,,
329.0879651,329.0876493,329.0878056,1.285714286,0.642857143,C14 H18 O9,14,18,9,,,
329.0517414,329.0514257,329.0514201,1.076923077,0.769230769,C13 H14 O10,13,14,10,,,
327.1089854,327.1086735,327.1085411,1.333333333,0.533333333,C15 H20 O8,15,20,8,,,
327.0724578,327.072146,327.0721556,1.142857143,0.642857143,C14 H16 O9,14,16,9,,,
326.1877057,326.1873956,326.1874005,1.315789474,0.105263158,C19 H25 O2 N3,19,25,2,,3,
325.1296592,325.1293512,325.1292765,1.375,0.4375,C16 H22 O7,16,22,7,,,
325.0931509,325.092843,325.092891,1.2,0.533333333,C15 H18 O8,15,18,8,,,
325.0567036,325.0563958,325.0565055,1,0.642857143,C14 H14 O9,14,14,9,,,
324.1535385,324.1532324,324.1533668,1.5,0.375,C16 H24 O6 13C1,16,24,6,,,1
323.1868082,323.186504,323.1863975,1.555555556,0.277777778,C18 H28 O5,18,28,5,,,
323.1503741,323.15007,323.150012,1.411764706,0.352941176,C17 H24 O6,17,24,6,,,
323.1138283,323.1135242,323.1136264,1.25,0.4375,C16 H20 O7,16,20,7,,,
323.0776875,323.0773836,323.0772409,1.066666667,0.533333333,C15 H16 O8,15,16,8,,,
321.0984368,321.0981367,321.0979764,1.125,0.4375,C16 H18 O7,16,18,7,,,
321.0618216,321.0615216,321.0615909,0.933333333,0.533333333,C15 H14 O8,15,14,8,,,
319.1917173,319.191421,319.1914828,1.473684211,0.210526316,C19 H28 O4,19,28,4,,,
319.1553494,319.1550531,319.1550973,1.333333333,0.277777778,C18 H24 O5,18,24,5,,,
319.1191563,319.1188601,319.1187118,1.176470588,0.352941176,C17 H20 O6,17,20,6,,,
319.0463829,319.0460869,319.0459408,0.8,0.533333333,C15 H12 O8,15,12,8,,,
317.176029,317.1757366,317.1758328,1.368421053,0.210526316,C19 H26 O4,19,26,4,,,
317.1395996,317.1393072,317.1394473,1.222222222,0.277777778,C18 H22 O5,18,22,5,,,
317.1035113,317.1032191,317.1030618,1.058823529,0.352941176,C17 H18 O6,17,18,6,,,
317.03072,317.0304279,317.0302907,0.666666667,0.533333333,C15 H10 O8,15,10,8,,,
315.1087171,315.1084287,315.1085411,1.428571429,0.571428571,C14 H20 O8,14,20,8,,,
315.0725778,315.0722895,315.0721556,1.230769231,0.692307692,C13 H16 O9,13,16,9,,,
315.0513215,315.0510332,315.0510262,0.75,0.4375,C16 H12 O7,16,12,7,,,
313.165834,313.1655494,313.165662,1.625,0.375,C16 H26 O6,16,26,6,,,
313.0568221,313.0565377,313.0565055,1.076923077,0.692307692,C13 H14 O9,13,14,9,,,
311.1865631,311.1862823,311.1863975,1.647058824,0.294117647,C17 H28 O5,17,28,5,,,
311.1501761,311.1498954,311.150012,1.5,0.375,C16 H24 O6,16,24,6,,,
311.1140392,311.1137585,311.1136264,1.333333333,0.466666667,C15 H20 O7,15,20,7,,,
309.2073554,309.2070784,309.2071329,1.666666667,0.222222222,C18 H30 O4,18,30,4,,,
309.1708881,309.1706112,309.1707474,1.529411765,0.294117647,C17 H26 O5,17,26,5,,,
309.0981863,309.0979096,309.0979764,1.2,0.466666667,C15 H18 O7,15,18,7,,,
307.1553997,307.1551267,307.1550973,1.411764706,0.294117647,C17 H24 O5,17,24,5,,,
307.0826884,307.0824156,307.0823263,1.066666667,0.466666667,C15 H16 O7,15,16,7,,,
307.0463369,307.0460641,307.0459408,0.857142857,0.571428571,C14 H12 O8,14,12,8,,,
305.1032455,305.1029765,305.1030618,1.125,0.375,C16 H18 O6,16,18,6,,,
305.066831,305.066562,305.0666763,0.933333333,0.466666667,C15 H14 O7,15,14,7,,,
303.2332434,303.2329779,303.2329537,1.6,0.1,C20 H32 O2,20,32,2,,,
303.1241949,303.1239296,303.1237972,1.176470588,0.294117647,C17 H20 O5,17,20,5,,,
303.0511836,303.0509185,303.0510262,0.8,0.466666667,C15 H12 O7,15,12,7,,,
301.0933,301.0930386,301.092891,1.384615385,0.615384615,C13 H18 O8,13,18,8,,,
301.0566547,301.0563934,301.0565055,1.166666667,0.75,C12 H14 O9,12,14,9,,,
301.0357832,301.0355219,301.0353761,0.666666667,0.466666667,C15 H10 O7,15,10,7,,,
299.25945,299.2591921,299.2591685,2,0.166666667,C18 H36 O3,18,36,3,,,
299.1138578,299.1136002,299.1136264,1.428571429,0.5,C14 H20 O7,14,20,7,,,
297.1345398,297.134286,297.1343619,1.466666667,0.4,C15 H22 O6,15,22,6,,,
297.0619493,297.0616957,297.0615909,1.076923077,0.615384615,C13 H14 O8,13,14,8,,,
295.2281887,295.2279386,295.2278684,1.777777778,0.166666667,C18 H32 O3,18,32,3,,,
295.1553171,295.1550671,295.1550973,1.5,0.3125,C16 H24 O5,16,24,5,,,
295.0825239,295.0822739,295.0823263,1.142857143,0.5,C14 H16 O7,14,16,7,,,
293.1397209,293.1394747,293.1394473,1.375,0.3125,C16 H22 O5,16,22,5,,,
293.0668213,293.0665752,293.0666763,1,0.5,C14 H14 O7,14,14,7,,,
293.0306623,293.0304162,293.0302907,0.769230769,0.615384615,C13 H10 O8,13,10,8,,,
291.1240308,291.1237884,291.1237972,1.25,0.3125,C16 H20 O5,16,20,5,,,
291.0512089,291.0509667,291.0510262,0.857142857,0.5,C14 H12 O7,14,12,7,,,
289.108245,289.1080064,289.1081471,1.125,0.3125,C16 H18 O5,16,18,5,,,
289.0718701,289.0716315,289.0717616,0.933333333,0.4,C15 H14 O6,15,14,6,,,
287.0564165,287.0561818,287.0561116,0.8,0.4,C15 H12 O6,15,12,6,,,
285.1346766,285.1344455,285.1343619,1.571428571,0.428571429,C14 H22 O6,14,22,6,,,
285.0981364,285.0979053,285.0979764,1.384615385,0.538461538,C13 H18 O7,13,18,7,,,
285.0616889,285.0614579,285.0615909,1.166666667,0.666666667,C12 H14 O8,12,14,8,,,
284.2678694,284.2676399,284.2676087,2.117647059,0.117647059,C17 H36 O2 13C1,17,36,2,,,1
283.2645762,283.2643485,283.2642539,2,0.111111111,C18 H36 O2,18,36,2,,,
283.1552703,283.1550428,283.1550973,1.6,0.333333333,C15 H24 O5,15,24,5,,,
283.0460991,283.0458718,283.0459408,1,0.666666667,C12 H12 O8,12,12,8,,,
281.2489154,281.2486915,281.2486038,1.888888889,0.111111111,C18 H34 O2,18,34,2,,,
281.1032032,281.1029796,281.1030618,1.285714286,0.428571429,C14 H18 O6,14,18,6,,,
281.066946,281.0667224,281.0666763,1.076923077,0.538461538,C13 H14 O7,13,14,7,,,
281.0306312,281.0304077,281.0302907,0.833333333,0.666666667,C12 H10 O8,12,10,8,,,
279.1239702,279.1237503,279.1237972,1.333333333,0.333333333,C15 H20 O5,15,20,5,,,
279.087695,279.0874751,279.0874117,1.142857143,0.428571429,C14 H16 O6,14,16,6,,,
279.0513794,279.0511596,279.0510262,0.923076923,0.538461538,C13 H12 O7,13,12,7,,,
277.1084168,277.1082006,277.1081471,1.2,0.333333333,C15 H18 O5,15,18,5,,,
277.07211,277.0718938,277.0717616,1,0.428571429,C14 H14 O6,14,14,6,,,
277.035725,277.0355089,277.0353761,0.769230769,0.538461538,C13 H10 O7,13,10,7,,,
275.0563868,275.0561744,275.0561116,0.857142857,0.428571429,C14 H12 O6,14,12,6,,,
273.0982963,273.0980875,273.0979764,1.5,0.583333333,C12 H18 O7,12,18,7,,,
271.2280352,271.2278299,271.2278684,2,0.1875,C16 H32 O3,16,32,3,,,
271.1188878,271.1186826,271.1187118,1.538461538,0.461538462,C13 H20 O6,13,20,6,,,
271.0824977,271.0822927,271.0823263,1.333333333,0.583333333,C12 H16 O7,12,16,7,,,
269.248872,269.2486703,269.2486038,2,0.117647059,C17 H34 O2,17,34,2,,,
269.2125067,269.212305,269.2122183,1.875,0.1875,C16 H30 O3,16,30,3,,,
269.1397642,269.1395627,269.1394473,1.571428571,0.357142857,C14 H22 O5,14,22,5,,,
269.1033712,269.1031698,269.1030618,1.384615385,0.461538462,C13 H18 O6,13,18,6,,,
269.0669858,269.0667844,269.0666763,1.166666667,0.583333333,C12 H14 O7,12,14,7,,,
269.0306186,269.0304173,269.0302907,0.909090909,0.727272727,C11 H10 O8,11,10,8,,,
267.1603057,267.1601079,267.1601827,1.6,0.266666667,C15 H24 O4,15,24,4,,,
267.1239013,267.1237035,267.1237972,1.428571429,0.357142857,C14 H20 O5,14,20,5,,,
267.0875707,267.087373,267.0874117,1.230769231,0.461538462,C13 H16 O6,13,16,6,,,
267.0512202,267.0510225,267.0510262,1,0.583333333,C12 H12 O7,12,12,7,,,
266.1513061,266.1511101,266.151015,1.615384615,0.230769231,C13 H21 O3 N3,13,21,3,,3,
265.1446959,265.1445017,265.1445327,1.466666667,0.266666667,C15 H22 O4,15,22,4,,,
265.1084315,265.1082374,265.1081471,1.285714286,0.357142857,C14 H18 O5,14,18,5,,,
265.0720547,265.0718606,265.0717616,1.076923077,0.461538462,C13 H14 O6,13,14,6,,,
263.1291727,263.1289822,263.1288826,1.333333333,0.266666667,C15 H20 O4,15,20,4,,,
263.0926608,263.0924704,263.0924971,1.142857143,0.357142857,C14 H16 O5,14,16,5,,,
263.0562215,263.0560311,263.0561116,0.923076923,0.461538462,C13 H12 O6,13,12,6,,,
261.0771497,261.0769629,261.076847,1,0.357142857,C14 H14 O5,14,14,5,,,
261.0407012,261.0405145,261.0404615,0.769230769,0.461538462,C13 H10 O6,13,10,6,,,
259.0613059,259.0611227,259.061197,0.857142857,0.357142857,C14 H12 O5,14,12,5,,,
257.1032226,257.1030429,257.1030618,1.5,0.5,C12 H18 O6,12,18,6,,,
257.0667309,257.0665514,257.0666763,1.272727273,0.636363636,C11 H14 O7,11,14,7,,,
256.2365678,256.2363898,256.2363086,2.133333333,0.133333333,C15 H32 O2 13C1,15,32,2,,,1
255.2331048,255.2329285,255.2329537,2,0.125,C16 H32 O2,16,32,2,,,
255.1239433,255.1237673,255.1237972,1.538461538,0.384615385,C13 H20 O5,13,20,5,,,
253.2173788,253.2172062,253.2173037,1.875,0.125,C16 H30 O2,16,30,2,,,
253.144808,253.1446355,253.1445327,1.571428571,0.285714286,C14 H22 O4,14,22,4,,,
253.1084379,253.1082655,253.1081471,1.384615385,0.384615385,C13 H18 O5,13,18,5,,,
253.0719367,253.0717643,253.0717616,1.166666667,0.5,C12 H14 O6,12,14,6,,,
251.1291376,251.1289687,251.1288826,1.428571429,0.285714286,C14 H20 O4,14,20,4,,,
251.0925572,251.0923884,251.0924971,1.230769231,0.384615385,C13 H16 O5,13,16,5,,,
251.0562579,251.0560892,251.0561116,1,0.5,C12 H12 O6,12,12,6,,,
249.0769113,249.0767461,249.076847,1.076923077,0.384615385,C13 H14 O5,13,14,5,,,
243.1604133,243.1602587,243.1601827,1.846153846,0.307692308,C13 H24 O4,13,24,4,,,
243.0876801,243.0875256,243.0874117,1.454545455,0.545454545,C11 H16 O6,11,16,6,,,
241.2173634,241.2172122,241.2173037,2,0.133333333,C15 H30 O2,15,30,2,,,
241.1082879,241.1081368,241.1081471,1.5,0.416666667,C12 H18 O5,12,18,5,,,
241.0720129,241.0718619,241.0717616,1.272727273,0.545454545,C11 H14 O6,11,14,6,,,
239.0927457,239.0925982,239.0924971,1.333333333,0.416666667,C12 H16 O5,12,16,5,,,
239.0562298,239.0560823,239.0561116,1.090909091,0.545454545,C11 H12 O6,11,12,6,,,
237.1132965,237.1131524,237.1132325,1.384615385,0.307692308,C13 H18 O4,13,18,4,,,
235.061349,235.0612086,235.061197,1,0.416666667,C12 H12 O5,12,12,5,,,
229.1811497,229.1810196,229.1809182,2,0.230769231,C13 H26 O3,13,26,3,,,
228.2051842,228.2050557,228.2050084,2.153846154,0.153846154,C13 H28 O2 13C1,13,28,2,,,1
227.2017132,227.2015864,227.2016536,2,0.142857143,C14 H28 O2,14,28,2,,,
227.092552,227.0924254,227.0924971,1.454545455,0.454545455,C11 H16 O5,11,16,5,,,
226.0650086,226.0648838,226.0649457,2.333333333,1.333333333,C6 H14 O8 13C1,6,14,8,,,1
225.1035657,225.1034426,225.1033365,1,0.071428571,C14 H14 O1 N2,14,14,1,,2,
225.0770148,225.0768917,225.076847,1.272727273,0.454545455,C11 H14 O5,11,14,5,,,
225.0618147,225.0616917,225.0615909,2,1.142857143,C7 H14 O8,7,14,8,,,
221.0821238,221.0820076,221.0819324,1.166666667,0.333333333,C12 H14 O4,12,14,4,,,
213.1861451,213.1860424,213.1860035,2,0.153846154,C13 H26 O2,13,26,2,,,
205.1599613,205.1598722,205.1597888,1.571428571,0.071428571,C14 H22 O1,14,22,1,,,
199.1704757,199.1703965,199.1703535,2,0.166666667,C12 H24 O2,12,24,2,,,
191.0198359,191.0197703,191.0197261,1.333333333,1.166666667,C6 H8 O7,6,8,7,,,
185.1547427,185.1546867,185.1547034,2,0.181818182,C11 H22 O2,11,22,2,,,
687.578647,687.577465,,,,,,,,,,
669.4789883,669.4778575,,,,,,,,,,
660.5506848,660.549579,,,,,,,,,,
660.5426214,660.5415156,,,,,,,,,,
659.5473666,659.5462635,,,,,,,,,,
659.5392986,659.5381955,,,,,,,,,,
655.4626035,655.4615118,,,,,,,,,,
641.5741174,641.573064,,,,,,,,,,
641.4470104,641.4459574,,,,,,,,,,
634.5088258,634.5077917,,,,,,,,,,
633.5056751,633.5046438,,,,,,,,,,
632.5124785,632.5114499,,,,,,,,,,
631.5087039,631.507678,,,,,,,,,,
614.5457531,614.5447729,,,,,,,,,,
613.5418542,613.5408767,,,,,,,,,,
603.4774498,603.476499,,,,,,,,,,
587.5181436,587.5172348,,,,,,,,,,
586.5138493,586.5129431,,,,,,,,,,
573.3321849,573.3313129,,,,,,,,,,
557.4800664,557.4792348,,,,,,,,,,
547.2559538,547.2551481,,,,,,,,,,
545.2760159,545.2752152,,,,,,,,,,
545.2642904,545.2634897,,,,,,,,,,
543.2604367,543.2596409,,,,,,,,,,
539.1388366,539.1380512,,,,,,,,,,
535.2560207,535.255245,,,,,,,,,,
533.2033209,533.2025503,,,,,,,,,,
531.2604094,531.2596436,,,,,,,,,,
529.3056076,529.3048466,,,,,,,,,,
529.2455185,529.2447576,,,,,,,,,,
529.2092269,529.208466,,,,,,,,,,
527.2661906,527.2654346,,,,,,,,,,
521.2500596,521.2493183,,,,,,,,,,
521.2404259,521.2396846,,,,,,,,,,
521.2040259,521.2032848,,,,,,,,,,
519.2602316,519.2594952,,,,,,,,,,
519.2521935,519.2514571,,,,,,,,,,
517.2447329,517.2440014,,,,,,,,,,
515.266125,515.2653984,,,,,,,,,,
507.2246688,507.2239616,,,,,,,,,,
505.208349,505.2076467,,,,,,,,,,
503.2653824,503.2646848,,,,,,,,,,
503.1934159,503.1927185,,,,,,,,,,
501.213363,501.2126703,,,,,,,,,,
499.234793,499.2341051,,,,,,,,,,
495.1881963,495.187518,,,,,,,,,,
493.2447219,493.2440483,,,,,,,,,,
493.2425904,493.2419167,,,,,,,,,,
491.1932639,491.1925951,,,,,,,,,,
489.2504235,489.2497593,,,,,,,,,,
489.2140755,489.2134114,,,,,,,,,,
487.4006578,487.399998,,,,,,,,,,
487.197699,487.1970397,,,,,,,,,,
485.279318,485.2786632,,,,,,,,,,
483.2761658,483.2755157,,,,,,,,,,
481.2088213,481.2081761,,,,,,,,,,
479.2296907,479.2290501,,,,,,,,,,
479.1932368,479.1925963,,,,,,,,,,
477.2139734,477.2133375,,,,,,,,,,
477.1776572,477.1770214,,,,,,,,,,
475.2346119,475.2339807,,,,,,,,,,
475.1982811,475.19765,,,,,,,,,,
473.2834863,473.2828596,,,,,,,,,,
473.2555132,473.2548867,,,,,,,,,,
473.2189655,473.218339,,,,,,,,,,
471.2392063,471.2385844,,,,,,,,,,
471.2025982,471.2019764,,,,,,,,,,
469.2843682,469.2837508,,,,,,,,,,
465.1769375,465.1763297,,,,,,,,,,
465.1688976,465.1682897,,,,,,,,,,
463.2346622,463.2340588,,,,,,,,,,
463.1612993,463.1606961,,,,,,,,,,
461.2553948,461.2547961,,,,,,,,,,
461.1456636,461.145065,,,,,,,,,,
457.2234798,457.2228903,,,,,,,,,,
453.2133008,453.2127205,,,,,,,,,,
453.1411279,453.1405477,,,,,,,,,,
451.1975347,451.196959,,,,,,,,,,
451.1254926,451.124917,,,,,,,,,,
449.216378,449.2158068,,,,,,,,,,
449.1819882,449.181417,,,,,,,,,,
449.1739578,449.1733867,,,,,,,,,,
447.1663753,447.1658087,,,,,,,,,,
447.1349806,447.1344141,,,,,,,,,,
445.2233605,445.2227983,,,,,,,,,,
445.1513319,445.1507699,,,,,,,,,,
443.2784934,443.2779356,,,,,,,,,,
443.2083523,443.2077947,,,,,,,,,,
442.2570302,442.2564747,,,,,,,,,,
441.2532004,441.2526471,,,,,,,,,,
441.1694098,441.1688568,,,,,,,,,,
441.1411378,441.1405848,,,,,,,,,,
439.283956,439.2834072,,,,,,,,,,
439.161266,439.1607175,,,,,,,,,,
439.1532865,439.152738,,,,,,,,,,
439.0890778,439.0885294,,,,,,,,,,
437.1819279,437.1813838,,,,,,,,,,
437.1097435,437.1091996,,,,,,,,,,
436.1702726,436.1697308,,,,,,,,,,
435.2396898,435.23915,,,,,,,,,,
435.2027174,435.2021778,,,,,,,,,,
435.1662837,435.1657441,,,,,,,,,,
435.1304863,435.1299468,,,,,,,,,,
435.094088,435.0935486,,,,,,,,,,
434.1910132,434.1904758,,,,,,,,,,
433.2234081,433.2228729,,,,,,,,,,
433.1512326,433.1506976,,,,,,,,,,
433.0777922,433.0772573,,,,,,,,,,
431.1350044,431.1344739,,,,,,,,,,
429.2285401,429.2280137,,,,,,,,,,
429.156264,429.1557378,,,,,,,,,,
429.1327132,429.1321871,,,,,,,,,,
427.1617539,427.1612322,,,,,,,,,,
427.1537151,427.1531934,,,,,,,,,,
427.1253237,427.124802,,,,,,,,,,
427.0885051,427.0879835,,,,,,,,,,
425.2583326,425.2578151,,,,,,,,,,
425.218396,425.2178786,,,,,,,,,,
425.1743045,425.1737872,,,,,,,,,,
425.1460832,425.145566,,,,,,,,,,
425.1379838,425.1374666,,,,,,,,,,
424.1702195,424.1697044,,,,,,,,,,
423.1586032,423.1580903,,,,,,,,,,
423.1528325,423.1523197,,,,,,,,,,
423.1299446,423.1294318,,,,,,,,,,
423.0935767,423.093064,,,,,,,,,,
423.0576743,423.0571616,,,,,,,,,,
422.1908763,422.1903656,,,,,,,,,,
422.1588943,422.1583836,,,,,,,,,,
422.1177219,422.1172113,,,,,,,,,,
421.2272506,421.226742,,,,,,,,,,
421.1870145,421.186506,,,,,,,,,,
421.1555593,421.1550509,,,,,,,,,,
421.1148392,421.1143309,,,,,,,,,,
420.2110229,420.2105165,,,,,,,,,,
420.1019501,420.1014439,,,,,,,,,,
419.2083497,419.2078455,,,,,,,,,,
419.1349407,419.1344367,,,,,,,,,,
419.0627427,419.0622389,,,,,,,,,,
418.1954356,418.1949337,,,,,,,,,,
417.3229871,417.3224871,,,,,,,,,,
417.1926135,417.1921138,,,,,,,,,,
417.1193458,417.1188462,,,,,,,,,,
415.1769837,415.1764884,,,,,,,,,,
415.1400638,415.1395685,,,,,,,,,,
415.1247464,415.1242512,,,,,,,,,,
414.2134938,414.2130006,,,,,,,,,,
413.2400054,413.2395143,,,,,,,,,,
413.1819492,413.1814582,,,,,,,,,,
413.1738306,413.1733397,,,,,,,,,,
413.1607936,413.1603027,,,,,,,,,,
413.1376983,413.1372074,,,,,,,,,,
412.2192357,412.2187468,,,,,,,,,,
411.2251168,411.2246301,,,,,,,,,,
411.1668494,411.1663628,,,,,,,,,,
411.1587618,411.1582752,,,,,,,,,,
411.0934886,411.0930022,,,,,,,,,,
411.0576555,411.0571692,,,,,,,,,,
410.2217292,410.2212447,,,,,,,,,,
409.2733628,409.2728804,,,,,,,,,,
409.254717,409.2542346,,,,,,,,,,
409.1870535,409.1865712,,,,,,,,,,
409.1670834,409.1666012,,,,,,,,,,
409.1430254,409.1425433,,,,,,,,,,
409.0778094,409.0773274,,,,,,,,,,
407.257751,407.2572729,,,,,,,,,,
407.2077392,407.2072613,,,,,,,,,,
407.1354987,407.135021,,,,,,,,,,
407.0622139,407.0617363,,,,,,,,,,
406.1954557,406.19498,,,,,,,,,,
406.1594881,406.1590125,,,,,,,,,,
405.2283834,405.2279098,,,,,,,,,,
405.1902199,405.1897464,,,,,,,,,,
405.1562076,405.1557342,,,,,,,,,,
405.1193147,405.1188413,,,,,,,,,,
404.1803145,404.1798431,,,,,,,,,,
404.1070004,404.1065292,,,,,,,,,,
403.2133695,403.2129003,,,,,,,,,,
403.1897766,403.1893073,,,,,,,,,,
403.1764794,403.1760102,,,,,,,,,,
403.1041779,403.1037089,,,,,,,,,,
402.0913905,402.0909237,,,,,,,,,,
401.1976578,401.1971929,,,,,,,,,,
401.174356,401.1738911,,,,,,,,,,
401.1374649,401.137,,,,,,,,,,
401.1243623,401.1238975,,,,,,,,,,
401.1091955,401.1087308,,,,,,,,,,
399.1820681,399.1816075,,,,,,,,,,
399.1667407,399.1662801,,,,,,,,,,
399.1585368,399.1580762,,,,,,,,,,
399.1298318,399.1293713,,,,,,,,,,
399.1217598,399.1212993,,,,,,,,,,
399.1087858,399.1083254,,,,,,,,,,
399.0728278,399.0723674,,,,,,,,,,
399.057565,399.0571047,,,,,,,,,,
398.2305838,398.2301253,,,,,,,,,,
397.2271451,397.2266887,,,,,,,,,,
397.1588648,397.1584085,,,,,,,,,,
397.1506543,397.1501981,,,,,,,,,,
397.1425963,397.1421401,,,,,,,,,,
397.1065407,397.1060845,,,,,,,,,,
397.0783269,397.0778709,,,,,,,,,,
396.2788521,396.2783977,,,,,,,,,,
396.1752396,396.1747855,,,,,,,,,,
396.1385057,396.1380516,,,,,,,,,,
395.2848395,395.2843872,,,,,,,,,,
395.2753084,395.2748562,,,,,,,,,,
395.2576631,395.2572109,,,,,,,,,,
395.2445837,395.2441316,,,,,,,,,,
395.2077395,395.2072875,,,,,,,,,,
395.1354756,395.1350236,,,,,,,,,,
395.098562,395.0981102,,,,,,,,,,
395.0774095,395.0769577,,,,,,,,,,
394.281259,394.2808089,,,,,,,,,,
394.1592019,394.1587521,,,,,,,,,,
394.0696151,394.0691655,,,,,,,,,,
393.2778189,393.277371,,,,,,,,,,
393.2289785,393.2285306,,,,,,,,,,
393.1557417,393.155294,,,,,,,,,,
393.1198095,393.1193619,,,,,,,,,,
393.0618159,393.0613685,,,,,,,,,,
393.0465855,393.046138,,,,,,,,,,
392.1797741,392.1793285,,,,,,,,,,
391.1763929,391.1759495,,,,,,,,,,
391.1041022,391.1036589,,,,,,,,,,
391.067219,391.0667758,,,,,,,,,,
389.2370276,389.2365883,,,,,,,,,,
389.1971337,389.1966945,,,,,,,,,,
389.1742017,389.1737625,,,,,,,,,,
389.1612545,389.1608153,,,,,,,,,,
389.13785,389.1374108,,,,,,,,,,
389.0880001,389.087561,,,,,,,,,,
389.0520539,389.051615,,,,,,,,,,
387.1949852,387.1945502,,,,,,,,,,
387.1662189,387.165784,,,,,,,,,,
387.1581204,387.1576855,,,,,,,,,,
387.145125,387.1446901,,,,,,,,,,
387.1222469,387.1218121,,,,,,,,,,
387.1092362,387.1088014,,,,,,,,,,
387.0939193,387.0934845,,,,,,,,,,
387.0723964,387.0719617,,,,,,,,,,
385.1874235,385.1869928,,,,,,,,,,
385.1792442,385.1788134,,,,,,,,,,
385.1505688,385.1501381,,,,,,,,,,
385.1424932,385.1420626,,,,,,,,,,
385.1400993,385.1396686,,,,,,,,,,
385.1065938,385.1061632,,,,,,,,,,
385.0935637,385.0931332,,,,,,,,,,
383.2081815,383.2077549,,,,,,,,,,
383.1713483,383.1709218,,,,,,,,,,
383.1632508,383.1628243,,,,,,,,,,
383.1432398,383.1428133,,,,,,,,,,
383.1272913,383.1268649,,,,,,,,,,
383.1142911,383.1138648,,,,,,,,,,
383.0774593,383.077033,,,,,,,,,,
383.0620771,383.0616509,,,,,,,,,,
382.1958667,382.1954423,,,,,,,,,,
381.2418184,381.241396,,,,,,,,,,
381.231959,381.2315366,,,,,,,,,,
381.1561497,381.1557275,,,,,,,,,,
381.1192504,381.1188283,,,,,,,,,,
381.1111531,381.1107309,,,,,,,,,,
380.1798042,380.179384,,,,,,,,,,
380.1438684,380.1434483,,,,,,,,,,
379.2262857,379.2258675,,,,,,,,,,
379.176401,379.1759829,,,,,,,,,,
379.140521,379.140103,,,,,,,,,,
379.1036113,379.1031933,,,,,,,,,,
378.1643803,378.1639644,,,,,,,,,,
378.0890954,378.0886797,,,,,,,,,,
377.2339673,377.2335534,,,,,,,,,,
377.1970789,377.196665,,,,,,,,,,
377.1612205,377.1608067,,,,,,,,,,
377.0858969,377.0854832,,,,,,,,,,
377.0520427,377.0516291,,,,,,,,,,
375.1450808,375.1446712,,,,,,,,,,
375.1219518,375.1215423,,,,,,,,,,
373.2772128,373.2768071,,,,,,,,,,
373.2602089,373.2598032,,,,,,,,,,
373.202241,373.2018354,,,,,,,,,,
373.1663218,373.1659163,,,,,,,,,,
373.1427101,373.1423047,,,,,,,,,,
373.1294305,373.1290251,,,,,,,,,,
373.1141805,373.1137751,,,,,,,,,,
373.1062172,373.1058119,,,,,,,,,,
373.0782701,373.0778648,,,,,,,,,,
371.1717539,371.1713525,,,,,,,,,,
371.1636596,371.1632583,,,,,,,,,,
371.1349522,371.134551,,,,,,,,,,
371.1268459,371.1264446,,,,,,,,,,
371.124461,371.1240598,,,,,,,,,,
371.1138193,371.1134181,,,,,,,,,,
371.0909063,371.0905052,,,,,,,,,,
371.07789,371.0774889,,,,,,,,,,
369.2503736,369.2499762,,,,,,,,,,
369.2479584,369.2475611,,,,,,,,,,
369.2288496,369.2284524,,,,,,,,,,
369.2136242,369.2132269,,,,,,,,,,
369.1840819,369.1836847,,,,,,,,,,
369.14773,369.1473329,,,,,,,,,,
369.1278437,369.1274467,,,,,,,,,,
369.1197084,369.1193113,,,,,,,,,,
369.1116303,369.1112333,,,,,,,,,,
369.0828827,369.0824857,,,,,,,,,,
368.2469536,368.2465584,,,,,,,,,,
368.1433156,368.1429206,,,,,,,,,,
367.2533049,367.2529117,,,,,,,,,,
367.2508001,367.2504069,,,,,,,,,,
367.1400253,367.1396324,,,,,,,,,,
367.1320884,367.1316955,,,,,,,,,,
367.1040673,367.1036745,,,,,,,,,,
367.0672596,367.0668668,,,,,,,,,,
366.2528464,366.2524553,,,,,,,,,,
366.2499019,366.2495108,,,,,,,,,,
366.2009335,366.2005425,,,,,,,,,,
366.1641767,366.1637858,,,,,,,,,,
365.2485525,365.2481635,,,,,,,,,,
365.2481843,365.2477953,,,,,,,,,,
365.2478542,365.2474651,,,,,,,,,,
365.2475287,365.2471397,,,,,,,,,,
365.247198,365.246809,,,,,,,,,,
365.2464148,365.2460258,,,,,,,,,,
365.245593,365.245204,,,,,,,,,,
365.24531,365.2449209,,,,,,,,,,
365.2449713,365.2445823,,,,,,,,,,
365.2442861,365.2438971,,,,,,,,,,
365.1975421,365.1971532,,,,,,,,,,
365.1607542,365.1603653,,,,,,,,,,
364.1848219,364.1844351,,,,,,,,,,
363.2311608,363.2307759,,,,,,,,,,
363.1217479,363.1213633,,,,,,,,,,
363.1086913,363.1083067,,,,,,,,,,
363.0727849,363.0724004,,,,,,,,,,
363.0358879,363.0355034,,,,,,,,,,
361.1640059,361.1636253,,,,,,,,,,
361.1429473,361.1425667,,,,,,,,,,
361.1060542,361.1056737,,,,,,,,,,
361.0570773,361.0566969,,,,,,,,,,
360.2393097,360.238931,,,,,,,,,,
359.2228885,359.2225119,,,,,,,,,,
359.1349044,359.1345279,,,,,,,,,,
359.1268668,359.1264904,,,,,,,,,,
359.0908633,359.090487,,,,,,,,,,
359.0409641,359.0405879,,,,,,,,,,
357.1560548,357.1556825,,,,,,,,,,
357.1480304,357.1476581,,,,,,,,,,
357.1349278,357.1345555,,,,,,,,,,
357.1111582,357.1107859,,,,,,,,,,
357.0981065,357.0977343,,,,,,,,,,
357.06216,357.0617878,,,,,,,,,,
355.1950005,355.1946321,,,,,,,,,,
355.1685022,355.1681339,,,,,,,,,,
355.1404174,355.1400492,,,,,,,,,,
355.1322356,355.1318673,,,,,,,,,,
355.1117286,355.1113604,,,,,,,,,,
355.1035509,355.1031827,,,,,,,,,,
355.0955925,355.0952244,,,,,,,,,,
355.0676683,355.0673002,,,,,,,,,,
354.9566275,354.9562596,,,,,,,,,,
354.2038407,354.2034743,,,,,,,,,,
354.1645074,354.1641411,,,,,,,,,,
354.1276765,354.1273104,,,,,,,,,,
353.2334791,353.2331147,,,,,,,,,,
353.2158091,353.2154448,,,,,,,,,,
353.2007675,353.2004032,,,,,,,,,,
353.0799662,353.0796022,,,,,,,,,,
352.2216274,352.2212651,,,,,,,,,,
352.1487993,352.1484371,,,,,,,,,,
351.2310167,351.2306565,,,,,,,,,,
351.2210112,351.2206509,,,,,,,,,,
351.2178642,351.2175039,,,,,,,,,,
351.1851854,351.1848252,,,,,,,,,,
351.1450771,351.144717,,,,,,,,,,
351.1369529,351.1365929,,,,,,,,,,
351.0723241,351.0719642,,,,,,,,,,
350.2795475,350.2791891,,,,,,,,,,
350.2057686,350.2054104,,,,,,,,,,
350.1692716,350.1689135,,,,,,,,,,
350.1331187,350.1327607,,,,,,,,,,
349.2764717,349.2761154,,,,,,,,,,
349.2026042,349.2022481,,,,,,,,,,
349.1657782,349.1654221,,,,,,,,,,
349.1298458,349.1294898,,,,,,,,,,
349.106341,349.1059851,,,,,,,,,,
349.0930106,349.0926547,,,,,,,,,,
347.1869625,347.1866104,,,,,,,,,,
347.1501642,347.1498123,,,,,,,,,,
347.1269806,347.1266287,,,,,,,,,,
347.0907628,347.0904109,,,,,,,,,,
345.1708912,345.1705432,,,,,,,,,,
345.147651,345.1473031,,,,,,,,,,
345.1196687,345.1193208,,,,,,,,,,
345.111533,345.1111851,,,,,,,,,,
345.082877,345.0825292,,,,,,,,,,
343.2127657,343.2124217,,,,,,,,,,
343.139995,343.1396511,,,,,,,,,,
343.1318723,343.1315284,,,,,,,,,,
343.104002,343.1036582,,,,,,,,,,
343.0959305,343.0955867,,,,,,,,,,
343.0671977,343.066854,,,,,,,,,,
341.2068454,341.2065054,,,,,,,,,,
341.1961183,341.1957783,,,,,,,,,,
341.1797541,341.1794142,,,,,,,,,,
341.116656,341.1163162,,,,,,,,,,
341.1094834,341.1091436,,,,,,,,,,
341.1036071,341.1032673,,,,,,,,,,
340.2158238,340.2154858,,,,,,,,,,
339.2125919,339.2122559,,,,,,,,,,
339.2000887,339.1997527,,,,,,,,,,
339.1991534,339.1988174,,,,,,,,,,
339.1814683,339.1811323,,,,,,,,,,
339.1454365,339.1451006,,,,,,,,,,
339.1086956,339.1083598,,,,,,,,,,
338.2469415,338.2466074,,,,,,,,,,
338.2189863,338.2186523,,,,,,,,,,
337.2154822,337.2151502,,,,,,,,,,
337.2055826,337.2052507,,,,,,,,,,
337.2021524,337.2018205,,,,,,,,,,
337.1844897,337.1841577,,,,,,,,,,
337.1662118,337.1658798,,,,,,,,,,
337.1293666,337.1290347,,,,,,,,,,
337.0933947,337.093063,,,,,,,,,,
337.0566174,337.0562858,,,,,,,,,,
336.2314723,336.2311423,,,,,,,,,,
335.127203,335.1268752,,,,,,,,,,
335.0903945,335.0900667,,,,,,,,,,
335.0409905,335.0406628,,,,,,,,,,
333.2076289,333.2073049,,,,,,,,,,
333.1708801,333.1705561,,,,,,,,,,
333.1111629,333.1108391,,,,,,,,,,
333.0981159,333.0977921,,,,,,,,,,
333.0751867,333.0748629,,,,,,,,,,
333.0596147,333.0592909,,,,,,,,,,
332.2363004,332.2359784,,,,,,,,,,
331.1919939,331.1916738,,,,,,,,,,
331.1552068,331.1548868,,,,,,,,,,
331.1321967,331.1318769,,,,,,,,,,
331.1192106,331.1188907,,,,,,,,,,
331.0955959,331.0952761,,,,,,,,,,
331.0824246,331.0821049,,,,,,,,,,
331.0464499,331.0461302,,,,,,,,,,
330.2733445,330.2730263,,,,,,,,,,
329.2702474,329.2699312,,,,,,,,,,
329.23343,329.2331139,,,,,,,,,,
329.215969,329.2156529,,,,,,,,,,
329.1164261,329.1161102,,,,,,,,,,
329.103153,329.1028371,,,,,,,,,,
329.0671982,329.0668824,,,,,,,,,,
328.1835923,328.1832783,,,,,,,,,,
327.2178018,327.2174896,,,,,,,,,,
327.1914229,327.1911109,,,,,,,,,,
327.1889991,327.188687,,,,,,,,,,
327.1805547,327.1802427,,,,,,,,,,
327.1450212,327.1447092,,,,,,,,,,
327.1007296,327.1004177,,,,,,,,,,
327.0515083,327.0511965,,,,,,,,,,
326.1906622,326.1903521,,,,,,,,,,
326.1837794,326.1834693,,,,,,,,,,
326.1327766,326.1324666,,,,,,,,,,
325.2025509,325.2022427,,,,,,,,,,
325.1869077,325.1865996,,,,,,,,,,
325.1860726,325.1857644,,,,,,,,,,
325.1843497,325.1840416,,,,,,,,,,
325.1835209,325.1832128,,,,,,,,,,
325.1657977,325.1654896,,,,,,,,,,
323.1687479,323.1684438,,,,,,,,,,
323.0409085,323.0406046,,,,,,,,,,
322.2519861,322.2516837,,,,,,,,,,
322.138188,322.1378859,,,,,,,,,,
321.1745735,321.1742733,,,,,,,,,,
321.1712222,321.170922,,,,,,,,,,
321.1344539,321.1341537,,,,,,,,,,
319.2283283,319.2280319,,,,,,,,,,
319.1950153,319.1947189,,,,,,,,,,
319.1319304,319.1316342,,,,,,,,,,
319.0956075,319.0953113,,,,,,,,,,
319.0823901,319.0820939,,,,,,,,,,
317.2506022,317.2503096,,,,,,,,,,
317.2126786,317.2123862,,,,,,,,,,
317.116387,317.1160947,,,,,,,,,,
317.0667802,317.066488,,,,,,,,,,
315.1450347,315.1447463,,,,,,,,,,
315.1242585,315.1239701,,,,,,,,,,
315.1005802,315.1002919,,,,,,,,,,
314.1679344,314.1676478,,,,,,,,,,
313.2388918,313.2386071,,,,,,,,,,
313.1919858,313.1917011,,,,,,,,,,
313.1757969,313.1755123,,,,,,,,,,
313.1646012,313.1643166,,,,,,,,,,
313.1297283,313.1294437,,,,,,,,,,
313.121651,313.1213665,,,,,,,,,,
313.093015,313.0927305,,,,,,,,,,
312.1723984,312.1721157,,,,,,,,,,
312.17181,312.1715273,,,,,,,,,,
312.1684874,312.1682047,,,,,,,,,,
312.1174389,312.1171563,,,,,,,,,,
311.2232488,311.222968,,,,,,,,,,
311.1689245,311.1686438,,,,,,,,,,
311.1678818,311.1676011,,,,,,,,,,
311.0773383,311.0770577,,,,,,,,,,
310.1779209,310.177642,,,,,,,,,,
309.1842157,309.1839388,,,,,,,,,,
309.1743293,309.1740524,,,,,,,,,,
309.1531597,309.1528828,,,,,,,,,,
309.1348074,309.1345306,,,,,,,,,,
309.0617081,309.0614314,,,,,,,,,,
307.1187673,307.1184944,,,,,,,,,,
305.2490353,305.248766,,,,,,,,,,
305.1398897,305.1396206,,,,,,,,,,
305.0307243,305.0304554,,,,,,,,,,
303.0875212,303.087256,,,,,,,,,,
301.2173799,301.2171183,,,,,,,,,,
299.2020748,299.2018171,,,,,,,,,,
299.1504241,299.1501665,,,,,,,,,,
299.1491944,299.1489368,,,,,,,,,,
299.077334,299.0770765,,,,,,,,,,
298.1565329,298.1562772,,,,,,,,,,
297.5528153,297.5525607,,,,,,,,,,
297.2439332,297.2436792,,,,,,,,,,
297.1533179,297.1530641,,,,,,,,,,
297.0983838,297.09813,,,,,,,,,,
297.0514341,297.0511804,,,,,,,,,,
296.1221728,296.1219209,,,,,,,,,,
295.137728,295.137478,,,,,,,,,,
295.1187786,295.1185287,,,,,,,,,,
295.0463482,295.0460984,,,,,,,,,,
293.1795989,293.1793526,,,,,,,,,,
293.1762377,293.1759914,,,,,,,,,,
293.1031378,293.1028916,,,,,,,,,,
291.2099604,291.2097178,,,,,,,,,,
291.0874904,291.0872481,,,,,,,,,,
289.0538754,289.0536368,,,,,,,,,,
287.114011,287.1137761,,,,,,,,,,
285.0408441,285.0406131,,,,,,,,,,
283.1377112,283.1374838,,,,,,,,,,
283.1187975,283.1185701,,,,,,,,,,
283.0823955,283.0821682,,,,,,,,,,
283.0205845,283.0203573,,,,,,,,,,
281.1395295,281.1393058,,,,,,,,,,
279.2330164,279.2327963,,,,,,,,,,
279.039021,279.0388012,,,,,,,,,,
277.0752795,277.0750633,,,,,,,,,,
277.0597223,277.0595062,,,,,,,,,,
274.0484441,274.0482335,,,,,,,,,,
273.0405109,273.0403022,,,,,,,,,,
271.1470934,271.1468882,,,,,,,,,,
267.0738106,267.0736129,,,,,,,,,,
265.1479689,265.1477747,,,,,,,,,,
265.035704,265.03551,,,,,,,,,,
263.0959343,263.0957438,,,,,,,,,,
263.077258,263.0770675,,,,,,,,,,
262.0834281,262.0832395,,,,,,,,,,
261.0803261,261.0801393,,,,,,,,,,
257.2399813,257.2398014,,,,,,,,,,
256.059626,256.0594483,,,,,,,,,,
255.0874415,255.0872656,,,,,,,,,,
249.1532223,249.1530569,,,,,,,,,,
248.5819885,248.5818241,,,,,,,,,,
248.0801774,248.080014,,,,,,,,,,
246.9774238,246.9772623,,,,,,,,,,
243.1715938,243.1714391,,,,,,,,,,
239.0676008,239.0674534,,,,,,,,,,
237.0771099,237.076966,,,,,,,,,,
235.1375828,235.1374422,,,,,,,,,,
229.1560052,229.1558751,,,,,,,,,,
228.9667242,228.9665945,,,,,,,,,,
228.1032352,228.1031069,,,,,,,,,,
225.0406997,225.0405767,,,,,,,,,,
217.0299278,217.0298185,,,,,,,,,,
216.0361917,216.0360842,,,,,,,,,,
215.0329966,215.0328907,,,,,,,,,,
213.0017277,213.0016253,,,,,,,,,,
210.1118241,210.1117266,,,,,,,,,,
209.1085063,209.1084105,,,,,,,,,,
183.6222806,183.622227,,,,,,,,,,
183.62173,183.6216765,,,,,,,,,,
183.1254806,183.1254278,,,,,,,,,,
183.1249322,183.1248795,,,,,,,,,,
182.6237388,182.6236869,,,,,,,,,,
169.6004985,169.6004675,,,,,,,,,,
169.6000282,169.5999972,,,,,,,,,,
167.0211844,167.0211575,,,,,,,,,,
163.0942729,163.0942522,,,,,,,,,,
162.5925945,162.5925746,,,,,,,,,,
162.5921623,162.5921423,,,,,,,,,,
155.5848423,155.5848334,,,,,,,,,,
155.584448,155.5844391,,,,,,,,,,
