model,amino_sugar,amino_sugar_std,amino_sugar_median,carbohydrate,carbohydrate_std,carbohydrate_median,lignin,lignin_std,lignin_median,lipid,lipid_std,lipid_median,peptide,peptide_std,peptide_median,phytochemical,phytochemical_std,phytochemical_median,tannin,tannin_std,tannin_median
DBCCR,71.25,12.080459428349569,70.0,45.0,9.499177595981665,50.0,83.38983050847459,4.102955402342443,83.05084745762711,76.51270772238514,1.1551645813409532,76.29521016617791,20.754716981132077,5.386453744762339,20.754716981132077,,,,57.82894736842106,7.266387058671357,56.578947368421055
Hybrid,72.0,10.04987562112089,70.0,63.28125,10.382104118987634,62.5,80.97457627118645,4.476108815620238,80.5084745762712,90.06598240469208,0.8456193928594354,89.88269794721407,99.00943396226414,1.192379684883447,100.0,,,,57.82894736842106,7.266387058671357,56.578947368421055
GNB (U),13.5,19.43579172557681,0.0,60.46875,13.286763561435869,62.5,0.0,0.0,0.0,98.17204301075269,0.5009238700026968,98.19159335288367,93.16037735849056,3.3404087125198507,92.45283018867924,,,,85.72368421052632,5.092207261320356,86.8421052631579
Poly SVM (U),7.0,11.0,0.0,64.6875,10.874820400815823,62.5,0.0423728813559322,0.2646185592541694,0.0,97.8567937438905,0.4108988826164434,97.84946236559139,93.91509433962264,3.170920178916661,94.33962264150944,,,,96.64473684210525,4.033597646307717,97.36842105263158
RBF SVM (U),53.0,13.638181696985855,55.0,65.46875,10.64221950241114,68.75,73.4322033898305,4.60111742170274,72.88135593220339,98.04496578690127,0.3804789922977234,97.94721407624634,93.11320754716982,3.441780442821641,94.33962264150944,,,,92.63157894736841,4.127470300357397,93.42105263157895
$k$NN,73.25,13.301785594423029,70.0,87.34375,6.915717492603353,87.5,68.77118644067798,5.290844319296431,69.49152542372882,98.17693059628543,0.3839477649754215,98.1427174975562,94.19811320754718,3.2785563902839887,94.33962264150944,,,,97.30263157894737,2.3157520929997437,97.36842105263158
GNB (W),93.25,7.545694136393285,95.0,92.5,7.93036096278095,93.75,89.66101694915254,3.16636299868973,89.83050847457628,66.29765395894427,2.1099981860814636,66.03128054740958,93.72641509433963,3.305590914235278,94.33962264150944,,,,94.14473684210526,4.725406517856718,94.73684210526315
Poly SVM (W),91.5,8.817596044274199,90.0,96.875,3.4232659844072884,100.0,88.30508474576271,2.7798677062469044,88.13559322033898,88.01075268817205,1.0733898984276344,87.87878787878788,94.29245283018868,3.2812698659318253,94.33962264150944,,,,94.80263157894737,4.905177743778601,97.36842105263158
RBF SVM (W),87.25,11.177544453054079,90.0,96.875,3.4232659844072884,100.0,88.9406779661017,3.215596418627827,88.13559322033898,88.3724340175953,0.9514988025165741,88.26979472140762,94.5754716981132,2.928709731372713,94.33962264150944,,,,92.96052631578945,4.4186827921597285,94.73684210526315
3D MSCC,77.0,10.770329614269007,80.0,63.4375,9.837547649185746,62.5,,,,89.98532289628182,0.6584007604669209,90.01956947162427,99.19811320754715,0.9327226383625108,100.0,93.80102040816328,1.9942062582850058,93.87755102040816,,,
GNB (U) (R-U),16.75,21.72412253694036,0.0,59.53125,12.021099614323974,62.5,,,,98.42221135029354,0.4249254590518661,98.43444227005871,92.26415094339623,3.4223315372107646,92.45283018867924,0.0,0.0,0.0,,,
Poly SVM (U) (R-U),4.5,6.304760106459246,0.0,64.375,9.702609185162515,62.5,,,,97.17221135029354,0.4498850854235865,97.06457925636008,93.49056603773585,3.2392990025263004,93.39622641509433,70.17857142857142,4.75058634229346,69.38775510204081,,,
RBF SVM (U) (R-U),59.0,15.620499351813308,60.0,65.15625,10.353847035643321,65.625,,,,98.04549902152641,0.4119405734056611,98.04305283757338,92.87735849056604,3.491522051640952,92.45283018867924,87.52551020408164,3.28666087898408,87.24489795918367,,,
$k$NN (R-U),74.25,15.14719445970111,80.0,87.65625,10.596238645741233,87.5,,,,98.21183953033268,0.48381907304997557,98.23874755381604,93.91509433962264,3.2540332888692785,94.33962264150944,81.86224489795919,4.271645396565882,82.14285714285714,,,
GNB (W) (R-U),93.5,10.380269746013347,100.0,92.8125,8.78897569401577,93.75,,,,69.32485322896282,1.8433258092021787,69.03131115459882,93.25471698113208,3.5017032930127283,94.33962264150944,99.97448979591836,0.15931117342852985,100.0,,,
Poly SVM (W) (R-U),91.0,10.677078252031311,90.0,97.34375,3.6677170607204697,100.0,,,,88.8527397260274,0.796235694891618,88.84540117416829,94.24528301886792,3.2392990025262995,94.33962264150944,97.29591836734694,1.4883624638586566,96.93877551020408,,,
RBF SVM (W) (R-U),87.25,10.720890821195784,90.0,97.34375,3.6677170607204697,100.0,,,,89.52544031311155,0.9738024510402035,89.53033268101761,94.90566037735849,2.740724348364894,94.33962264150944,97.67857142857143,1.4607794185939196,97.95918367346938,,,
