Name,FORMULA,IUPAC Name,Identification,Reference,,SMILES
proanthocyanidin T3,C105H102O59,,NMR,"Chemistry of Natural Compounds, 1997 ,  vol. 33,  # 5  p. 548 - 553",Natural Product,O[C@@H]1CC2=C(O[C@@H]1C1=CC(O)=C(O)C(O)=C1)C=C(O)C([C@@H]1[C@@H](O)[C@H](OC3=C1C(O)=C([C@@H]1[C@@H](O)[C@H](OC4=C1C(O)=C([C@@H]1[C@@H](O)[C@H](OC5=C1C(O)=CC(O)=C5)C1=CC(O)=C(O)C=C1)C(O)=C4)C1=CC(O)=C(O)C(O)=C1)C(O)=C3)C1=CC(O)=C(O)C(O)=C1)=C2O
Proanthocyanidin T4,C128H122O65,,NMR,,Natural Product,O[C@@H]1CC2=C(O[C@@H]1C1=CC(O)=C(O)C(O)=C1)C=C(O)C([C@@H]1[C@@H](O)[C@H](OC3=CC(O)=C([C@@H]4[C@@H](O)[C@H](OC5=C4C(O)=C([C@@H]4[C@@H](O)[C@H](OC6=C4C(O)=C([C@@H]4[C@@H](O)[C@H](OC7=C4C(O)=C([C@@H]4[C@@H](O)[C@H](OC8=C4C(O)=CC(O)=C8)C4=CC(O)=C(O)C=C4)C(O)=C7)C4=CC(O)=C(O)C=C4)C(O)=C6)C4=CC=C(O)C(O)=C4)C(O)=C5)C4=CC(O)=C(O)C=C4)C(O)=C13)C1=CC=C(O)C(O)=C1)=C2O
"(R)-2-phenyl-chroman-7-ol, (2R)-Flavan-7-ol, (2R)-Flavanol-7",C15H14O2,,NMR,"NOVARTIS AG; IRM LLC Patent: WO2011/64211 A1, 2011 ;",,OC1=CC=C2CC[C@@H](OC2=C1)C1=CC=CC=C1
"7-hydroxy-2-phenyl-3,4-dihydro-2H-1-benzopyran, 7-hydroxyflavan, 2-phenyl-chroman-7-ol, 2-phenyl-7-hydroxy-3,4-dihydro-2H-1-benzopyrane, (R,S)-2-phenyl-chroman-7-ol, 2-phenylchroman-7-ol",C15H14O2,,NMR,"ORION CORPORATION Patent: WO2004/63191 A1, 2004 ;Synthesis, 1984 ,  # 4  p. 346 - 348Phytochemistry (Elsevier), 1980 ,  vol. 19, p. 889 - 891",Natural Product,OC1=CC=C2CCC(OC2=C1)C1=CC=CC=C1
" (2R,3R)-3,7-dihydroxyflavan",C15H14O3,"(2R,3R)-2-phenyl-3,4-dihydro-2H-1-benzopyran-3,7-diol",NMR,"Chemical and Pharmaceutical Bulletin, 2009 ,  vol. 57,  # 10  p. 1153 - 1157",Natural Product,O[C@@H]1CC2=C(O[C@@H]1C1=CC=CC=C1)C=C(O)C=C2
"(+/-)-7,4'-dihydroxyflavan, 7,4'-dihydroxyflavan, 2-(4-Hydroxy-phenyl)-chroman-7-ol, 4',7-dihydroxyflavan",C15H14O3,,NMR,"Bioorganic and Medicinal Chemistry Letters, 2008 ,  vol. 18,  # 20  p. 5415 - 5419Synthetic Communications, 2003 ,  vol. 33,  # 20  p. 3527 - 3536Phytochemistry (Elsevier), 1980 ,  vol. 19, p. 889 - 891",Natural Product,OC1=CC=C(C=C1)C1CCC2=CC=C(O)C=C2O1
"(2S)-4',7-dihydroxyflavane, (2S)-4',7-dihydroxyflavan, (2S)-7,4'-dihydroxyflavan",C15H14O3,,NMR,"Phytochemistry (Elsevier), 1988 ,  vol. 27,  # 6  p. 1835 - 1842",Natural Product,OC1=CC=C(C=C1)[C@@H]1CCC2=CC=C(O)C=C2O1
"Tupichinol C, 7,4'-dihydroxyflavan",C15H14O3,,NMR,"Journal of Natural Products, 2003 ,  vol. 66,  # 2  p. 161 - 168",Natural Product,OC1=CC=C(C=C1)[C@H]1CCC2=CC=C(O)C=C2O1
distenin,C15H14O4,"(2R,3R)-2-phenyl-3,4-dihydro-2H-1-benzopyran-3,5,7-triol",NMR,"Chemical & Pharmaceutical Bulletin, 1988 ,  vol. 36,  # 11  p. 4301 - 4306",Natural Product,O[C@@H]1CC2=C(O[C@@H]1C1=CC=CC=C1)C=C(O)C=C2O
"ent-epiguibourtinidol, (2R,3R)-2,3-cis-4'-7-dihydroxyflavan-3-ol, (2R,3R)-3,4',7-trihydroxyflavan, epiguibourtinidol",C15H14O4,"(2R,3R)-2-(4-hydroxyphenyl)-3,4-dihydro-2H-1-benzopyran-3,7-diol",NMR,"Chemical and Pharmaceutical Bulletin, 2009 ,  vol. 57,  # 10  p. 1153 - 1157Phytochemistry, 1999 ,  vol. 52,  # 6  p. 1153 - 1158",Natural Product,O[C@@H]1CC2=C(O[C@@H]1C1=CC=C(O)C=C1)C=C(O)C=C2
"ent-guibourtinidol, (2S,3R)-2,3-trans-4',7-dihydroxyflavan-3-ol",C15H14O4,"(2S,3R)-2-(4-hydroxyphenyl)-3,4-dihydro-2H-1-benzopyran-3,7-diol",NMR,"Phytochemistry, 1999 ,  vol. 52,  # 6  p. 1153 - 1158",,O[C@@H]1CC2=C(O[C@H]1C1=CC=C(O)C=C1)C=C(O)C=C2
"epi-guibourtinidol, epiguibourtinidol, (2S,3S)-2,3-cis-4',7-dihydroxyflavan-3-ol, (2S,3S)-2,3-cis-4'-7-dihydroxyflavan-3-ol",C15H14O4,"(2R,3S)-2-(4-hydroxyphenyl)-3,4-dihydro-2H-1-benzopyran-3,7-diol",NMR,"Phytochemistry, 1999 ,  vol. 52,  # 6  p. 1153 - 1158Journal of Chemical Research, Miniprint, 1999 ,  # 10  p. 2610 - 2625",,O[C@H]1CC2=CC=C(O)C=C2O[C@H]1C1=CC=C(O)C=C1
"guibourtinidol, (2R,3S)-2,3-trans-4'-7-dihydroxyflavan-3-ol, (2R,3S)-4',7-dihydroxyflavan-3-ol",C15H14O4,"(2R,3S)-2-(4-hydroxyphenyl)-3,4-dihydro-2H-1-benzopyran-3,7-diol",NMR,"Phytochemistry, 1999 ,  vol. 52,  # 6  p. 1153 - 1158Journal of Chemical Research, Miniprint, 1999 ,  # 10  p. 2610 - 2625",Natural Product,O[C@H]1CC2=C(O[C@@H]1C1=CC=C(O)C=C1)C=C(O)C=C2
"afzelechin, (2R,3S)-2,3-trans-4',5,7-trihydroxyflavan-3-ol, (+)-afzelechin, (-)-afzelechin",C15H14O5,"(2R,3S)-2-(4-hydroxyphenyl)-3,4-dihydro-2H-1-benzopyran-3,5,7-triol",NMR,"Tetrahedron, 2004 ,  vol. 60,  # 37  p. 8207 - 8211Journal of Chemical Research, Miniprint, 1999 ,  # 10  p. 2610 - 2625Phytochemistry, 1994 ,  vol. 36,  # 2  p. 513 - 518Phytochemistry, 1994 ,  vol. 37,  # 2  p. 551 - 555Agricultural and Biological Chemistry, 1982 ,  vol. 46,  # 10  p. 2555 - 2561",Natural Product,O[C@H]1CC2=C(O)C=C(O)C=C2O[C@@H]1C1=CC=C(O)C=C1
"ent-afzelechin, (2S,3R)-2,3-trans-4',5,7-trihydroxyflavan-3-ol, (‚Äì)-afzelechin, (-)-afzelechin, afzelechin",C15H14O5,"(2S,3R)-2-(4-hydroxyphenyl)-3,4-dihydro-2H-1-benzopyran-3,5,7-triol",NMR,"Chemistry of Natural Compounds, 2009 ,  vol. 45,  # 4  p. 542 - 544Chemistry Letters, 2009 ,  vol. 38,  # 9  p. 934 - 935,2Phytochemistry (Elsevier), 1992 ,  vol. 31,  # 12  p. 4385 - 4386TOKYO INSTITUTE OF TECHNOLOGY Patent: EP1997815 A1, 2008 ;",Natural Product,O[C@@H]1CC2=C(O[C@H]1C1=CC=C(O)C=C1)C=C(O)C=C2O
"ent-epiafzelechin, (-)-EZ, (2R,3R)-2,3-cis-4',5,7-trihydroxyflavan-3-ol, (2R,3R)-(-)-epiafzelechin, (‚Äì)-epiafzelechin, (-)-epi-afzelechin, (-)-Epiafzelechin",C15H14O5,"(2R,3R)-2-(4-hydroxyphenyl)-3,4-dihydro-2H-1-benzopyran-3,5,7-triol",NMR,"European Journal of Medicinal Chemistry, 2012 ,  vol. 50, p. 230 - 235Journal of Natural Products, 2011 ,  vol. 74,  # 3  p. 455 - 459Organic and Biomolecular Chemistry, 2010 ,  vol. 8,  # 12  p. 2693 - 2696Tetrahedron, 2004 ,  vol. 60,  # 37  p. 8207 - 8211Planta Medica, 1999 ,  vol. 65,  # 5  p. 460 - 462Magnetic Resonance in Chemistry, 1996 ,  vol. 34,  # 11  p. 887 - 890Phytochemistry, 1994 ,  vol. 37,  # 2  p. 551 - 555Journal of the Indian Chemical Society, 1990 ,  vol. 67,  # 9  p. 783 - 784Chemical and Pharmaceutical Bulletin, 1990 ,  vol. 38,  # 4  p. 888 - 893Heterocycles, 1982 ,  vol. 19,  # 8  p. 1381 - 1384",Natural Product,O[C@@H]1CC2=C(O[C@@H]1C1=CC=C(O)C=C1)C=C(O)C=C2O
"epiafzelechin, (2S,3S)-2,3-cis-4',5,7-trihydroxyflavan-3-ol, (+)-epiafzelechin",C15H14O5,"(2S,3S)-2-(4-hydroxyphenyl)-3,4-dihydro-2H-1-benzopyran-3,5,7-triol",NMR,"Journal of Chemical Research, Miniprint, 1999 ,  # 10  p. 2610 - 2625",Natural Product,O[C@H]1CC2=C(O)C=C(O)C=C2O[C@H]1C1=CC=C(O)C=C1
epifisetinidol,C15H14O5,"(2S,3S)-2-(3,4-dihydroxyphenyl)-3,4-dihydro-2H-1-benzopyran-3,7-diol",NMR,"Journal of Chemical Research, Miniprint, 1999 ,  # 10  p. 2610 - 2625Magnetic Resonance in Chemistry, 1996 ,  vol. 34,  # 6  p. 424 - 433Tetrahedron, 1993 ,  vol. 49,  # 27  p. 5927 - 5940",Natural Product,O[C@H]1CC2=CC=C(O)C=C2O[C@H]1C1=CC(O)=C(O)C=C1
fisetinidol,C15H14O5,,NMR,"Journal of Chemical Research, Miniprint, 1999 ,  # 10  p. 2610 - 2625
Phytochemistry (Elsevier), 1981 ,  vol. 20,  # 6  p. 1385 - 1388
Journal of the Chemical Society, Perkin Transactions 1: Organic and Bio-Organic Chemistry (1972-1999), 1995 ,  # 23  p. 3005 - 3012",Natural Product,O[C@H]1CC2=CC=C(O)C=C2O[C@@H]1C1=CC(O)=C(O)C=C1
luteoliflavan,C15H14O5,,NMR,"Phytochemistry, 2003 ,  vol. 64,  # 3  p. 709 - 716",Natural Product,OC1=CC(O)=C2CC[C@H](OC2=C1)C1=CC(O)=C(O)C=C1
"(-)-Catechin, (2S,3R)-ent-catechin, (+)-catechin, ent-catechin, ent-C, C, (2S,3R)-2-(3,4-dihydroxyphenyl)-3,4-dihydro-1(2H)-benzopyran-3,5,7-triol",C15H14O6,"(2S,3R)-2-(3,4-dihydroxyphenyl)-3,4-dihydro-2H-1-benzopyran-3,5,7-triol",NMR,"European Journal of Medicinal Chemistry, 2012 ,  vol. 50, p. 230 - 235Chemistry of Natural Compounds, 2008 ,  vol. 44,  # 1  p. 31 - 34Bioscience, Biotechnology and Biochemistry, 2008 ,  vol. 72,  # 7  p. 1682 - 1689Chemistry of Natural Compounds, 2006 ,  vol. 42,  # 5  p. 612 - 612Bioscience, Biotechnology and Biochemistry, 1997 ,  vol. 61,  # 9  p. 1434 - 1439Journal of Agricultural and Food Chemistry, 2004 ,  vol. 52,  # 2  p. 228 - 233JAOCS, Journal of the American Oil Chemists' Society, 2000 ,  vol. 77,  # 6  p. 667 - 673Phytochemistry, 1999 ,  vol. 52,  # 5  p. 759 - 767Phytochemistry, 1998 ,  vol. 48,  # 4  p. 665 - 668",Natural Product,O[C@@H]1CC2=C(O[C@H]1C1=CC(O)=C(O)C=C1)C=C(O)C=C2O
"(-)-Epicatechin, (-)-epicatechin, ent-epicatechin, epicatechin, (-)-EC, EC, (2R,3R)-2-(3,4-dihydroxyphenyl)-3,4-dihydro-1(2H)-benzopyran-3,5,7-triol",C15H14O6,"(2R,3R)-2-(3,4-dihydroxyphenyl)-3,4-dihydro-2H-1-benzopyran-3,5,7-triol",NMR,"Agricultural and Biological Chemistry, 1987 ,  vol. 51,  # 1  p. 139 - 143Asian Journal of Chemistry, 2010 ,  vol. 22,  # 5  p. 4045 - 4053Biochemistry, 2012 ,  vol. 51,  # 51  p. 10167 - 10174Biological and pharmaceutical bulletin, 2002 ,  vol. 25,  # 6  p. 748 - 752Bioorganic and Medicinal Chemistry Letters, 2010 ,  vol. 20,  # 20  p. 6045 - 6047Bioorganic and medicinal chemistry, 2002 ,  vol. 10,  # 8  p. 2497 - 2509Bioscience, Biotechnology and Biochemistry, 1997 ,  vol. 61,  # 9  p. 1434 - 1439Bioscience, Biotechnology and Biochemistry, 2008 ,  vol. 72,  # 7  p. 1682 - 1689Bulletin of the Korean Chemical Society, 2013 ,  vol. 34,  # 5  p. 1407 - 1413Bulletin of the Korean Chemical Society, 2013 ,  vol. 34,  # 8  p. 2535 - 2538Chemical & Pharmaceutical Bulletin, 1985 ,  vol. 33,  # 6  p. 2281 - 2286Chemical & Pharmaceutical Bulletin, 1988 ,  vol. 36,  # 11  p. 4301 - 4306Chemical and Pharmaceutical Bulletin, 1982 ,  vol. 30,  # 12  p. 4268 - 4276Chemical and Pharmaceutical Bulletin, 1982 ,  vol. 30,  # 12  p. 4277 - 4282Chemical and Pharmaceutical Bulletin, 1983 ,  vol. 31,  # 11  p. 3906 - 3914Chemical and Pharmaceutical Bulletin, 1985 ,  vol. 33,  # 8  p. 3293 - 3298Chemical and Pharmaceutical Bulletin, 1986 ,  vol. 34,  # 2  p. 633 - 642Chemical and Pharmaceutical Bulletin, 1990 ,  vol. 38,  # 4  p. 888 - 893Chemical and Pharmaceutical Bulletin, 1991 ,  vol. 39,  # 4  p. 876 - 880Chemical and Pharmaceutical Bulletin, 1992 ,  vol. 40,  # 4  p. 889 - 898Chemical and Pharmaceutical Bulletin, 1992 ,  vol. 40,  # 7  p. 1727 - 1732Chemical and Pharmaceutical Bulletin, 2001 ,  vol. 49,  # 5  p. 551 - 557Chemistry of Natural Compounds, 2008 ,  vol. 44,  # 1  p. 31 - 34Chemistry of Natural Compounds, 2009 ,  vol. 45,  # 2  p. 244 - 246Chemistry of Natural Compounds, 2011 ,  vol. 47,  # 1  p. 122 - 123Collection of Czechoslovak Chemical Communications, 2011 ,  vol. 76,  # 9  p. 1133 - 1139European Journal of Medicinal Chemistry, 2012 ,  vol. 50, p. 230 - 235Fitoterapia, 2009 ,  vol. 80,  # 1  p. 73 - 76Food and Chemical Toxicology, 2007 ,  vol. 45,  # 3  p. 472 - 485Journal of Agricultural and Food Chemistry, 1994 ,  vol. 42,  # 12  p. 2671 - 2674Journal of Agricultural and Food Chemistry, 1998 ,  vol. 46,  # 3  p. 839 - 845Journal of Agricultural and Food Chemistry, 2002 ,  vol. 50,  # 5  p. 1267 - 1271Journal of Agricultural and Food Chemistry, 2004 ,  vol. 52,  # 13  p. 4261 - 4269Journal of Agricultural and Food Chemistry, 2006 ,  vol. 54,  # 8  p. 3095 - 3100Journal of Agricultural and Food Chemistry, 2007 ,  vol. 55,  # 23  p. 9330 - 9336Journal of Agricultural and Food Chemistry, 2008 ,  vol. 56,  # 13  p. 5374 - 5385Journal of Agricultural and Food Chemistry, 2008 ,  vol. 56,  # 16  p. 7010 - 7016Journal of Agricultural and Food Chemistry, 2011 ,  vol. 59,  # 14  p. 7679 - 7687Journal of Agricultural and Food Chemistry, 2012 ,  vol. 60,  # 14  p. 3592 - 3598Journal of Biomolecular NMR, 2011 ,  vol. 49,  # 3-4  p. 255 - 266Journal of Chemical Research, Miniprint, 1986 ,  # 3  p. 830 - 880Journal of Molecular Catalysis B: Enzymatic, 2011 ,  vol. 73,  # 1-4  p. 27 - 34Journal of Natural Products, 2007 ,  vol. 70,  # 12  p. 2029 - 2032Journal of Natural Products, 2010 ,  vol. 73,  # 8  p. 1375 - 1380Journal of Physical Chemistry B, 1999 ,  vol. 103,  # 42  p. 8992 - 8997Journal of the Chemical Society, Perkin Transactions 1: Organic and Bio-Organic Chemistry (1972-1999), 1983 ,  # 7  p. 1535 - 1543Journal of the Chemical Society, Perkin Transactions 1: Organic and Bio-Organic Chemistry (1972-1999), 1982 , p. 1217 - 1222Journal of the Chinese Chemical Society (Taipei, Taiwan), 1995 ,  vol. 42,  # 1  p. 77 - 82Journal of the Chinese Chemical Society, 2011 ,  vol. 58,  # 3  p. 376 - 383Journal of the Serbian Chemical Society, 2011 ,  vol. 76,  # 3  p. 375 - 384Life Sciences, 2006 ,  vol. 79,  # 24  p. 2251 - 2259Magnetic Resonance in Chemistry, 1996 ,  vol. 34,  # 11  p. 887 - 890Magnetic Resonance in Chemistry, 1996 ,  vol. 34,  # 6  p. 424 - 433Magnetic Resonance in Chemistry, 2011 ,  vol. 49,  # SUPPL. 1  p. S27-S36Molecules, 2012 ,  vol. 17,  # 12  p. 14037 - 14045Molecules, 2013 ,  vol. 18,  # 1  p. 1325 - 1336Natural Product Research, 2012 ,  vol. 26,  # 4  p. 364 - 369New Journal of Chemistry, 2009 ,  vol. 33,  # 5  p. 1057 - 1063Organic and Biomolecular Chemistry, 2010 ,  vol. 8,  # 12  p. 2693 - 2696Pharmazie, 1997 ,  vol. 52,  # 2  p. 171 - 172Phytochemistry (Elsevier), 1985 ,  vol. 24,  # 7  p. 1495 - 1498Phytochemistry (Elsevier), 1986 ,  vol. 25,  # 11  p. 2629 - 2636Phytochemistry (Elsevier), 1986 ,  vol. 25,  # 5  p. 1209 - 1216Phytochemistry (Elsevier), 1989 ,  vol. 28,  # 6  p. 1743 - 1748Phytochemistry (Elsevier), 1989 ,  vol. 28,  # 8  p. 2183 - 2186Phytochemistry (Elsevier), 1991 ,  vol. 30,  # 1  p. 337 - 342Phytochemistry (Elsevier), 1991 ,  vol. 30,  # 5  p. 1657 - 1663Phytochemistry (Elsevier), 1991 ,  vol. 30,  # 6  p. 2033 - 2040Phytochemistry (Elsevier), 1992 ,  vol. 31,  # 4  p. 1239 - 1242Phytochemistry (Elsevier), 1993 ,  vol. 34,  # 3  p. 843 - 846Phytochemistry (Elsevier), 1994 ,  vol. 37,  # 6  p. 1707 - 1712Phytochemistry, 1994 ,  vol. 35,  # 2  p. 545 - 546Phytochemistry, 1996 ,  vol. 41,  # 2  p. 617 - 624Phytochemistry, 1997 ,  vol. 45,  # 8  p. 1689 - 1696Phytochemistry, 1998 ,  vol. 47,  # 6  p. 1137 - 1140Phytochemistry, 2000 ,  vol. 54,  # 2  p. 173 - 181Tetrahedron Letters, 2002 ,  vol. 43,  # 25  p. 4545 - 4549",Natural Product,O[C@@H]1CC2=C(O[C@@H]1C1=CC=C(O)C(O)=C1)C=C(O)C=C2O
"(-)-mesoquitol, 2,3-trans-3',4',7,8-tetrahydroxyflavan-3-ol, (+)-Mesquitol, mesquitol",C15H14O6,,NMR,"Natural Product Research, 2009 ,  vol. 23,  # 2  p. 183 - 189Journal of the Chemical Society, Perkin Transactions 1: Organic and Bio-Organic Chemistry (1972-1999), 1986 , p. 1737 - 1750",Natural Product,O[C@H]1CC2=CC=C(O)C(O)=C2O[C@@H]1C1=CC(O)=C(O)C=C1
"(2R-trans)-2-(3,4-dihydroxyphenyl)-3,4-dihydro-2H-1-benzopyran-3,5,7-triol, (+)-Cianidanol, (+)-Catechin, (2R,3S)-2-(3,4-dihydroxyphenyl)-3,4-dihydro-2H-chromene-3,5,7-triol, polyhydroxy flavan-3-phenol, (2R,3S)-(+)-catechin, (+) catechin",C15H14O6,"(2R,3S)-2-(3,4-dihydroxyphenyl)-3,4-dihydro-2H-1-benzopyran-3,5,7-triol",NMR,"Agricultural and Biological Chemistry, 1988 ,  vol. 52,  # 1  p. 149 - 152Agricultural and Biological Chemistry, 1990 ,  vol. 54,  # 2  p. 567 - 569Archives of Pharmacal Research, 2011 ,  vol. 34,  # 9  p. 1459 - 1466Archives of Pharmacal Research, 2012 ,  vol. 35,  # 11  p. 1887 - 1893Asian Journal of Chemistry, 2010 ,  vol. 22,  # 5  p. 4045 - 4053Asian Journal of Chemistry, 2013 ,  vol. 25,  # 2  p. 1050 - 1056Australian Journal of Chemistry, 1998 ,  vol. 51,  # 11  p. 961 - 964Bioorganic and Medicinal Chemistry, 2007 ,  vol. 15,  # 9  p. 3217 - 3224Bioscience, Biotechnology and Biochemistry, 1997 ,  vol. 61,  # 9  p. 1434 - 1439Bioscience, Biotechnology and Biochemistry, 2005 ,  vol. 69,  # 3  p. 440 - 447Bioscience, biotechnology, and biochemistry, 1999 ,  vol. 63,  # 6  p. 973 - 977Bulletin of the Korean Chemical Society, 2013 ,  vol. 34,  # 5  p. 1407 - 1413Chemical & Pharmaceutical Bulletin, 1985 ,  vol. 33,  # 6  p. 2281 - 2286Chemical & Pharmaceutical Bulletin, 1988 ,  vol. 36,  # 11  p. 4301 - 4306Chemical and Pharmaceutical Bulletin, 1985 ,  vol. 33,  # 4  p. 1503 - 1506Chemical and Pharmaceutical Bulletin, 1985 ,  vol. 33,  # 8  p. 3293 - 3298Chemical and Pharmaceutical Bulletin, 1986 ,  vol. 34,  # 8  p. 3208 - 3222Chemical and Pharmaceutical Bulletin, 1987 ,  vol. 35,  # 2  p. 602 - 610Chemical and Pharmaceutical Bulletin, 1990 ,  vol. 38,  # 4  p. 888 - 893Chemical and Pharmaceutical Bulletin, 1991 ,  vol. 39,  # 10  p. 2638 - 2643Chemical Research in Toxicology, 2001 ,  vol. 14,  # 7  p. 841 - 848Chemistry of Natural Compounds, 2002 ,  vol. 38,  # 4  p. 314 - 318Chemistry of Natural Compounds, 2009 ,  vol. 45,  # 2  p. 244 - 246Chemistry of Natural Compounds, 2011 ,  vol. 46,  # 6  p. 961 - 963Food and Chemical Toxicology, 2007 ,  vol. 45,  # 3  p. 472 - 485Heterocycles, 2003 ,  vol. 60,  # 7  p. 1697 - 1708Heterocycles, 2009 ,  vol. 77,  # 2  p. 793 - 800Journal of Agricultural and Food Chemistry, 1998 ,  vol. 46,  # 1  p. 111 - 114Journal of Agricultural and Food Chemistry, 1998 ,  vol. 46,  # 3  p. 839 - 845Journal of Agricultural and Food Chemistry, 1999 ,  vol. 47,  # 6  p. 2226 - 2228Journal of Agricultural and Food Chemistry, 2000 ,  vol. 48,  # 12  p. 6247 - 6253Journal of Agricultural and Food Chemistry, 2002 ,  vol. 50,  # 3  p. 607 - 609Journal of Agricultural and Food Chemistry, 2002 ,  vol. 50,  # 5  p. 1267 - 1271Journal of Agricultural and Food Chemistry, 2004 ,  vol. 52,  # 13  p. 4261 - 4269Journal of Agricultural and Food Chemistry, 2006 ,  vol. 54,  # 16  p. 6075 - 6078Journal of Agricultural and Food Chemistry, 2009 ,  vol. 57,  # 15  p. 6623 - 6629Journal of Agricultural and Food Chemistry, 2011 ,  vol. 59,  # 14  p. 7679 - 7687Journal of Biomolecular NMR, 2011 ,  vol. 49,  # 3-4  p. 255 - 266Journal of Chemical Research, Miniprint, 1986 ,  # 3  p. 830 - 880Journal of Chemical Research, Miniprint, 1999 ,  # 10  p. 2610 - 2625Journal of Molecular Catalysis B: Enzymatic, 2013 ,  vol. 91, p. 17 - 24Journal of Natural Products, 2007 ,  vol. 70,  # 12  p. 2029 - 2032Journal of Natural Products, 2013 ,  vol. 76,  # 10  p. 1930 - 1936Journal of Pharmacy and Pharmacology, 2012 ,  vol. 64,  # 12  p. 1785 - 1792Journal of Physical Chemistry B, 1999 ,  vol. 103,  # 42  p. 8992 - 8997Journal of Physical Chemistry, 1994 ,  vol. 98,  # 35  p. 8627 - 8631Journal of the American Chemical Society, 2010 ,  vol. 132,  # 9  p. 2928 - 2937Journal of the Chemical Society, Perkin Transactions 1: Organic and Bio-Organic Chemistry (1972-1999), 1983 ,  # 7  p. 1535 - 1543Journal of the Chinese Chemical Society (Taipei, Taiwan), 1995 ,  vol. 42,  # 1  p. 77 - 82Journal of the Indian Chemical Society, 2007 ,  vol. 84,  # 12  p. 1258 - 1260Life Sciences, 2006 ,  vol. 79,  # 24  p. 2251 - 2259Magnetic Resonance in Chemistry, 1987 ,  vol. 25, p. 118 - 124Magnetic Resonance in Chemistry, 1988 ,  vol. 26, p. 204 - 210Magnetic Resonance in Chemistry, 1996 ,  vol. 34,  # 11  p. 887 - 890Magnetic Resonance in Chemistry, 1996 ,  vol. 34,  # 6  p. 424 - 433Magnetic Resonance in Chemistry, 2011 ,  vol. 49,  # SUPPL. 1  p. S27-S36Molecules, 2012 ,  vol. 17,  # 12  p. 13917 - 13922Molecules, 2012 ,  vol. 17,  # 12  p. 14037 - 14045Molecules, 2013 ,  vol. 18,  # 5  p. 5265 - 5287Molecules, 2013 ,  vol. 18,  # 9  p. 10599 - 10608New Journal of Chemistry, 2009 ,  vol. 33,  # 5  p. 1057 - 1063Organic and biomolecular chemistry, 2003 ,  vol. 1,  # 14  p. 2590 - 2595Pharmaceutica Acta Helvetiae, 1995 ,  vol. 70,  # 3  p. 223 - 226Phytochemistry (Elsevier), 1983 ,  vol. 22,  # 11  p. 2575 - 2578Phytochemistry (Elsevier), 1983 ,  vol. 22,  # 7  p. 1659 - 1662Phytochemistry (Elsevier), 1984 ,  vol. 23,  # 12  p. 2915 - 2918Phytochemistry (Elsevier), 1985 ,  vol. 24,  # 7  p. 1495 - 1498Phytochemistry (Elsevier), 1986 ,  vol. 25,  # 5  p. 1209 - 1216Phytochemistry (Elsevier), 1987 ,  vol. 26,  # 4  p. 1167 - 1170Phytochemistry (Elsevier), 1988 ,  vol. 27,  # 10  p. 3277 - 3280Phytochemistry (Elsevier), 1988 ,  vol. 27,  # 3  p. 907 - 910Phytochemistry (Elsevier), 1989 ,  vol. 28,  # 6  p. 1743 - 1748Phytochemistry (Elsevier), 1989 ,  vol. 28,  # 9  p. 2443 - 2446Phytochemistry (Elsevier), 1991 ,  vol. 30,  # 1  p. 337 - 342Phytochemistry (Elsevier), 1991 ,  vol. 30,  # 5  p. 1657 - 1663Phytochemistry (Elsevier), 1991 ,  vol. 30,  # 6  p. 2033 - 2040Phytochemistry (Elsevier), 1992 ,  vol. 31,  # 6  p. 2117 - 2120Phytochemistry (Elsevier), 1993 ,  vol. 32,  # 1  p. 155 - 160Phytochemistry (Elsevier), 1993 ,  vol. 33,  # 1  p. 183 - 188Phytochemistry (Elsevier), 1993 ,  vol. 34,  # 3  p. 843 - 846Phytochemistry, 1994 ,  vol. 35,  # 2  p. 473 - 478Phytochemistry, 1996 ,  vol. 41,  # 2  p. 617 - 624Phytochemistry, 1996 ,  vol. 41,  # 6  p. 1583 - 1592Phytochemistry, 1996 ,  vol. 43,  # 4  p. 887 - 892Phytochemistry, 1997 ,  vol. 45,  # 8  p. 1689 - 1696Phytochemistry, 1998 ,  vol. 47,  # 6  p. 1137 - 1140Phytochemistry, 2009 ,  vol. 70,  # 17-18  p. 2040 - 2046Russian Journal of Bioorganic Chemistry, 2012 ,  vol. 38,  # 7  p. 769 - 774Scientia Pharmaceutica, 1995 ,  vol. 63,  # 1  p. 57 - 64Tetrahedron Asymmetry, 2002 ,  vol. 13,  # 7  p. 715 - 720Tetrahedron Letters, 1987 ,  vol. 28,  # 32  p. 3655 - 3658Tetrahedron Letters, 1997 ,  vol. 38,  # 6  p. 985 - 988Tetrahedron Letters, 2002 ,  vol. 43,  # 25  p. 4545 - 4549The Journal of pharmacy and pharmacology, 2002 ,  vol. 54,  # 6  p. 835 - 844",Natural Product,O[C@H]1CC2=C(O)C=C(O)C=C2O[C@@H]1C1=CC=C(O)C(O)=C1
"(2R,3R)-3,5,7,3',5'-pentahydroxyflavan",C15H14O6,,NMR,"Phytochemistry (Elsevier), 1983 ,  vol. 22,  # 2  p. 565 - 568",Natural Product,O[C@@H]1CC2=C(O)C=C(O)C=C2O[C@@H]1C1=CC(O)=CC(O)=C1
"3,3',5,5',7-pentahydroxyflavane",C15H14O6,,NMR,"Journal of Agricultural and Food Chemistry, 2010 ,  vol. 58,  # 2  p. 1313 - 1321",Natural Product,OC1CC2=C(O)C=C(O)C=C2OC1C1=CC(O)=CC(O)=C1
"(-)-epigallocatechin, epigallocatechin, (-)-EGC, EGC, GCG, [2R,3R]-2-[3,4,5-trihydroxyphenyl]-3,4-dihydro-1[2H]-benzopyran-3,5,7-triol, (-)-cis-3,3',4',5,5',7-hexahydroxyflavane",C15H14O7,"(2R,3S)-2-(3,4-dihydroxyphenyl)-3,4-dihydro-2H-1-benzopyran-3,5,7-triol",NMR,"Agricultural and Biological Chemistry, 1987 ,  vol. 51,  # 1  p. 139 - 143Biological and pharmaceutical bulletin, 2002 ,  vol. 25,  # 6  p. 748 - 752Bioscience, Biotechnology and Biochemistry, 1997 ,  vol. 61,  # 9  p. 1434 - 1439Bioscience, Biotechnology and Biochemistry, 2008 ,  vol. 72,  # 7  p. 1682 - 1689Bioscience, Biotechnology and Biochemistry, 2010 ,  vol. 74,  # 1  p. 212 - 215Chemical and Pharmaceutical Bulletin, 1983 ,  vol. 31,  # 11  p. 3906 - 3914Chemical Research in Toxicology, 2000 ,  vol. 13,  # 9  p. 801 - 810Chemistry - A European Journal, 2010 ,  vol. 16,  # 23  p. 7008 - 7016Chemistry - An Asian Journal, 2013 ,  vol. 8,  # 4  p. 700 - 704Chemistry of Natural Compounds, 2006 ,  vol. 42,  # 1  p. 112 - 113Food and Chemical Toxicology, 2004 ,  vol. 42,  # 6  p. 975 - 981Journal of Agricultural and Food Chemistry, 1998 ,  vol. 46,  # 1  p. 111 - 114Journal of Agricultural and Food Chemistry, 2004 ,  vol. 52,  # 13  p. 4261 - 4269Journal of Agricultural and Food Chemistry, 2007 ,  vol. 55,  # 23  p. 9330 - 9336Journal of the Chinese Chemical Society (Taipei, Taiwan), 1995 ,  vol. 42,  # 1  p. 77 - 82Magnetic Resonance in Chemistry, 1996 ,  vol. 34,  # 11  p. 887 - 890New Journal of Chemistry, 2009 ,  vol. 33,  # 5  p. 1057 - 1063Organic and Biomolecular Chemistry, 2010 ,  vol. 8,  # 12  p. 2693 - 2696Phytochemistry (Elsevier), 1991 ,  vol. 30,  # 6  p. 2033 - 2040Phytochemistry, 1997 ,  vol. 45,  # 8  p. 1689 - 1696Phytochemistry, 2000 ,  vol. 54,  # 5  p. 539 - 548",Natural Product,O[C@@H]1CC2=C(O)C=C(O)C=C2O[C@@H]1C1=CC(O)=C(O)C(O)=C1
"(+)-gallocatechin, gallocatechin, (+)-GC, GC, (2R,3S)-3,4-dihydro-2-(3,4,5-trihydroxyphenyl)-2H-1-benzopyran-3,5,7-triol, (2R,3S)-gallocatechin, (-)-epigallocatechin",C15H14O7,"(2R,3R)-2-(3,4,5-trihydroxyphenyl)-3,4-dihydro-2H-1-benzopyran-3,5,7-triol",NMR,"Chemistry - An Asian Journal, 2013 ,  vol. 8,  # 4  p. 700 - 704Bulletin of the Korean Chemical Society, 2013 ,  vol. 34,  # 8  p. 2535 - 2538Chemistry - A European Journal, 2010 ,  vol. 16,  # 23  p. 7008 - 7016Phytochemistry, 1996 ,  vol. 41,  # 2  p. 617 - 624Phytochemistry, 1997 ,  vol. 45,  # 8  p. 1689 - 1696Chemistry of Natural Compounds, 2006 ,  vol. 42,  # 1  p. 112 - 113Phytochemistry, 2000 ,  vol. 54,  # 5  p. 539 - 548Magnetic Resonance in Chemistry, 1996 ,  vol. 34,  # 11  p. 887 - 890Phytochemistry (Elsevier), 1989 ,  vol. 28,  # 8  p. 2071 - 2078Journal of the Chinese Chemical Society (Taipei, Taiwan), 1995 ,  vol. 42,  # 1  p. 101 - 106Phytochemistry (Elsevier), 1991 ,  vol. 30,  # 6  p. 2033 - 2040",Natural Product,O[C@H]1CC2=C(O)C=C(O)C=C2O[C@@H]1C1=CC(O)=C(O)C(O)=C1
"3,3‚Äô,4‚Äô,5,6‚Äô,7-hexahydroxyflavanone(6‚Äô-hydroxy-epicatechin)",C15H14O7,"(2R,3R)-2-(2,4,5-trihydroxyphenyl)-3,4-dihydro-2H-1-benzopyran-3,5,7-triol",NMR,"Chemistry of Natural Compounds, 2006 ,  vol. 42,  # 1  p. 112 - 113",Natural Product,O[C@@H]1CC2=C(O[C@@H]1C1=CC(O)=C(O)C=C1O)C=C(O)C=C2O
(+)-catechin 3‚Äô-O-gallate,C22H18O10,"2-hydroxy-5-[(2R,3S)-3,5,7-trhydroxy-3,4-dihydro-2H-1-benzopyran-2-yl]phenyl 3,4,5-trihydroxybenzoate",NMR,"Phytochemistry (Elsevier), 1992 ,  vol. 31,  # 6  p. 2117 - 2120",Natural Product,O[C@H]1CC2=C(O[C@@H]1C1=CC=C(O)C(OC(=O)C3=CC(O)=C(O)C(O)=C3)=C1)C=C(O)C=C2O
(+)-catechin 4‚Äô-O-gallate,C22H18O10,"2-hydroxy-4-[(2R,3S)-3,5,7-trhydroxy-3,4-dihydro-2H-1-benzopyran-2-yl]phenyl 3,4,5-trihydroxybenzoate",NMR,"Phytochemistry (Elsevier), 1992 ,  vol. 31,  # 6  p. 2117 - 2120",Natural Product,O[C@H]1CC2=C(O[C@@H]1C1=CC=C(OC(=O)C3=CC(O)=C(O)C(O)=C3)C(O)=C1)C=C(O)C=C2O
Gallocatechin 3'-O-gallate,C22H18O11,,NMR,"Phytochemistry (Elsevier), 1992 ,  vol. 31,  # 6  p. 2117 - 2120",Natural Product,O[C@H]1CC2=C(O)C=C(O)C=C2O[C@@H]1C1=CC(O)=C(O)C(OC(=O)C2=CC(O)=C(O)C(O)=C2)=C1
gallocatechin 4‚Äô-O-gallate,C22H18O11,"2,6-dihydroxy-4-[(2R,3S)-3,5,7-trhydroxy-3,4-dihydro-2H-1-benzopyran-2-yl]phenyl 3,4,5-trihydroxybenzoate",NMR,"Phytochemistry (Elsevier), 1992 ,  vol. 31,  # 6  p. 2117 - 2120",Natural Product,OC1CC2=C(OC1C1=CC(O)=C(OC(=O)C3=CC(O)=C(O)C(O)=C3)C(O)=C1)C=C(O)C=C2O
"5-[(2R,3S,)-2-(3,4-dihydroxyphenyl)-3,5-dihydroxy-3,4-dihydro-2H,14H-8,14-methanochromeno[7,8-d][1,3]benzodioxocin-8-yl]benzene-1,2,3-triol",C30H24O10,,NMR,"Patent: WO2007/86847 A1, 2007 ;",,O[C@H]1CC2=C(O)C=C3OC4(CC(C5=CC=CC=C5O4)C3=C2O[C@@H]1C1=CC=C(O)C(O)=C1)C1=CC(O)=C(O)C(O)=C1
"ent-epiafzelechin-(2Œ±‚ÜíO‚Üí7',4Œ±‚Üí8')-afzelechin, ent-epiafzelechin-(2Œ±->O->7, 4Œ±->8)-(+)-afzelechin",C30H24O10,,NMR,"Phytochemistry, 1999 ,  vol. 50,  # 2  p. 321 - 324",Natural Product,O[C@H]1CC2=C(O)C=C3O[C@]4(OC5=CC(O)=CC(O)=C5[C@H]([C@@H]4O)C3=C2O[C@@H]1C1=CC=C(O)C=C1)C1=CC=C(O)C=C1
"ent-epiafzelechin-(2Œ±‚ÜíO‚Üí7',4Œ±‚Üí8')-ent-afzelechin, ent-epiafzelechin-(2Œ±->O->7, 4Œ±->8)-(-)-afzelechin, ent-epifzelechin (2Œ±->O->7, 4Œ±->8) afzelechin",C30H24O10,,NMR,"Phytochemistry, 1999 ,  vol. 50,  # 2  p. 321 - 324Phytochemistry, 1996 ,  vol. 43,  # 4  p. 887 - 892",Natural Product,O[C@@H]1CC2=C(O)C=C3O[C@]4(OC5=CC(O)=CC(O)=C5[C@H]([C@@H]4O)C3=C2O[C@H]1C1=CC=C(O)C=C1)C1=CC=C(O)C=C1
"ent-epifzelechin (2Œ±->O->7, 4Œ±->8) ent-epifzelechin, ent-epiafzelechin-(4Œ±->8;2Œ±->O->7)-epiafzelechin, mahuannin A",C30H24O10,,NMR,"Phytochemistry, 1999 ,  vol. 50,  # 2  p. 321 - 324Heterocycles, 1982 ,  vol. 19,  # 8  p. 1381 - 1384Heterocycles, 1983 ,  vol. 20,  # 9  p. 1741 - 1744",Natural Product,O[C@@H]1CC2=C(O)C=C3O[C@]4(OC5=CC(O)=CC(O)=C5[C@H]([C@@H]4O)C3=C2O[C@@H]1C1=CC=C(O)C=C1)C1=CC=C(O)C=C1
"Epiafzelechin-(4Œ≤->8,2Œ≤->O->7)-ent-afzelechin, epiafzelechin-(4Œ≤-8,2Œ≤-O-7)-ent-afzelechin",C30H24O10,,NMR,"Phytochemistry (Elsevier), 1992 ,  vol. 31,  # 7  p. 2491 - 2494",Natural Product,O[C@@H]1CC2=C(O)C=C3O[C@@]4(OC5=CC(O)=CC(O)=C5[C@@H]([C@H]4O)C3=C2O[C@H]1C1=CC=C(O)C=C1)C1=CC=C(O)C=C1
"epiafzelechin-(4Œ≤->8,sŒ≤->O->7)-epiafzelechin, epiafzelechin-(4Œ≤-8,2Œ≤-O-7)-afzelechin, mahuannin B",C30H24O10,,NMR,"Chemical and Pharmaceutical Bulletin, 1990 ,  vol. 38,  # 4  p. 856 - 860Heterocycles, 1982 ,  vol. 19,  # 8  p. 1381 - 1384Heterocycles, 1983 ,  vol. 20,  # 9  p. 1741 - 1744",Natural Product,O[C@@H]1CC2=C(O)C=C3O[C@@]4(OC5=CC(O)=CC(O)=C5[C@@H]([C@H]4O)C3=C2O[C@@H]1C1=CC=C(O)C=C1)C1=CC=C(O)C=C1
"geranin A, epiafzelechin-(2Œ≤‚ÜíO‚Üí7,4Œ≤‚Üí8)-afzelechin",C30H24O10,,NMR,"Journal of Natural Products, 1999 ,  vol. 62,  # 5  p. 705 - 709",Natural Product,O[C@H]1CC2=C(O)C=C3O[C@@]4(OC5=CC(O)=CC(O)=C5[C@@H]([C@H]4O)C3=C2O[C@@H]1C1=CC=C(O)C=C1)C1=CC=C(O)C=C1
mahuannin C,C30H24O10,,NMR,"Heterocycles, 1983 ,  vol. 20,  # 9  p. 1741 - 1744",Natural Product,O[C@H]1CC2=C(O)C3=C(O[C@@]4(OC5=CC(O)=CC(O)=C5[C@H]3[C@H]4O)C3=CC=C(O)C=C3)C=C2O[C@H]1C1=CC=C(O)C=C1
"(2R,3S)-2-(3,4-dihydroxyphenyl)-8-(3,4,5-trihydroxyphenyl)-3,4-dihydro-2H,14H-8,14-methanochromeno[7,8-d][1,3]benzodioxocine-3,5,12-triol",C30H24O11,,NMR,"IOWA STATE UNIVERSITY RESEARCH FOUNDATION, INC. Patent: WO2007/86847 A1, 2007 ",,O[C@H]1CC2=C(O)C=C3OC4(CC(C5=CC(O)=CC=C5O4)C3=C2O[C@@H]1C1=CC=C(O)C(O)=C1)C1=CC(O)=C(O)C(O)=C1
"ent-epifzelechin (2Œ±->O->7, 4Œ±->8) ent-epicatechin, ent-epiafzelechin(4Œ±-->8;2Œ±-->O-->7)-epicatechin, ent-epiafzelechin-(4Œ±->8;2Œ±->O->7)-epicatechin, ent-epiafzelechin-(2Œ±->7,4Œ±->8)-epicatechin",C30H24O11,,NMR,"Magnetic Resonance in Chemistry, 1992 ,  vol. 30, p. S142 - S148",Natural Product,O[C@@H]1CC2=C(O)C=C3O[C@]4(OC5=CC(O)=CC(O)=C5[C@H]([C@@H]4O)C3=C2O[C@@H]1C1=CC(O)=C(O)C=C1)C1=CC=C(O)C=C1
"epiafzelechin-(4Œ≤‚Üí8, 2Œ≤‚ÜíO‚Üí7)-epicatechin",C30H24O11,,NMR,"Chemical and Pharmaceutical Bulletin, 1990 ,  vol. 38,  # 4  p. 856 - 860",,O[C@@H]1CC2=C(O)C=C3O[C@@]4(OC5=CC(O)=CC(O)=C5[C@@H]([C@H]4O)C3=C2O[C@@H]1C1=CC=C(O)C(O)=C1)C1=CC=C(O)C=C1
"epicatechin-(4Œ≤‚Üí8,2Œ≤‚ÜíO‚Üí7)-epiafzelechin",C30H24O11,,NMR,"Chemical and Pharmaceutical Bulletin, 1990 ,  vol. 38,  # 4  p. 856 - 860",,O[C@@H]1CC2=C(O)C=C3O[C@@]4(OC5=CC(O)=CC(O)=C5[C@@H]([C@H]4O)C3=C2O[C@@H]1C1=CC=C(O)C=C1)C1=CC(O)=C(O)C=C1
geranin B,C30H24O11,,NMR,"Journal of Natural Products, 1999 ,  vol. 62,  # 5  p. 705 - 709",Natural Product,O[C@H]1CC2=C(O)C=C3O[C@@]4(OC5=CC(O)=CC(O)=C5[C@@H]([C@H]4O)C3=C2O[C@@H]1C1=CC=C(O)C=C1)C1=CC=C(O)C(O)=C1
"(-)-epicatechin-(2Œ≤‚ÜíO‚Üí7,4Œ≤‚Üí8)-(-)-catechin, proanthocyanidin A-4",C30H24O12,,NMR,"Phytochemistry (Elsevier), 1991 ,  vol. 30,  # 1  p. 337 - 342Tetrahedron, 1990 ,  vol. 46,  # 16  p. 5733 - 5740Chemical & Pharmaceutical Bulletin, 1987 ,  vol. 35,  # 1  p. 149 - 155",Natural Product,O[C@@H]1CC2=C(O)C=C3O[C@@]4(OC5=CC(O)=CC(O)=C5[C@@H]([C@H]4O)C3=C2O[C@H]1C1=CC=C(O)C(O)=C1)C1=CC(O)=C(O)C=C1
"(-)-epicatechin-(4Œ≤-8;2Œ≤-7)-(+)-catechin, proanthocyanidin A1, Proanthocyanidin A-1, proanthocyanidin A1, procyanidin A-1, procyanidin A1, epicatechin-(4Œ≤-->8; 2Œ≤-->O-->7)-catechin",C30H24O12,,NMR,"Fitoterapia, 2010 ,  vol. 81,  # 2  p. 108 - 114Chemistry of Natural Compounds, 2010 ,  vol. 46,  # 1  p. 106 - 108Phytochemistry, 1999 ,  vol. 51,  # 2  p. 297 - 308Chemical & Pharmaceutical Bulletin, 1987 ,  vol. 35,  # 1  p. 149 - 155Phytochemistry (Elsevier), 1994 ,  vol. 37,  # 6  p. 1707 - 1712Journal of Agricultural and Food Chemistry, 2013 ,  vol. 61,  # 37  p. 8814 - 8820",Natural Product,O[C@H]1CC2=C(O)C=C3O[C@@]4(OC5=CC(O)=CC(O)=C5[C@@H]([C@H]4O)C3=C2O[C@@H]1C1=CC=C(O)C(O)=C1)C1=CC(O)=C(O)C=C1
"ent-epicatechin-(4Œ±->8;2Œ±->O->7)-catechin, pavetannin A-2",C30H24O12,,NMR,"Phytochemistry (Elsevier), 1991 ,  vol. 30,  # 12  p. 4129 - 4136",Natural Product,O[C@H]1CC2=C(O[C@@H]1C1=CC(O)=C(O)C=C1)C1=C(O[C@]3(OC4=C([C@@H]1[C@@H]3O)C(O)=CC(O)=C4)C1=CC=C(O)C(O)=C1)C=C2O
"ent-epicatechin-(4Œ±->8;2Œ±->O->7)-epicatechin, proanthocyanidin A-5'",C30H24O12,,NMR,"Chemical & Pharmaceutical Bulletin, 1987 ,  vol. 35,  # 1  p. 149 - 155",Natural Product,O[C@@H]1CC2=C(O[C@@H]1C1=CC(O)=C(O)C=C1)C1=C(O[C@]3(OC4=C([C@@H]1[C@@H]3O)C(O)=CC(O)=C4)C1=CC=C(O)C(O)=C1)C=C2O
"epi-afzelechin-(4Œ≤‚Üí8,2Œ≤‚ÜíO‚Üí7)-gallocatechin, geranin C",C30H24O12,,NMR,"Planta Medica, 2001 ,  vol. 67,  # 7  p. 677 - 680",Natural Product,O[C@H]1CC2=C(O)C=C3O[C@@]4(OC5=CC(O)=CC(O)=C5[C@@H]([C@H]4O)C3=C2O[C@@H]1C1=CC(O)=C(O)C(O)=C1)C1=CC=C(O)C=C1
"epicatechin-(2Œ≤->5,4Œ≤->6)-epicatechin",C30H24O12,,NMR,"Phytochemistry (Elsevier), 1991 ,  vol. 30,  # 5  p. 1657 - 1663",Natural Product,O[C@H]1CC2=C3O[C@@]4(OC5=CC(O)=CC(O)=C5[C@@H]([C@H]4O)C3=C(O)C=C2O[C@H]1C1=CC=C(O)C(O)=C1)C1=CC(O)=C(O)C=C1
"epicatechin-(2Œ≤->O->7,4Œ≤->6)-ent-catechin",C30H24O12,,NMR,"Phytochemistry, 1999 ,  vol. 51,  # 2  p. 297 - 308",Natural Product,O[C@@H]1CC2=C(O)C3=C(O[C@@]4(OC5=CC(O)=CC(O)=C5[C@H]3[C@H]4O)C3=CC=C(O)C(O)=C3)C=C2O[C@H]1C1=CC(O)=C(O)C=C1
"epicatechin-(2Œ≤‚ÜíO‚Üí7,4Œ≤‚Üí6)-catechin, epicatechin-(2Œ≤->O->7,4Œ≤->6)-catechin",C30H24O12,,NMR,"Phytochemistry, 2004 ,  vol. 65,  # 16  p. 2391 - 2399Phytochemistry, 1999 ,  vol. 51,  # 2  p. 297 - 308Journal of Agricultural and Food Chemistry, 2013 ,  vol. 61,  # 37  p. 8814 - 8820",Natural Product,O[C@H]1CC2=C(O)C3=C(O[C@@]4(OC5=CC(O)=CC(O)=C5[C@H]3[C@H]4O)C3=CC=C(O)C(O)=C3)C=C2O[C@@H]1C1=CC(O)=C(O)C=C1
"epicatechin-(4Œ≤->6,2Œ≤->O->7)-ent-epicatechin",C30H24O12,,NMR,"Phytochemistry, 1999 ,  vol. 51,  # 2  p. 297 - 308",Natural Product,O[C@H]1CC2=C(O)C3=C(O[C@@]4(OC5=CC(O)=CC(O)=C5[C@H]3[C@H]4O)C3=CC=C(O)C(O)=C3)C=C2O[C@H]1C1=CC(O)=C(O)C=C1
"epicatechin-(4Œ≤->8,2Œ≤->O->7)-ent-epicatechin, epicatechin-(2Œ≤‚ÜíO‚Üí7,4Œ≤‚Üí8)-ent-epicatechin, epicatechin-(2Œ≤->O->7,4Œ≤->8)-ent-epicatechin, proanthocyanidin A2, procyanidin A1",C30H24O12,,NMR,"Phytochemistry, 1999 ,  vol. 51,  # 2  p. 297 - 308Journal of Agricultural and Food Chemistry, 2013 ,  vol. 61,  # 37  p. 8814 - 8820",Natural Product,O[C@H]1CC2=C(O)C=C3O[C@@]4(OC5=CC(O)=CC(O)=C5[C@@H]([C@H]4O)C3=C2O[C@H]1C1=CC=C(O)C(O)=C1)C1=CC(O)=C(O)C=C1
pavetannin A,C30H24O12,,NMR,"Phytochemistry (Elsevier), 1991 ,  vol. 30,  # 1  p. 337 - 342",Natural Product,O[C@@H]1CC2=C(O[C@H]1C1=CC(O)=C(O)C=C1)C1=C(O[C@]3(OC4=C([C@@H]1[C@@H]3O)C(O)=CC(O)=C4)C1=CC=C(O)C(O)=C1)C=C2O
proanthocyanidin A-2,C30H24O12,,NMR,"Chemical & Pharmaceutical Bulletin, 1987 ,  vol. 35,  # 12  p. 4717 - 4729Chemical and Pharmaceutical Bulletin, 1982 ,  vol. 30,  # 12  p. 4277 - 4282Chemical and Pharmaceutical Bulletin, 1985 ,  vol. 33,  # 10  p. 4338 - 4345Chemical and Pharmaceutical Bulletin, 2001 ,  vol. 49,  # 5  p. 551 - 557Chemistry of Natural Compounds, 2010 ,  vol. 46,  # 1  p. 106 - 108Journal of Agricultural and Food Chemistry, 2008 ,  vol. 56,  # 16  p. 7010 - 7016Journal of Agricultural and Food Chemistry, 2013 ,  vol. 61,  # 37  p. 8814 - 8820Journal of the Chemical Society, Chemical Communications, 1973 , p. 518Journal of the Chemical Society, Perkin Transactions 1: Organic and Bio-Organic Chemistry (1972-1999), 1983 , p. 2139 - 2145Molecules, 2007 ,  vol. 12,  # 8  p. 1950 - 1963Phytochemistry (Elsevier), 1987 ,  vol. 26,  # 1  p. 175 - 180Phytochemistry (Elsevier), 1991 ,  vol. 30,  # 1  p. 337 - 342Phytochemistry, 1998 ,  vol. 48,  # 7  p. 1251 - 1258Phytochemistry, 1999 ,  vol. 51,  # 2  p. 297 - 308Phytochemistry, 2000 ,  vol. 54,  # 2  p. 173 - 181Tetrahedron Letters, 1996 ,  vol. 37,  # 12  p. 2015 - 2018Chemical and Pharmaceutical Bulletin, 1982 ,  vol. 30,  # 12  p. 4277 - 4282; Journal of the Chemical Society, Chemical Communications, 1973 , p. 518",Natural Product,O[C@@H]1CC2=C(O)C=C3O[C@@]4(OC5=CC(O)=CC(O)=C5[C@@H]([C@H]4O)C3=C2O[C@@H]1C1=CC=C(O)C(O)=C1)C1=CC(O)=C(O)C=C1
"proanthocyanidin A-6, epicatechin-(4b6, 2bO7)-epicatechin",C30H24O12,,NMR,"Chemical and Pharmaceutical Bulletin, 2001 ,  vol. 49,  # 5  p. 551 - 557Chemical & Pharmaceutical Bulletin, 1987 ,  vol. 35,  # 12  p. 4717 - 4729",Natural Product,O[C@@H]1CC2=C(O)C3=C(O[C@@]4(OC5=CC(O)=CC(O)=C5[C@H]3[C@H]4O)C3=CC=C(O)C(O)=C3)C=C2O[C@@H]1C1=CC(O)=C(O)C=C1
proanthocyanidin A-7,C30H24O12,,NMR,"Chemical & Pharmaceutical Bulletin, 1987 ,  vol. 35,  # 12  p. 4717 - 4729",Natural Product,O[C@@H]1CC2=C3O[C@@]4(OC5=CC(O)=CC(O)=C5[C@@H]([C@H]4O)C3=C(O)C=C2O[C@@H]1C1=CC=C(O)C(O)=C1)C1=CC(O)=C(O)C=C1
"Proanthocyanidin A2, Proanthocyanidin-A2",C30H24O12,,NMR,"Journal of the Chemical Society, Chemical Communications, 1973 , p. 518",,O[C@@H]1CC2=C(O)C=C3O[C@]4(OC5=CC(O)=CC(O)=C5[C@H]([C@@H]4O)C3=C2O[C@@H]1C1=CC=C(O)C(O)=C1)C1=CC(O)=C(O)C=C1
"(‚àí)-epigallocatechin-(2Œ≤‚ÜíO5,4Œ≤‚Üí6)-(+)-catechin",C30H24O13,,NMR,"Journal of Agricultural and Food Chemistry, 2013 ,  vol. 61,  # 51  p. 12640 - 12645",,O[C@H]1CC2=C3O[C@@]4(OC5=CC(O)=CC(O)=C5[C@@H]([C@H]4O)C3=C(O)C=C2O[C@@H]1C1=CC=C(O)C(O)=C1)C1=CC(O)=C(O)C(O)=C1
"(‚àí)-epigallocatechin-(2Œ≤‚ÜíO7,4Œ≤‚Üí8)-(+)-catechin",C30H24O13,,NMR,"Journal of Agricultural and Food Chemistry, 2013 ,  vol. 61,  # 51  p. 12640 - 12645",,O[C@H]1CC2=C(O)C=C3O[C@@]4(OC5=CC(O)=CC(O)=C5[C@@H]([C@H]4O)C3=C2O[C@@H]1C1=CC=C(O)C(O)=C1)C1=CC(O)=C(O)C(O)=C1
"(+)-epigallocatechin-(2Œ±‚ÜíO‚Üí7,4Œ±‚Üí8)-(+)-catechin, (+)-epigallocatechin-(2Œ≤->O->7,4Œ≤->8)-(+)-catechin",C30H24O13,,NMR,"Journal of Agricultural and Food Chemistry, 2011 ,  vol. 59,  # 12  p. 6412 - 6422Molecules, 2013 ,  vol. 18,  # 5  p. 5172 - 5189",Natural Product,O[C@H]1CC2=C(O)C=C3O[C@]4(OC5=CC(O)=CC(O)=C5[C@H]([C@@H]4O)C3=C2O[C@@H]1C1=CC=C(O)C(O)=C1)C1=CC(O)=C(O)C(O)=C1
"(+)-epigallocatechin-(2Œ≤->O->7',4Œ≤->8')-epicatechin, epigallocatechin-(4Œ≤->8,2Œ≤->O-7)-epicatechin, epigallocatechin-(2Œ≤->7,4Œ≤->8)-epicatechin",C30H24O13,,NMR,"Phytochemistry, 2000 ,  vol. 55,  # 7  p. 805 - 808Journal of Natural Products, 2000 ,  vol. 63,  # 2  p. 238 - 242",Natural Product,O[C@@H]1CC2=C(O)C=C3O[C@@]4(OC5=CC(O)=CC(O)=C5[C@@H]([C@H]4O)C3=C2O[C@@H]1C1=CC=C(O)C(O)=C1)C1=CC(O)=C(O)C(O)=C1
"ephedrannin D1, (+)-epigallocatechin-(2Œ±‚ÜíO‚Üí7,4Œ±‚Üí8)-(-)-catechin",C30H24O13,,NMR,"Molecules, 2013 ,  vol. 18,  # 5  p. 5172 - 5189",Natural Product,O[C@@H]1CC2=C(O)C=C3O[C@]4(OC5=CC(O)=CC(O)=C5[C@H]([C@@H]4O)C3=C2O[C@H]1C1=CC=C(O)C(O)=C1)C1=CC(O)=C(O)C(O)=C1
ephedrannin D2,C30H24O13,,NMR,"Molecules, 2013 ,  vol. 18,  # 5  p. 5172 - 5189",Natural Product,O[C@@H]1CC2=C(O)C=C3O[C@@]4(OC5=CC(O)=CC(O)=C5[C@@H]([C@H]4O)C3=C2O[C@H]1C1=CC=C(O)C(O)=C1)C1=CC(O)=C(O)C(O)=C1
"ephedrannin D3, (+)-epigallocatechin-(2Œ±‚ÜíO‚Üí7,4Œ±‚Üí8)-(-)-epicatechin",C30H24O13,,NMR,"Molecules, 2013 ,  vol. 18,  # 5  p. 5172 - 5189",Natural Product,O[C@@H]1CC2=C(O)C=C3O[C@]4(OC5=CC(O)=CC(O)=C5[C@H]([C@@H]4O)C3=C2O[C@@H]1C1=CC=C(O)C(O)=C1)C1=CC(O)=C(O)C(O)=C1
"ephedrannin D4, (+)-epigallocatechin-(2Œ±‚ÜíO‚Üí7,4Œ±‚Üí8)-(-)-epigallocatechin",C30H24O14,,NMR,"Molecules, 2013 ,  vol. 18,  # 5  p. 5172 - 5189",Natural Product,O[C@@H]1CC2=C(O)C=C3O[C@]4(OC5=CC(O)=CC(O)=C5[C@H]([C@@H]4O)C3=C2O[C@@H]1C1=CC(O)=C(O)C(O)=C1)C1=CC(O)=C(O)C(O)=C1
"ephedrannin D6, (+)-epigallocatechin-(2Œ±‚ÜíO‚Üí7,4Œ±‚Üí8)-(-)-gallocatechin",C30H24O14,,NMR,"Molecules, 2013 ,  vol. 18,  # 5  p. 5172 - 5189",Natural Product,O[C@@H]1CC2=C(O)C=C3O[C@]4(OC5=CC(O)=CC(O)=C5[C@H]([C@@H]4O)C3=C2O[C@H]1C1=CC(O)=C(O)C(O)=C1)C1=CC(O)=C(O)C(O)=C1
"ephedrannin D7, (+)-epigallocatechin-(2Œ±‚ÜíO‚Üí7,4Œ±‚Üí8)-(+)-gallocatechin",C30H24O14,,NMR,"Molecules, 2013 ,  vol. 18,  # 5  p. 5172 - 5189",Natural Product,O[C@H]1CC2=C(O)C=C3O[C@]4(OC5=CC(O)=CC(O)=C5[C@H]([C@@H]4O)C3=C2O[C@@H]1C1=CC(O)=C(O)C(O)=C1)C1=CC(O)=C(O)C(O)=C1
"epigallocatechin-(2Œ≤‚ÜíO‚Üí7,4Œ≤‚Üí8)-gallocatechin, ephedrannin D5 ",C30H24O14,,NMR,"Molecules, 2013 ,  vol. 18,  # 5  p. 5172 - 5189",Natural Product,O[C@@H]1CC2=C(O)C=C3O[C@@]4(OC5=CC(O)=CC(O)=C5[C@@H]([C@H]4O)C3=C2O[C@H]1C1=CC(O)=C(O)C(O)=C1)C1=CC(O)=C(O)C(O)=C1
"epigallocatechin-(2Œ≤‚ÜíO‚Üí7,4Œ≤‚Üí8)-gallocatechin, prodelphinidin A-1",C30H24O14,,NMR,"Journal of Natural Products, 2000 ,  vol. 63,  # 11  p. 1507 - 1510",Natural Product,O[C@H]1CC2=C(O)C=C3O[C@@]4(OC5=CC(O)=CC(O)=C5[C@@H]([C@H]4O)C3=C2O[C@@H]1C1=CC(O)=C(O)C(O)=C1)C1=CC(O)=C(O)C(O)=C1
"(2R,3S,8R,14R)-2-(3,4-dihydroxyphenyl)-8-phenyl-3,4-dihydro-2H,14H-8,14-methanochromeno[7,8-d][1,3]benzodioxocin-3,5-diol, (2R,3S,8S,14S)-2-(3,4-dihydroxyphenyl)-8-phenyl-3,4-dihydro-2H,14H-8,14-methanochromeno[7,8-d][1,3]benzodioxocine-3,5-diol",C30H24O7,,NMR,"Molecules, 2009 ,  vol. 14,  # 2  p. 807 - 815",,O[C@H]1CC2=C(O)C=C3O[C@@]4(C[C@@H](C5=CC=CC=C5O4)C3=C2O[C@@H]1C1=CC=C(O)C(O)=C1)C1=CC=CC=C1
"(2R,3S,8S,14S)-2-(3,4-dihydroxyphenyl)-8-phenyl-3,4-dihydro-2H,14H-8,14-methanochromeno[7,8-d][1,3]benzodioxocin-3,5-diol, (2R,3S,8R,14R)-2-(3,4-dihydroxyphenyl)-8-phenyl-3,4-dihydro-2H,14H-8,14-methanochromeno[7,8-d][1,3]benzodioxocine-3,5-diol",C30H24O7,,NMR,"Molecules, 2009 ,  vol. 14,  # 2  p. 807 - 815",,O[C@H]1CC2=C(O)C=C3O[C@]4(C[C@H](C5=CC=CC=C5O4)C3=C2O[C@@H]1C1=CC=C(O)C(O)=C1)C1=CC=CC=C1
"(2R,3S)-2-(3,4-dihydroxyphenyl)-8-phenyl-3,4-dihydro-2H,14H-8,14-methanochromeno[7,8-d][1,3]benzodioxocine-3,5-diol",C30H24O7,,NMR,"Patent: WO2007/86847 A1, 2007 ;",,O[C@H]1CC2=C(O)C=C3OC4(CC(C5=CC=CC=C5O4)C3=C2O[C@@H]1C1=CC=C(O)C(O)=C1)C1=CC=CC=C1
"(2R,3S,8R,14R)-2-(3,4-dihydroxyphenyl)-8-(4-hydroxyphenyl)-3,4-dihydro-2H,14H-8,14-methanochromeno[7,8-d][1,3]benzodioxocin-3,5-diol, (2R,3S,8S,14S)-2-(3,4-dihydroxyphenyl)-8-(4-hydroxyphenyl)-3,4-dihydro-2H,14H-8,14-methanochromeno[7,8-d][1,3]benzodioxocine-3,5-diol",C30H24O8,,NMR,"Molecules, 2009 ,  vol. 14,  # 2  p. 807 - 815",,O[C@H]1CC2=C(O)C=C3O[C@@]4(C[C@@H](C5=CC=CC=C5O4)C3=C2O[C@@H]1C1=CC=C(O)C(O)=C1)C1=CC=C(O)C=C1
"(2R,3S,8S,14S)-2-(3,4-dihydroxyphenyl)-8-(4-hydroxyphenyl)-3,4-dihydro-2H,14H-8,14-methanochromeno[7,8-d][1,3]benzodioxocin-3,5-diol, (2R,3S,8R,14R)-2-(3,4-dihydroxyphenyl)-8-(4-hydroxyphenyl)-3,4-dihydro-2H,14H-8,14-methanochromeno[7,8-d][1,3]benzodioxocine-3,5-diol",C30H24O8,,NMR,"Molecules, 2009 ,  vol. 14,  # 2  p. 807 - 815",,O[C@H]1CC2=C(O)C=C3O[C@]4(C[C@H](C5=CC=CC=C5O4)C3=C2O[C@@H]1C1=CC=C(O)C(O)=C1)C1=CC=C(O)C=C1
"(2R,3S)-2-(3,4-dihydroxyphenyl)-8-(4-hydroxyphenyl)-3,4-dihydro-2H,14H-8,14-methanochromeno[7,8-d][1,3]benzodioxocine-3,5-diol",C30H24O8,,NMR,"Patent: WO2007/86847 A1, 2007 ;",,O[C@H]1CC2=C(O)C=C3OC4(CC(C5=CC=CC=C5O4)C3=C2O[C@@H]1C1=CC=C(O)C(O)=C1)C1=CC=C(O)C=C1
"(2R,3S,8R,14R)-2-(3,4-dihydroxyphenyl)-8-(3,4-dihydroxyphenyl)-3,4-dihydro-2H,14H-8,14-methanochromeno[7,8-d][1,3]benzodioxocin-3,5-diol, (2R,3S,8S,14S)-2-(3,4-dihydroxyphenyl)-8-(3,4-dihydroxyphenyl)-3,4-dihydro-2H,14H-8,14-methanochromeno[7,8-d][1,3]benzodioxocine-3,5-diol",C30H24O9,,NMR,"Molecules, 2009 ,  vol. 14,  # 2  p. 807 - 815",,O[C@H]1CC2=C(O)C=C3O[C@@]4(C[C@@H](C5=CC=CC=C5O4)C3=C2O[C@@H]1C1=CC=C(O)C(O)=C1)C1=CC(O)=C(O)C=C1
"(2R,3S,8S,14S)-2-(3,4-dihydroxyphenyl)-8-(3,4-dihydroxyphenyl)-3,4-dihydro-2H,14H-8,14-methanochromeno[7,8-d][1,3]benzodioxocin-3,5-diol, (2R,3S,8R,14R)-2-(3,4-dihydroxyphenyl)-8-(3,4-dihydroxyphenyl)-3,4-dihydro-2H,14H-8,14-methanochromeno[7,8-d][1,3]benzodioxocine-3,5-diol",C30H24O9,,NMR,"Molecules, 2009 ,  vol. 14,  # 2  p. 807 - 815",,O[C@H]1CC2=C(O)C=C3O[C@]4(C[C@H](C5=CC=CC=C5O4)C3=C2O[C@@H]1C1=CC=C(O)C(O)=C1)C1=CC(O)=C(O)C=C1
"(2R,3S)-2-(3,4-dihydroxyphenyl)-8-(3,4-dihydroxyphenyl)-3,4-dihydro-2H,14H-8,14-methanochromeno[7,8-d][1,3]benzodioxocine-3,5-diol",C30H24O9,,NMR,"Patent: WO2007/86847 A1, 2007 ;",,O[C@H]1CC2=C(O)C=C3OC4(CC(C5=CC=CC=C5O4)C3=C2O[C@@H]1C1=CC=C(O)C(O)=C1)C1=CC(O)=C(O)C=C1
mahuanin D,C30H24O9,,NMR,"Heterocycles, 1983 ,  vol. 20,  # 10  p. 1953 - 1956",Natural Product,O[C@@H]1CC2=C(O)C=C3O[C@@]4(C[C@@H](C5=C(O)C=C(O)C=C5O4)C3=C2O[C@@H]1C1=CC=C(O)C=C1)C1=CC=C(O)C=C1
"(-)-epi-afzlechin(4Œ≤->8)(-)-epi-afzelechin, epiafzelechin-(4Œ≤->8)-epiafzelechin",C30H26O10,,NMR,"Chemical and Pharmaceutical Bulletin, 1990 ,  vol. 38,  # 4  p. 888 - 893Chemical and Pharmaceutical Bulletin, 1988 ,  vol. 36,  # 1  p. 39 - 47",yesNatural Product,O[C@@H]1CC2=C(O[C@@H]1C1=CC=C(O)C=C1)C([C@@H]1[C@@H](O)[C@H](OC3=C1C(O)=CC(O)=C3)C1=CC=C(O)C=C1)=C(O)C=C2O
"(+)-afzelechin(4Œ±->8)(+)-afzelechin, afzelechin-(4Œ±-8)-afzelechin, afzelechin-4(Œ±-8)-afzelechin",C30H26O10,,NMR,"Tetrahedron Letters, 2002 ,  vol. 43,  # 16  p. 2941 - 2943",Natural Product,O[C@@H]1CC2=C(OC1C1=CC=C(O)C=C1)C([C@H]1[C@@H](O)[C@H](OC3=C1C(O)=CC(O)=C3)C1=CC=C(O)C=C1)=C(O)C=C2O
"(2R,3R,4R)-3,4',7-trihydroxyflavan-(4Œ≤->8)-epicatechin",C30H26O10,,NMR,"Phytochemistry (Elsevier), 1989 ,  vol. 28,  # 8  p. 2183 - 2186",Natural Product,O[C@@H]1CC2=C(O[C@@H]1C1=CC=C(O)C(O)=C1)C([C@@H]1[C@@H](O)[C@H](OC3=CC(O)=CC=C13)C1=CC=C(O)C=C1)=C(O)C=C2O
ent-epiafzelechin-(4Œ±‚Üí8)-epiafzelechin,C30H26O10,,NMR,"Chemical and Pharmaceutical Bulletin, 1990 ,  vol. 38,  # 4  p. 888 - 893",Natural Product,O[C@@H]1CC2=C(O[C@@H]1C1=CC=C(O)C=C1)C([C@H]1[C@H](O)[C@@H](OC3=C1C(O)=CC(O)=C3)C1=CC=C(O)C=C1)=C(O)C=C2O
ent-guibourtinidol-(4Œ≤->6)-catechin,C30H26O10,,NMR,"Chemical and Pharmaceutical Bulletin, 2010 ,  vol. 58,  # 9  p. 1227 - 1231",Natural Product,O[C@H]1CC2=C(O[C@@H]1C1=CC=C(O)C(O)=C1)C=C(O)C([C@@H]1[C@@H](O)[C@@H](OC3=CC(O)=CC=C13)C1=CC=C(O)C=C1)=C2O
KA-1,C30H26O10,,NMR,"Phytochemistry, 1997 ,  vol. 46,  # 5  p. 893 - 900",Natural Product,O[C@H]1CC2=C(O[C@@H]1C1=CC=C(O)C(O)=C1)C([C@@H]1C[C@H](OC3=CC(O)=CC=C13)C1=CC(O)=C(O)C=C1)=C(O)C=C2O
KA-2,C30H26O10,,NMR,"Phytochemistry, 1997 ,  vol. 46,  # 5  p. 893 - 900",Natural Product,O[C@H]1CC2=C(O[C@@H]1C1=CC=C(O)C(O)=C1)C([C@H]1C[C@H](OC3=CC(O)=CC=C13)C1=CC(O)=C(O)C=C1)=C(O)C=C2O
"(2R,3R,4R)-3,3',4',7-tetrahydroxyflavan-(4Œ≤->8)-epicatechin, Epifisetinidol-(4Œ≤,8)-epicatechin",C30H26O11,,NMR,"Phytochemistry (Elsevier), 1989 ,  vol. 28,  # 8  p. 2183 - 2186",Natural Product,O[C@@H]1CC2=C(O[C@@H]1C1=CC=C(O)C(O)=C1)C([C@@H]1[C@@H](O)[C@H](OC3=CC(O)=CC=C13)C1=CC(O)=C(O)C=C1)=C(O)C=C2O
"(2R,3S,4R)-2,3-trans-3,4-cis-3,3',4',7-tetrahydroxy-4-<(2R,3S)-2,3-trans-3,3',4',5,7-pentahydroxyflavan-8-yl>flavan, <4,8>-2,3-trans-3,4-cis:2',3'-trans-(-)-robinetinidol-(+)-catechin, <4,8>-3,4-cis-(-)-fisetinidol-(+)-catechin, (-)-fisetinidol-(4Œ≤,8)-(+)-catechin, <4,8>-3,4-cis-profisetinidin, fisetinidol-(4Œ≤,8)-catechin, [4,8]-3,4-cis-(-)-fisetinidol-(+)-catechin",C30H26O11,,NMR,"Journal of the Chemical Society, Perkin Transactions 1: Organic and Bio-Organic Chemistry (1972-1999), 1985 , p. 2521 - 2528",Natural Product,O[C@H]1CC2=C(O[C@@H]1C1=CC=C(O)C(O)=C1)C([C@@H]1[C@H](O)[C@H](OC3=CC(O)=CC=C13)C1=CC(O)=C(O)C=C1)=C(O)C=C2O
"(2R,3S)-2,3-trans-6-<(2R,3S,4R)-2,3-trans-3,4-cis-3,3',4',7-tetrahydroxyflavan-4-yl>-3,3',4',5,7-pentahydroxyflavan, (2R,3S)-2,3-trans-6-((2R,3S,4R)-2,3-trans-3,4-cis-3,3',4',7-tetrahydroxyflavan-4-yl)-3,3',4',5,7-pentahydroxyflavan",C30H26O11,,NMR,"Journal of the Chemical Society, Perkin Transactions 1: Organic and Bio-Organic Chemistry (1972-1999), 1985 , p. 2521 - 2528",,O[C@H]1CC2=C(O)C([C@H]3[C@H](O)[C@H](OC4=CC(O)=CC=C34)C3=CC(O)=C(O)C=C3)=C(O)C=C2O[C@@H]1C1=CC(O)=C(O)C=C1
"(2R,3S)-2,3-trans-6-<(2R,3S,4S)-2,3-trans-3,4-trans-3,3',4',7-tetrahydroxyflavan-4-yl>-3,3',4',5,7-pentahydroxyflavan, (2R,3S,4S)-2,3-trans-3,4-trans-3,3',4',7-tetrahydroxy-4-<(2R,3S)-2,3-trans-3,3',4',5,7-pentahydroxyflavan-6-yl>flavan, <4,6>-all-trans-(-)-robinetinidol-(+)-catechin, fisetinidol-(4Œ±,6)-catechin, (2R,3S)-2,3-trans-6-((2R,3S,4S)-2,3-trans-3,4-trans-3,3',4',7-tetrahydroxyflavan-4-yl)-3,3',4',5,7-pentahydroxyflavan",C30H26O11,,NMR,"Journal of the Chemical Society, Perkin Transactions 1: Organic and Bio-Organic Chemistry (1972-1999), 1985 , p. 2521 - 2528",,O[C@H]1CC2=C(O[C@@H]1C1=CC(O)=C(O)C=C1)C=C(O)C([C@H]1[C@H](O)[C@H](OC3=CC(O)=CC=C13)C1=CC=C(O)C(O)=C1)=C2O
"(2S,3R,4R)-2,3-trans-3,4-trans-3,3',4',7-tetrahydroxy-4-<(2R,3S)-2,3-trans-3,3',4',5,7-pentahydroxyflavan-6-yl>flavan, ent-fisetinidol-(4Œ≤->6)-catechin, (2S,3R,4R)-2,3-trans-3,4-trans-3,3',4',7-tetrahydroxy-4-((2R,3S)-2,3-trans-3,3',4',5,7-pentahydroxyflavan-6-yl)flavan",C30H26O11,,NMR,"Chemical and Pharmaceutical Bulletin, 2010 ,  vol. 58,  # 9  p. 1227 - 1231",Natural Product,O[C@H]1CC2=C(O[C@@H]1C1=CC(O)=C(O)C=C1)C=C(O)C([C@@H]1[C@@H](O)[C@@H](OC3=CC(O)=CC=C13)C1=CC=C(O)C(O)=C1)=C2O
epiafzelechin-(4Œ≤->8)-epicatechin,C30H26O11,,NMR,"Chemical and Pharmaceutical Bulletin, 1990 ,  vol. 38,  # 4  p. 888 - 893Chemistry of Natural Compounds, 1997 ,  vol. 33,  # 2  p. 165 - 173Chemical and Pharmaceutical Bulletin, 1988 ,  vol. 36,  # 1  p. 39 - 47",Natural Product,O[C@@H]1CC2=C(O[C@@H]1C1=CC=C(O)C(O)=C1)C([C@@H]1[C@@H](O)[C@H](OC3=CC(O)=CC(O)=C13)C1=CC=C(O)C=C1)=C(O)C=C2O
Epicatechin-(4b>8)-epiafzelechin,C30H26O11,,NMR,"Chemical and Pharmaceutical Bulletin, 1988 ,  vol. 36,  # 1  p. 39 - 47Zeitschrift fuer Naturforschung, Teil B: Anorganische Chemie, Organische Chemie, 1985 ,  vol. 40,  # 6  p. 855 - 857",Natural Product,O[C@@H]1CC2=C(O[C@@H]1C1=CC=C(O)C=C1)C([C@@H]1[C@@H](O)[C@H](OC3=CC(O)=CC(O)=C13)C1=CC(O)=C(O)C=C1)=C(O)C=C2O
Fisetinidol-(4a->8)-catechin,C30H26O11 ,,NMR,"Molecules, 2012 ,  vol. 17,  # 12  p. 13917 - 13922Journal of the Chemical Society, Perkin Transactions 1: Organic and Bio-Organic Chemistry (1972-1999), 1985 , p. 2521 - 2528Phytochemistry (Elsevier), 1984 ,  vol. 23,  # 12  p. 2915 - 2918",Natural Product,O[C@H]1CC2=C(O[C@@H]1C1=CC=C(O)C(O)=C1)C([C@H]1[C@H](O)[C@H](OC3=CC(O)=CC=C13)C1=CC(O)=C(O)C=C1)=C(O)C=C2O
"(-)-epicatechin-(4,8)-(-)-epicatechin, procyanidin B2, procyanidin B-2, procyanidin C-1, procyanidin B2, procyanidin, procyanindin B2 digallate",C30H26O12,,NMR,"Planta Medica, 1993 ,  vol. 59,  # 5  p. 405 - 407Journal of the Chemical Society, Chemical Communications, 1973 , p. 518",Natural Product,O[C@@H]1CC2=C(O[C@@H]1C1=CC=C(O)C(O)=C1)C([C@@H]1[C@@H](O)[C@H](OC3=CC(O)=CC(O)=C13)C1=CC(O)=C(O)C=C1)=C(O)C=C2O
"(+)-epicatechin-<4Œ±->8>-(+)-epicatechin, ent-epicatechin-(4Œ±->8)-ent-epicatechin, ent-epicatechin-(4Œ±-8)-ent-epicatechin",C30H26O12,,NMR,"Journal of the Chemical Society, Perkin Transactions 1: Organic and Bio-Organic Chemistry (1972-1999), 1983 ,  # 7  p. 1535 - 1543",Natural Product,O[C@H]1CC2=C(O[C@H]1C1=CC=C(O)C(O)=C1)C([C@H]1[C@H](O)[C@@H](OC3=C1C(O)=CC(O)=C3)C1=CC(O)=C(O)C=C1)=C(O)C=C2O
(+)-Fisetinidol-(4b->8)-catechin,C30H26O12,,NMR,"Phytochemistry, 1997 ,  vol. 46,  # 5  p. 893 - 900",Natural Product,O[C@H]1CC2=C(O[C@@H]1C1=CC=C(O)C(O)=C1)C([C@H]1[C@@H](O)[C@@H](OC3=CC(O)=CC=C13)C1=CC(O)=C(O)C=C1)=C(O)C=C2O
"(2R,3S,4S)-2,3-trans-3,4-trans-3,3',4',5',7-pentahydroxy-4-<(2R,3S)-2,3-trans-3,3',4',5,7-pentahydroxyflavan-8-yl>flavan, <4,8>-all-trans-(-)-robinetinidol-(+)-catechin, robinetinidol-(4Œ±,8)-catechin, [4,8]-all-trans-(-)-robinetinidol-(+)-catechin",C30H26O12,,NMR,"Journal of Natural Products, 2011 ,  vol. 74,  # 2  p. 119 - 128",Natural Product,O[C@H]1CC2=C(O[C@@H]1C1=CC=C(O)C(O)=C1)C([C@H]1[C@H](O)[C@H](OC3=CC(O)=CC=C13)C1=CC(O)=C(O)C(O)=C1)=C(O)C=C2O
"3,4-cis-(+)-catechin-(4Œ≤->8)-(+)-catechin, [4,8]-2,3-trans-3,4-cis:2,3-trans-bi-(+)-catechin, proanthocyanidin B3, procyanidin B3, (-)-catechin-(4Œ±,8)-(+)-catechin, (+)-catechin-(4Œ≤,8)-(+)-catechin, C-(4Œ≤-8)C",C30H26O12,,NMR,"Tetrahedron, 2002 ,  vol. 58,  # 39  p. 7829 - 7837Journal of the Chemical Society, Chemical Communications, 1986 ,  # 5  p. 392 - 393Journal of the Chemical Society, Perkin Transactions 1: Organic and Bio-Organic Chemistry (1972-1999), 1983 ,  # 7  p. 1535 - 1543",Natural Product,O[C@H]1CC2=C(O[C@@H]1C1=CC=C(O)C(O)=C1)C([C@@H]1[C@H](O)[C@H](OC3=C1C(O)=CC(O)=C3)C1=CC(O)=C(O)C=C1)=C(O)C=C2O
"8-(3,3',4',5,7-pentahydroxyflavan-4-yl)-3,3',4',5,7-pentahydroxyflavan, procyanidins B-1, procyanidin B-1",C30H26O12,,NMR,"Agricultural and Biological Chemistry, 1988 ,  vol. 52,  # 11  p. 2717 - 2722",Natural Product,O[C@H]1CC2=C(O[C@@H]1C1=CC=C(O)C(O)=C1)C([C@@H]1[C@@H](O)[C@H](OC3=CC(O)=CC(O)=C13)C1=CC(O)=C(O)C=C1)=C(O)C=C2O
"B3 dimer, procyanidin B-3, procyanidin B3",C30H26O12,,NMR,"Journal of Organic Chemistry, 2006 ,  vol. 71,  # 26  p. 9701 - 9712",Natural Product,O[C@H]1CC2=C(O[C@@H]1C1=CC=C(O)C(O)=C1)C([C@H]1[C@H](O)[C@H](OC3=CC(O)=CC(O)=C13)C1=CC(O)=C(O)C=C1)=C(O)C=C2O
"catechin-(4Œ±->6)-catechin, (+)-C-4Œ±->6-(+)-C, (+)-catechin-4Œ±->6-(+)-catechin, procyanidin B6, procyanidin B-6, procyanidin B6",C30H26O12,,NMR,"Magnetic Resonance in Chemistry, 1987 ,  vol. 25, p. 118 - 124",Natural Product,O[C@H]1CC2=C(O[C@@H]1C1=CC=C(O)C(O)=C1)C=C(O)C([C@H]1[C@H](O)[C@H](OC3=C1C(O)=CC(O)=C3)C1=CC=C(O)C(O)=C1)=C2O
"catechin-(4Œ±->6)-epicatechin, (+)-C-4Œ±->6-(-)-EC, (+)-catechin-4Œ±->6-(-)-epicatechin, procyanidin B8, (+)-catechin-(4Œ±,6)-(-)-epicatechin, procyanidin B8 ",C30H26O12,,NMR,"Magnetic Resonance in Chemistry, 1987 ,  vol. 25, p. 118 - 124",Natural Product,O[C@@H]1CC2=C(O[C@@H]1C1=CC=C(O)C(O)=C1)C=C(O)C([C@H]1[C@H](O)[C@H](OC3=C1C(O)=CC(O)=C3)C1=CC=C(O)C(O)=C1)=C2O
catechin-(4Œ±->8)-ent-epicatechin,C30H26O12,,NMR,"Journal of the Chemical Society, Perkin Transactions 1: Organic and Bio-Organic Chemistry (1972-1999), 1983 ,  # 7  p. 1535 - 1543; Heterocycles, 2007 ,  vol. 74,  # C  p. 595 - 605",,O[C@@H]1CC2=C(O[C@H]1C1=CC=C(O)C(O)=C1)C([C@@H]1[C@H](O)[C@H](OC3=CC(O)=CC(O)=C13)C1=CC(O)=C(O)C=C1)=C(O)C=C2O
"catechin-(4Œ±->8)-epicatechin, cat-(4Œ±->8)-epi, procyanidin B-4, procyanidin B4, (+)-catechin-(4Œ±-8)-(-)-epicatechin, catechin-4Œ±,8-epicatechin, catechin-4Œ±-8-epicatechin",C30H26O12,,NMR,"Chemical and Pharmaceutical Bulletin, 1983 ,  vol. 31,  # 11  p. 3906 - 3914European Journal of Organic Chemistry, 2006 ,  # 23  p. 5367 - 5377Heterocycles, 2003 ,  vol. 61, p. 287 - 298Heterocycles, 2009 ,  vol. 79,  # C  p. 549 - 563Journal of the Chemical Society. Perkin Transactions 2, 1997 ,  # 5  p. 1035 - 1043Magnetic Resonance in Chemistry, 1987 ,  vol. 25, p. 118 - 124Phytochemistry (Elsevier), 1989 ,  vol. 28,  # 6  p. 1743 - 1748Phytochemistry (Elsevier), 1991 ,  vol. 30,  # 6  p. 2033 - 2040Tetrahedron Letters, 1997 ,  vol. 38,  # 32  p. 5639 - 5642Tetrahedron Letters, 2007 ,  vol. 48,  # 33  p. 5891 - 5894",Natural Product,O[C@@H]1CC2=C(O[C@@H]1C1=CC=C(O)C(O)=C1)C([C@H]1[C@H](O)[C@H](OC3=C1C(O)=CC(O)=C3)C1=CC(O)=C(O)C=C1)=C(O)C=C2O
catechin-(6->6')-catechin,C30H26O12,,NMR,"Bioorganic and Medicinal Chemistry, 2002 ,  vol. 10,  # 7  p. 2233 - 2237",Natural Product,O[C@H]1CC2=C(O[C@@H]1C1=CC=C(O)C(O)=C1)C=C(O)C(=C2O)C1=CC(O)=C(O)C=C1[C@H]1OC2=CC(O)=CC(O)=C2C[C@@H]1O
catechin-(6'-6)-catechin,C30H26O12,,NMR,"Journal of Agricultural and Food Chemistry, 2012 ,  vol. 60,  # 29  p. 7297 - 7305",Natural Product,O[C@H]1CC2=C(O[C@@H]1C1=CC(O)=C(O)C=C1)C=C(O)C(=C2O)C1=C(C=C(O)C(O)=C1)[C@H]1OC2=CC(O)=CC(O)=C2C[C@@H]1O
catechin-(6'-8)-catechin,C30H26O12,,NMR,"Journal of Agricultural and Food Chemistry, 2012 ,  vol. 60,  # 29  p. 7297 - 7305",Natural Product,O[C@H]1CC2=C(O)C=C(O)C(=C2O[C@@H]1C1=CC(O)=C(O)C=C1)C1=C(C=CC(O)=C1O)[C@H]1OC2=CC(O)=CC(O)=C2C[C@@H]1O
catechin-(8->6')-catechin,C30H26O12,,NMR,"Bioorganic and Medicinal Chemistry Letters, 2014 ,  vol. 24,  # 6  p. 1621 - 1624Bioorganic and Medicinal Chemistry, 2002 ,  vol. 10,  # 7  p. 2233 - 2237Phytochemistry, 1996 ,  vol. 42,  # 5  p. 1279 ",Natural Product,O[C@H]1CC2=C(O[C@@H]1C1=CC=C(O)C(O)=C1)C(=C(O)C=C2O)C1=C(C=C(O)C(O)=C1)[C@H]1OC2=CC(O)=CC(O)=C2C[C@@H]1O
ent-Epicatechin-(4Œ±->8)-catechin,C30H26O12,,NMR,"Agricultural and Biological Chemistry, 1990 ,  vol. 54,  # 1  p. 217 - 218",Natural Product,O[C@H]1CC2=C(O[C@@H]1C1=CC=C(O)C(O)=C1)C([C@H]1[C@H](O)[C@@H](OC3=CC(O)=CC(O)=C13)C1=CC(O)=C(O)C=C1)=C(O)C=C2O
ent-epicatechin-(4Œ±->8)-epicatechin,C30H26O12,,NMR,"Journal of the Chemical Society, Perkin Transactions 1: Organic and Bio-Organic Chemistry (1972-1999), 1983 ,  # 7  p. 1535 - 1543",,O[C@@H]1CC2=C(O[C@@H]1C1=CC=C(O)C(O)=C1)C([C@H]1[C@H](O)[C@@H](OC3=CC(O)=CC(O)=C13)C1=CC(O)=C(O)C=C1)=C(O)C=C2O
epicatechin (6'->8')catechin,C30H26O12,,NMR,"Phytochemistry, 1998 ,  vol. 47,  # 6  p. 1137 - 1140",Natural Product,O[C@H]1CC2=C(O[C@@H]1C1=CC=C(O)C(O)=C1)C(=C(O)C=C2O)C1=C(C=C(O)C(O)=C1)[C@H]1OC2=CC(O)=CC(O)=C2C[C@H]1O
epicatechin (6'->8)epicatechin,C30H26O12,,NMR,"Bioorganic and Medicinal Chemistry, 2002 ,  vol. 10,  # 7  p. 2233 - 2237Phytochemistry, 1998 ,  vol. 47,  # 6  p. 1137 - 1140",Natural Product,O[C@@H]1CC2=C(O[C@@H]1C1=CC=C(O)C(O)=C1)C(=C(O)C=C2O)C1=C(C=C(O)C(O)=C1)[C@H]1OC2=CC(O)=CC(O)=C2C[C@H]1O
"epicatechin-(4-6)epicatechin, procyanidin B5, procyanidin B-5, procyanidin B5",C30H26O12,,NMR,"Chemical and Pharmaceutical Bulletin, 1992 ,  vol. 40,  # 4  p. 889 - 898",Natural Product,O[C@@H]1CC2=C(O[C@@H]1C1=CC(O)=C(O)C=C1)C=C(O)C(=C2)[C@@H]1[C@@H](O)[C@H](OC2=CC(O)=CC(O)=C12)C1=CC(O)=C(O)C=C1
"epicatechin-(4Œ≤ ‚Üí 8)-catechin, epicatechin-(4Œ≤->8)-catechin, epicatechin-(4Œ≤-8)-catechin, procyanidin B1, (-)-epicatechin-(4Œ≤,8Œ≤)-(+)-catechin, (-)-epicatechin-(4Œ≤->8)-(+)-catechin, (-)-epicatechin-(4Œ≤-8)-(+)-catechin",C30H26O12,,NMR,"European Journal of Organic Chemistry, 2006 ,  # 23  p. 5367 - 5377Chemical and Pharmaceutical Bulletin, 1981 ,  vol. 29,  # 10  p. 2862 - 2870Chemistry of Natural Compounds, 1997 ,  vol. 33,  # 2  p. 174 - 178Heterocycles, 2003 ,  vol. 61, p. 287 - 298Heterocycles, 2009 ,  vol. 79,  # C  p. 549 - 563Journal of Agricultural and Food Chemistry, 2002 ,  vol. 50,  # 12  p. 3435 - 3443Journal of Agricultural and Food Chemistry, 2003 ,  vol. 51,  # 13  p. 3806 - 3813Journal of Agricultural and Food Chemistry, 2008 ,  vol. 56,  # 14  p. 5864 - 5870Journal of the Chemical Society, Chemical Communications, 1981 ,  # 7  p. 320 - 322Journal of the Chemical Society, Chemical Communications, 1981 ,  # 15  p. 781 - 783Journal of the Chemical Society, Perkin Transactions 1: Organic and Bio-Organic Chemistry (1972-1999), 1982 , p. 1217 - 1222Organic Process Research and Development, 2007 ,  vol. 11,  # 3  p. 422 - 430Phytochemistry (Elsevier), 1983 ,  vol. 22,  # 1  p. 275 - 282Phytochemistry (Elsevier), 1991 ,  vol. 30,  # 6  p. 2033 - 2040Phytochemistry, 1996 ,  vol. 41,  # 2  p. 617 - 624Phytochemistry, 1997 ,  vol. 45,  # 8  p. 1689 - 1696Tetrahedron Letters, 2007 ,  vol. 48,  # 33  p. 5891 - 5894",Natural Product,O[C@H]1CC2=C(O[C@@H]1C1=CC=C(O)C(O)=C1)C([C@@H]1[C@@H](O)[C@H](OC3=C1C(O)=CC(O)=C3)C1=CC(O)=C(O)C=C1)=C(O)C=C2O
"epicatechin-(4Œ≤->6)-catechin, procyanidin B7, (-)-epicatechin-(4Œ≤->6)-(+)-catechin, epicatechin-4Œ≤-6-catechin, (-)-epicatechin-(4Œ≤,6)-(-Œπ-)-catechin, (-)-epicatechin-(4Œ≤,6)-(+)-catechin",C30H26O12,,NMR,"Journal of the Chemical Society, Perkin Transactions 1: Organic and Bio-Organic Chemistry (1972-1999), 1982 , p. 1217 - 1222Journal of the Chemical Society, Chemical Communications, 1981 ,  # 15  p. 781 - 783Phytochemistry (Elsevier), 1983 ,  vol. 22,  # 1  p. 275 - 282",Natural Product,O[C@H]1CC2=C(O[C@@H]1C1=CC=C(O)C(O)=C1)C=C(O)C([C@@H]1[C@@H](O)[C@H](OC3=C1C(O)=CC(O)=C3)C1=CC=C(O)C(O)=C1)=C2O
"epicatechin-(4Œ≤->6)-epicatechin, proanthocyanidin B5, epi-(4Œ≤->6)-epi, procyanidin B-5, procyanidin B5, (-)-epicatechin-(4Œ≤->6)-(-)-epicatechin, epicatechin-(4Œ≤-6)-epicatechin",C30H26O12,,NMR,"Chemical and Pharmaceutical Bulletin, 1982 ,  vol. 30,  # 12  p. 4277 - 4282Journal of Agricultural and Food Chemistry, 2005 ,  vol. 53,  # 13  p. 5407 - 5418Journal of the Chemical Society, Chemical Communications, 1981 ,  # 7  p. 320 - 322Journal of the Chemical Society, Perkin Transactions 1: Organic and Bio-Organic Chemistry (1972-1999), 1982 , p. 1217 - 1222Journal of the Chemical Society, Perkin Transactions 1: Organic and Bio-Organic Chemistry (1972-1999), 1983 ,  # 7  p. 1535 - 1543Phytochemistry (Elsevier), 1991 ,  vol. 30,  # 5  p. 1657 - 1663Phytochemistry (Elsevier), 1996 ,  vol. 42,  # 1  p. 109 - 120",Natural Product,O[C@@H]1CC2=C(O[C@@H]1C1=CC=C(O)C(O)=C1)C=C(O)C([C@@H]1[C@@H](O)[C@H](OC3=C1C(O)=CC(O)=C3)C1=CC=C(O)C(O)=C1)=C2O
"epicatechin-(4Œ≤->8)-ent-epicatechin, procyanidin B3",C30H26O12,,NMR,"Journal of the Chemical Society, Perkin Transactions 1: Organic and Bio-Organic Chemistry (1972-1999), 1983 ,  # 7  p. 1535 - 1543",,O[C@H]1CC2=C(O[C@H]1C1=CC=C(O)C(O)=C1)C([C@@H]1[C@@H](O)[C@H](OC3=CC(O)=CC(O)=C13)C1=CC(O)=C(O)C=C1)=C(O)C=C2O
"epicatechin-(6',6)-epicatechin",C30H26O12,,NMR,"Bioorganic and Medicinal Chemistry, 2002 ,  vol. 10,  # 7  p. 2233 - 2237",,O[C@@H]1CC2=C(O[C@@H]1C1=CC=C(O)C(O)=C1)C=C(O)C(=C2O)C1=CC(O)=C(O)C=C1[C@H]1OC2=CC(O)=CC(O)=C2C[C@H]1O
"epicatechin-4Œ±,8-epicatechin, procyanidin B-2, procyanidin B-5, procyanidin B2",C30H26O12,,NMR,"Journal of Organic Chemistry, 2001 ,  vol. 66,  # 4  p. 1287 - 1296",Natural Product,O[C@@H]1CC2=C(O[C@@H]1C1=CC=C(O)C(O)=C1)C([C@H]1[C@@H](O)[C@H](OC3=CC(O)=CC(O)=C13)C1=CC(O)=C(O)C=C1)=C(O)C=C2O
"epirobinetinidol-(4Œ≤,8)-catechin",C30H26O12,,NMR,"Journal of Natural Products, 2011 ,  vol. 74,  # 2  p. 119 - 128",Natural Product,O[C@H]1CC2=C(O[C@@H]1C1=CC=C(O)C(O)=C1)C([C@@H]1[C@@H](O)[C@H](OC3=CC(O)=CC=C13)C1=CC(O)=C(O)C(O)=C1)=C(O)C=C2O
"fisetinidol-(4Œ±,6)-gallocatechin",C30H26O12,,NMR,"Journal of Natural Products, 2011 ,  vol. 74,  # 2  p. 119 - 128",Natural Product,O[C@H]1CC2=C(O)C([C@H]3[C@H](O)C(OC4=CC(O)=CC=C34)C3=CC=C(O)C(O)=C3)=C(O)C=C2O[C@@H]1C1=CC(O)=C(O)C(O)=C1
"proanthocyanidin B-4, procyanidine B4, (+)-catechin-(4Œ≤,8)-(-)-epicatechin, [4,8]-2,3-trans-3,4-cis:2',3'-cis(+)-catechin-(-)-epicatechin",C30H26O12,,NMR,"Tetrahedron Letters, 1997 ,  vol. 38,  # 32  p. 5639 - 5642",Natural Product,O[C@@H]1CC2=C(O[C@@H]1C1=CC=C(O)C(O)=C1)C([C@@H]1[C@H](O)[C@H](OC3=CC(O)=CC(O)=C13)C1=CC(O)=C(O)C=C1)=C(O)C=C2O
"Procyanidin B, proanthocyanidin A, procyanidin, NSC 143099, 2,2'-bis-(3,4-dihydroxy-phenyl)-3,4,3',4'-tetrahydro-2H,2'H-[4,8']bichromenyl-3,5,7,3',5',7'-hexaol, procyanidin B-2, 5,7,3',4'-tetrahydroxy flavon-3-ol C4-C8 dimer",C30H26O12,,NMR,"Patent: WO2003/105877 A1, 2003 ;",Natural Product,OC1CC2=C(OC1C1=CC=C(O)C(O)=C1)C(C1C(O)C(OC3=CC(O)=CC(O)=C13)C1=CC(O)=C(O)C=C1)=C(O)C=C2O
"Procyanidin B2, epicatechin-(4Œ≤ ‚Üí 8)-epicatechin, epicatechin-(4Œ≤->8)-epicatechin, epicatechin-(4Œ≤-8)-epicatechin, (-)epicatechin-(-)-epicatechin, procyanidin B2, epi-(4Œ≤->8)-epi",C30H26O12,,NMR,"European Journal of Organic Chemistry, 2006 ,  # 23  p. 5367 - 5377Journal of Agricultural and Food Chemistry, 2005 ,  vol. 53,  # 13  p. 5407 - 5418Heterocycles, 2009 ,  vol. 79,  # C  p. 549 - 563Tetrahedron Letters, 2007 ,  vol. 48,  # 33  p. 5891 - 5894Heterocycles, 2004 ,  vol. 62, p. 479 - 489Food and Chemical Toxicology, 2004 ,  vol. 42,  # 6  p. 975 - 981Journal of Agricultural and Food Chemistry, 2003 ,  vol. 51,  # 13  p. 3806 - 3813Chemistry of Natural Compounds, 1997 ,  vol. 33,  # 2  p. 174 - 178Biological and pharmaceutical bulletin, 2002 ,  vol. 25,  # 6  p. 748 - 752Phytochemistry (Elsevier), 1989 ,  vol. 28,  # 6  p. 1743 - 1748Phytochemistry, 1999 ,  vol. 50,  # 4  p. 689 - 694Magnetic Resonance in Chemistry, 1997 ,  vol. 35,  # 12  p. 854 - 858Chemical and Pharmaceutical Bulletin, 1986 ,  vol. 34,  # 2  p. 633 - 642Phytochemistry, 1996 ,  vol. 41,  # 2  p. 617 - 624Phytochemistry, 1997 ,  vol. 45,  # 8  p. 1689 - 1696Phytochemistry (Elsevier), 1991 ,  vol. 30,  # 5  p. 1657 - 1663Chemical and Pharmaceutical Bulletin, 1986 ,  vol. 34,  # 2  p. 643 - 649Journal of the Chemical Society, Perkin Transactions 1: Organic and Bio-Organic Chemistry (1972-1999), 1983 ,  # 7  p. 1535 - 1543Journal of the Chemical Society, Chemical Communications, 1981 ,  # 7  p. 320 - 322Chemical and Pharmaceutical Bulletin, 1981 ,  vol. 29,  # 10  p. 2862 - 2870Chemical and Pharmaceutical Bulletin, 1982 ,  vol. 30,  # 12  p. 4277 - 4282Journal of the Chemical Society, Perkin Transactions 1: Organic and Bio-Organic Chemistry (1972-1999), 1974 , p. 2663 - 2671",Natural Product,O[C@@H]1CC2=C(O[C@@H]1C1=CC=C(O)C(O)=C1)C([C@@H]1[C@@H](O)[C@H](OC3=C1C(O)=CC(O)=C3)C1=CC(O)=C(O)C=C1)=C(O)C=C2O
"procyanidin B3, (+)-catechin-(4Œ±->8)-(+)-catechin, catechin (4Œ±->8)-catechin, (+)-catechin-(4Œ±,8)-(+)-catechin, procyanidin B-2",C30H26O12,,NMR,"Journal of Agricultural and Food Chemistry, 2008 ,  vol. 56,  # 17  p. 7845 - 7852",,O[C@@H]1CC2=C(O[C@H]1C1=CC=C(O)C(O)=C1)C([C@H]1[C@@H](O)[C@@H](OC3=CC(O)=CC(O)=C13)C1=CC(O)=C(O)C=C1)=C(O)C=C2O
"Procyanidin B3, catechin-(4Œ±->8)-catechin, catechin-(4Œ±-8)-catechin, cat-(4Œ±->8)-cat, procyanidin B3, procyanidin-B3, [4,8]-2,3-trans-3,4-trans:2,3-trans-bi-(+)-catechin",C30H26O12,,NMR,"Agricultural and Biological Chemistry, 1988 ,  vol. 52,  # 11  p. 2717 - 2722Chemistry of Natural Compounds, 2010 ,  vol. 46,  # 4  p. 643 - 644Chemistry of Natural Compounds, 2011 ,  vol. 47,  # 3  p. 442 - 445European Journal of Organic Chemistry, 2006 ,  # 23  p. 5367 - 5377Heterocycles, 2009 ,  vol. 79,  # C  p. 549 - 563Journal of Agricultural and Food Chemistry, 2002 ,  vol. 50,  # 12  p. 3435 - 3443Journal of Agricultural and Food Chemistry, 2012 ,  vol. 60,  # 29  p. 7297 - 7305Journal of Organic Chemistry, 2010 ,  vol. 75,  # 14  p. 4884 - 4886Journal of the Chemical Society, Perkin Transactions 1: Organic and Bio-Organic Chemistry (1972-1999), 1983 ,  # 8  p. 1711 - 1717Journal of the Chemical Society. Perkin Transactions 2, 1997 ,  # 5  p. 1035 - 1043Magnetic Resonance in Chemistry, 1987 ,  vol. 25, p. 118 - 124Phytochemistry (Elsevier), 1983 ,  vol. 22,  # 1  p. 275 - 282Phytochemistry (Elsevier), 1983 ,  vol. 22,  # 11  p. 2575 - 2578Phytochemistry (Elsevier), 1984 ,  vol. 23,  # 12  p. 2915 - 2918Phytochemistry (Elsevier), 1987 ,  vol. 26,  # 6  p. 1825 - 1830Phytochemistry (Elsevier), 1989 ,  vol. 28,  # 6  p. 1743 - 1748Phytochemistry, 1994 ,  vol. 35,  # 2  p. 473 - 478Phytochemistry, 1996 ,  vol. 43,  # 1  p. 265 - 272Phytochemistry, 1997 ,  vol. 45,  # 8  p. 1689 - 1696Tetrahedron Letters, 2007 ,  vol. 48,  # 33  p. 5891 - 5894Tetrahedron Letters, 2010 ,  vol. 51,  # 8  p. 1193 - 1195Tetrahedron, 2002 ,  vol. 58,  # 39  p. 7829 - 7837Tetrahedron, 2012 ,  vol. 68,  # 1  p. 340 - 348",Natural Product,O[C@H]1CC2=C(O[C@@H]1C1=CC=C(O)C(O)=C1)C([C@H]1[C@H](O)[C@H](OC3=C1C(O)=CC(O)=C3)C1=CC(O)=C(O)C=C1)=C(O)C=C2O
"(+)-catechin (4Œ±-8)-(-)-epigallocatechin, (+)-catechin(4Œ±-8) (-)-epigallocatechin, catechin-(4Œ±->8)-epigallocatechin, catechin-(4Œ±-8)-epigallocatechin, (+)-catechin-(4Œ±-8)-(-)-epigallocatechin",C30H26O13,,NMR,"Chemical and Pharmaceutical Bulletin, 1989 ,  vol. 37,  # 1  p. 77 - 85Phytochemistry (Elsevier), 1991 ,  vol. 30,  # 6  p. 2033 - 2040",Natural Product,O[C@@H]1CC2=C(O[C@@H]1C1=CC(O)=C(O)C(O)=C1)C([C@H]1[C@H](O)[C@H](OC3=C1C(O)=CC(O)=C3)C1=CC=C(O)C(O)=C1)=C(O)C=C2O
"(+)-gallocatechin (4Œ±-8)-(-)-epicatechin, gallocatechin-(4Œ±->8)-epicatechin, gallocatechin-(4Œ±,8)-epicatechin, gallocatechin-(4Œ±-8)-epicatechin, gallocatechin-4,8-epicatechin, (+)-gallocatechin-(4Œ±-8)-(-)-epicatechin",C30H26O13,,NMR,"Chemical and Pharmaceutical Bulletin, 1989 ,  vol. 37,  # 1  p. 77 - 85Phytochemistry (Elsevier), 1991 ,  vol. 30,  # 6  p. 2033 - 2040",Natural Product,O[C@@H]1CC2=C(O[C@@H]1C1=CC=C(O)C(O)=C1)C([C@H]1[C@H](O)[C@H](OC3=CC(O)=CC(O)=C13)C1=CC(O)=C(O)C(O)=C1)=C(O)C=C2O
"epicatechin-(4Œ≤->8)-gallocatechin, epicatechin-(4Œ≤-8)-gallocatechin, epicatechin(4Œ≤-8)gallocatechin",C30H26O13,,NMR,"Biological and pharmaceutical bulletin, 2002 ,  vol. 25,  # 6  p. 748 - 752Food and Chemical Toxicology, 2004 ,  vol. 42,  # 6  p. 975 - 981Chemistry of Natural Compounds, 1997 ,  vol. 33,  # 2  p. 174 - 178Journal of Natural Products, 2000 ,  vol. 63,  # 11  p. 1507 - 1510Molecules, 2014 ,  vol. 19,  # 2  p. 1775 - 1785",Natural Product,O[C@H]1CC2=C(O[C@@H]1C1=CC(O)=C(O)C(O)=C1)C([C@@H]1[C@@H](O)[C@H](OC3=C1C(O)=CC(O)=C3)C1=CC=C(O)C(O)=C1)=C(O)C=C2O
"epicatechin(4Œ≤->8)epigallocatechin, epicatechin-(4Œ≤,8)-epigallocatechin",C30H26O13,,NMR,"Molecules, 2010 ,  vol. 15,  # 10  p. 7139 - 7152Phytochemistry, 1999 ,  vol. 50,  # 4  p. 689 - 694Chemical and Pharmaceutical Bulletin, 1989 ,  vol. 37,  # 12  p. 3255 - 3263Chemistry of Natural Compounds, 1997 ,  vol. 33,  # 2  p. 165 - 173",Natural Product,O[C@@H]1CC2=C(O[C@@H]1C1=CC(O)=C(O)C(O)=C1)C([C@@H]1[C@@H](O)[C@H](OC3=C1C(O)=CC(O)=C3)C1=CC=C(O)C(O)=C1)=C(O)C=C2O
"epigallocatechin-(4Œ≤->8)-catechin, prodelphinin",C30H26O13,,NMR,"Phytochemistry, 1997 ,  vol. 45,  # 8  p. 1689 - 1696",Natural Product,O[C@H]1CC2=C(O[C@@H]1C1=CC=C(O)C(O)=C1)C([C@@H]1[C@@H](O)[C@H](OC3=C1C(O)=CC(O)=C3)C1=CC(O)=C(O)C(O)=C1)=C(O)C=C2O
"epigallocatechin-(4Œ≤,8)-epicatechin, epigallocatechin-(4Œ≤-8)-epicatechin, epigallocatechin(4Œ≤-8)epicatechin",C30H26O13,,NMR,"Molecules, 2010 ,  vol. 15,  # 10  p. 7139 - 7152Food and Chemical Toxicology, 2004 ,  vol. 42,  # 6  p. 975 - 981Biological and pharmaceutical bulletin, 2002 ,  vol. 25,  # 6  p. 748 - 752Chemistry of Natural Compounds, 1997 ,  vol. 33,  # 2  p. 174 - 178",Natural Product,O[C@@H]1CC2=C(O[C@@H]1C1=CC=C(O)C(O)=C1)C([C@@H]1[C@@H](O)[C@H](OC3=CC(O)=CC(O)=C13)C1=CC(O)=C(O)C(O)=C1)=C(O)C=C2O
"Gallocatechin-(4Œ±->8)-catechin, gallocatechin-(4Œ±,8)-catechin, gallocatechin-(4Œ±-8)-catechin, prodelphinidin B3, prodelphinidin C",C30H26O13,,NMR,"Tetrahedron, 2013 ,  vol. 69,  # 17  p. 3543 - 3550Phytochemistry (Elsevier), 1982 ,  vol. 21,  # 12  p. 2953 - 2958Phytochemistry (Elsevier), 1987 ,  vol. 26,  # 6  p. 1825 - 1830",Natural Product,O[C@H]1CC2=C(O[C@@H]1C1=CC=C(O)C(O)=C1)C([C@H]1[C@H](O)[C@H](OC3=C1C(O)=CC(O)=C3)C1=CC(O)=C(O)C(O)=C1)=C(O)C=C2O
gallocatechin-(4Œ±‚Üí6)-catechin,C30H26O13,,NMR,"Phytochemistry (Elsevier), 1987 ,  vol. 26,  # 6  p. 1825 - 1830",Natural Product,O[C@H]1CC2=C(O[C@@H]1C1=CC=C(O)C(O)=C1)C=C(O)C([C@H]1[C@H](O)[C@H](OC3=C1C(O)=CC(O)=C3)C1=CC(O)=C(O)C(O)=C1)=C2O
"(+)-gallocatechin-(4Œ±->8')-epigallocatechin, gallocatechin(4Œ±->8)epigalocatechin, gallocatechin-(4Œ±,8)-epigallocatechin, gallocatechin-(4Œ±-8)-epigallocatechin, prodelphinidin B-4, Gallocatechin-(4Œ±->8)-epigallocatechin",C30H26O14,,NMR,"Molecules, 2010 ,  vol. 15,  # 10  p. 7139 - 7152Phytochemistry, 2000 ,  vol. 54,  # 5  p. 539 - 548Phytochemistry (Elsevier), 1992 ,  vol. 31,  # 3  p. 971 - 974Phytochemistry, 1997 ,  vol. 45,  # 8  p. 1689 - 1696",Natural Product,O[C@@H]1CC2=C(O[C@@H]1C1=CC(O)=C(O)C(O)=C1)C([C@H]1[C@H](O)[C@H](OC3=C1C(O)=CC(O)=C3)C1=CC(O)=C(O)C(O)=C1)=C(O)C=C2O
"(+)-gallocatechin-(4Œ±-8)-(+)-gallocatechin, Gallocatechin-(4Œ±->8)-gallocatechin, gallocatechin(4Œ±->8)gallocatechin, gallocatechin-(4Œ±-8)-gallocatechin, prodelphinidin B3",C30H26O14,,NMR,"Phytochemistry (Elsevier), 1987 ,  vol. 26,  # 6  p. 1825 - 1830",Natural Product,O[C@H]1CC2=C(O[C@@H]1C1=CC(O)=C(O)C(O)=C1)C([C@H]1[C@H](O)[C@H](OC3=C1C(O)=CC(O)=C3)C1=CC(O)=C(O)C(O)=C1)=C(O)C=C2O
gallocatechin-(4Œ±->6)-epigallocatechin,C30H26O14,,NMR,"Phytochemistry (Elsevier), 1991 ,  vol. 30,  # 6  p. 2033 - 2040",Natural Product,O[C@H]1CC2=C(O[C@H]1C1=CC(O)=C(O)C(O)=C1)C=C(O)C([C@H]1[C@H](O)[C@H](OC3=CC(O)=CC(O)=C13)C1=CC(O)=C(O)C(O)=C1)=C2O
"Gallocatechin-(4Œ±->6)-gallocatechin, gallocatechin-(4Œ±,6)-gallocatechin",C30H26O14,,NMR,"Molecules, 2010 ,  vol. 15,  # 10  p. 7139 - 7152",Natural Product,O[C@H]1CC2=C(O[C@@H]1C1=CC(O)=C(O)C(O)=C1)C=C(O)C([C@H]1[C@H](O)[C@H](OC3=C1C(O)=CC(O)=C3)C1=CC(O)=C(O)C(O)=C1)=C2O
isotheasinensin C,C30H26O14,,NMR,"Tetrahedron, 2013 ,  vol. 69,  # 42  p. 8952 - 8958",Natural Product,O[C@@H]1CC2=C(O[C@@H]1C1=CC(O)=C(O)C(O)=C1C1=C(C=C(O)C(O)=C1O)[C@H]1OC3=CC(O)=CC(O)=C3C[C@@H]1O)C=C(O)C=C2O
neotheasinensin E,C30H26O14,,NMR,"Tetrahedron, 2013 ,  vol. 69,  # 42  p. 8952 - 8958",,O[C@@H]1CC2=C(O[C@H]1C1=CC(O)=C(O)C(O)=C1C1=C(C=C(O)C(O)=C1O)[C@H]1OC3=CC(O)=CC(O)=C3C[C@@H]1O)C=C(O)C=C2O
"prodelphinidin B-5, epigallocatechin-(4Œ≤‚Üí6)-gallocatechin",C30H26O14,,NMR,"Phytochemistry (Elsevier), 1983 ,  vol. 22,  # 1  p. 237 - 242",Natural Product,O[C@@H]1CC2=C(O[C@@H]1C1=CC(O)=C(O)C(O)=C1)C=C(O)C([C@@H]1[C@@H](O)[C@H](OC3=C1C(O)=CC(O)=C3)C1=CC(O)=C(O)C(O)=C1)=C2O
"prodelphinidin B1, epigallocatechin-(4Œ≤->8)-gallocatechin",C30H26O14,,NMR,"Tetrahedron Letters, 2013 ,  vol. 54,  # 52  p. 7188 - 7192",Natural Product,O[C@H]1CC2=C(O[C@@H]1C1=CC(O)=C(O)C(O)=C1)C([C@@H]1[C@@H](O)[C@H](OC3=C1C(O)=CC(O)=C3)C1=CC(O)=C(O)C(O)=C1)=C(O)C=C2O
"prodelphinidin B2, prodelphinidin B-2",C30H26O14,,NMR,"Phytochemistry (Elsevier), 1983 ,  vol. 22,  # 1  p. 237 - 242Journal of the Chemical Society, Perkin Transactions 1: Organic and Bio-Organic Chemistry (1972-1999), 1994 ,  # 20  p. 3013 - 3022Chemistry of Natural Compounds, 1994 ,  vol. 30,  # 2  p. 214 - 222Tetrahedron Letters, 2013 ,  vol. 54,  # 52  p. 7188 - 7192",Natural Product,O[C@@H]1CC2=C(O[C@@H]1C1=CC(O)=C(O)C(O)=C1)C([C@@H]1[C@@H](O)[C@H](OC3=C1C(O)=CC(O)=C3)C1=CC(O)=C(O)C(O)=C1)=C(O)C=C2O
"theasinensin E, theasinensin C",C30H26O14,,NMR,"Chemical and Pharmaceutical Bulletin, 1988 ,  vol. 36,  # 5  p. 1676 - 1684Chemical and Pharmaceutical Bulletin, 1983 ,  vol. 31,  # 11  p. 3906 - 3914",Natural Product,O[C@@H]1CC2=C(O[C@@H]1C1=CC(O)=C(O)C(O)=C1C1=C(C=C(O)C(O)=C1O)[C@@H]1OC3=CC(O)=CC(O)=C3C[C@@H]1O)C=C(O)C=C2O
"(2S)-7,4'-dihydroxyflavan-(4Œ≤->8)-epiafzelechin",C30H26O8,,NMR,"Chemical and Pharmaceutical Bulletin, 1988 ,  vol. 36,  # 1  p. 39 - 47",Natural Product,O[C@@H]1CC2=C(O[C@@H]1C1=CC=C(O)C=C1)C([C@@H]1C[C@H](OC3=CC(O)=CC=C13)C1=CC=C(O)C=C1)=C(O)C=C2O
prodistenidin B-2,C30H26O8,,NMR,"Chemical & Pharmaceutical Bulletin, 1988 ,  vol. 36,  # 11  p. 4301 - 4306",Natural Product,O[C@@H]1CC2=C(O[C@@H]1C1=CC=CC=C1)C([C@@H]1[C@@H](O)[C@H](OC3=CC(O)=CC(O)=C13)C1=CC=CC=C1)=C(O)C=C2O
calodenin C,C30H26O9,,NMR,"Planta Medica, 1998 ,  vol. 64,  # 8  p. 760 - 761",Natural Product,O[C@@H]1CC2=C(O[C@H]1C1=CC=C(O)C=C1)C([C@H]1[C@H](O)[C@H](OC3=CC(O)=CC=C13)C1=CC=C(O)C=C1)=C(O)C=C2O
"3,3'-di-O-galloyl prodelphinidin B-5, prodelphinidin B-5 3,3'-di-O-gallate, 3,3'-di-O-galloylprodelphinidin B-5",C37H30H18,,NMR,"Phytochemistry (Elsevier), 1983 ,  vol. 22,  # 1  p. 237 - 242",Natural Product,OC1=CC(O)=C2[C@@H]([C@@H](OC(=O)C3=CC(O)=C(O)C(O)=C3)[C@H](OC2=C1)C1=CC(O)=C(O)C(O)=C1)C1=C(O)C2=C(O[C@@H]([C@@H](C2)OC(=O)C2=CC(O)=C(O)C(O)=C2)C2=CC(O)=C(O)C(O)=C2)C=C1O
"(-)-epicatechin 3-O-gallate(4Œ≤-6) (-)-epigallocatechin 3-O-gallate, epicatechin 3-O-gallate-(4Œ≤->6)-epigallocatechin 3-O-gallate",C44H34O21,,NMR,"Chemical and Pharmaceutical Bulletin, 1989 ,  vol. 37,  # 12  p. 3255 - 3263",Natural Product,OC1=CC(O)=C2[C@@H]([C@@H](OC(=O)C3=CC(O)=C(O)C(O)=C3)[C@H](OC2=C1)C1=CC(O)=C(O)C=C1)C1=C(O)C2=C(O[C@@H]([C@@H](C2)OC(=O)C2=CC(O)=C(O)C(O)=C2)C2=CC(O)=C(O)C(O)=C2)C=C1O
"(-)-epigallocatechin 3-O-gallate(4Œ≤-6) (-)-epicatechin 3-O-gallate, epigallocatechin 3-O-gallate-(4Œ≤->6)-epicatechin 3-O-gallate",C44H34O21,,NMR,"Chemical and Pharmaceutical Bulletin, 1989 ,  vol. 37,  # 12  p. 3255 - 3263",Natural Product,OC1=CC(O)=C2[C@@H]([C@@H](OC(=O)C3=CC(O)=C(O)C(O)=C3)[C@H](OC2=C1)C1=CC(O)=C(O)C(O)=C1)C1=C(O)C2=C(O[C@@H]([C@@H](C2)OC(=O)C2=CC(O)=C(O)C(O)=C2)C2=CC(O)=C(O)C=C2)C=C1O
"ent-epiafzelechin-(2Œ±‚ÜíO‚Üí7',4Œ±‚Üí8')-ent-epiafzelechin-(2'Œ±‚ÜíO‚Üí7'',4'Œ±‚Üí8'')-ent-afzelechin",C45H34O15,,NMR,"Journal of Natural Products, 2013 ,  vol. 76,  # 10  p. 1881 - 1888",Natural Product,O[C@@H]1CC2=C(O)C=C3O[C@]4(OC5=C6[C@H]7[C@H](O)[C@](OC8=CC(O)=CC(O)=C78)(OC6=CC(O)=C5[C@H]([C@@H]4O)C3=C2O[C@H]1C1=CC=C(O)C=C1)C1=CC=C(O)C=C1)C1=CC=C(O)C=C1
"epi-afzelechin-(4Œ≤->8,2Œ≤->O->7)-afzelechin-(4Œ≤->8,2Œ≤->O->7)-afzelechin, geranin D, epiafzelechin-(2Œ≤->O->7,4Œ≤->8)-afzelechin-(2Œ≤->O->7,4Œ≤->8)-afzelechin",C45H34O15,,NMR,"Planta Medica, 2001 ,  vol. 67,  # 7  p. 677 - 680",Natural Product,O[C@H]1CC2=C(O)C=C3O[C@@]4(OC5=C(C([C@@H]4O)C3=C2O[C@@H]1C1=CC=C(O)C=C1)C(O)=CC1=C5[C@@H]2[C@@H](O)[C@@](OC3=CC(O)=CC(O)=C23)(O1)C1=CC=C(O)C=C1)C1=CC=C(O)C=C1
"ent-epiafzelechin-(2Œ±‚ÜíO‚Üí7',4Œ±‚Üí8')-ent-epicatechin-(2'Œ±‚ÜíO‚Üí7'',4'Œ±‚Üí8'')-ent-afzelechin",C45H34O16,,NMR,"Journal of Natural Products, 2013 ,  vol. 76,  # 10  p. 1881 - 1888",Natural Product,O[C@@H]1CC2=C(O)C=C3O[C@]4(OC5=C6[C@H]7[C@H](O)[C@](OC8=CC(O)=CC(O)=C78)(OC6=CC(O)=C5[C@H]([C@@H]4O)C3=C2O[C@H]1C1=CC=C(O)C=C1)C1=CC=C(O)C=C1)C1=CC=C(O)C(O)=C1
aesculitannin C,C45H34O18,,NMR,"Chemical & Pharmaceutical Bulletin, 1987 ,  vol. 35,  # 12  p. 4717 - 4729Journal of Natural Products, 2002 ,  vol. 65,  # 4  p. 505 - 508; Journal of Natural Products, 2002 ,  vol. 65,  # 4  p. 505 - 508",Natural Product,O[C@@H]1CC2=C(O)C=C3O[C@@]4(OC5=C6[C@@H]7[C@@H](O)[C@@](OC8=CC(O)=CC(O)=C78)(OC6=CC(O)=C5[C@@H]([C@H]4O)C3=C2O[C@@H]1C1=CC=C(O)C(O)=C1)C1=CC(O)=C(O)C=C1)C1=CC=C(O)C(O)=C1
"epicatechin-(2b‚ÜíO‚Üí7,4b‚Üí6)-epicatechin-(2b‚ÜíO‚Üí7, 4b‚Üí8)-epicatechin",C45H34O18,,NMR,"Chemical and Pharmaceutical Bulletin, 2001 ,  vol. 49,  # 5  p. 551 - 557",Natural Product,O[C@@H]1CC2=C(O)C=C3O[C@@]4(OC5=C([C@@H]([C@H]4O)C3=C2O[C@@H]1C1=CC=C(O)C(O)=C1)C(*)=C1[C@@H]2[C@@H](O)[C@@](OC3=CC(O)=CC(O)=C23)(OC1=C5)C1=CC(O)=C(O)C=C1)C1=CC(O)=C(O)C=C1
"epicatechin-(2Œ≤->O->7,4Œ≤->8)-epicatechin-(4Œ≤->6, 2bO5)-epicatechin, ixoratannin A-2",C45H34O18,,NMR,"Phytochemistry, 2010 ,  vol. 71,  # 17-18  p. 2092 - 2098",Natural Product,O[C@@H]1CC2=C3O[C@@]4(OC5=CC(O)=CC(O)=C5[C@@H]([C@H]4O)C3=C3O[C@@]4(OC5=CC(O)=CC(O)=C5[C@@H]([C@H]4O)C3=C2O[C@@H]1C1=CC=C(O)C(O)=C1)C1=CC=C(O)C(O)=C1)C1=CC=C(O)C(O)=C1
"pavetannin B7, epicatechin-(4b->8, 2fb->O7)- ent-epicatechin-(4a->8,2a->O7)-ent-catechin.",C45H34O18,,NMR,"Phytochemistry, 1995 ,  vol. 38,  # 3  p. 719 - 723",,O[C@@H]1CC2=C(O)C=C3O[C@]4(OC5=C6[C@@H]7[C@@H](O)[C@@](OC8=CC(O)=CC(O)=C78)(OC6=CC(O)=C5[C@H]([C@@H]4O)C3=C2O[C@H]1C1=CC=C(O)C(O)=C1)C1=CC(O)=C(O)C=C1)C1=CC=C(O)C(O)=C1
"epiafzelechin-(4Œ≤->8,2Œ≤->O->7)-epiafzelechin-(4Œ±->8)-epiafzelechin",C45H36O15,,NMR,"Chemical and Pharmaceutical Bulletin, 1990 ,  vol. 38,  # 4  p. 856 - 860",Natural Product,O[C@@H]1CC2=C(O[C@@H]1C1=CC=C(O)C=C1)C([C@@H]1[C@@H](O)[C@H](OC3=C1C(O)=CC1=C3[C@@H]3[C@@H](O)[C@@](OC4=C3C(O)=CC(O)=C4)(O1)C1=CC=C(O)C=C1)C1=CC=C(O)C=C1)=C(O)C=C2O
"selligueain, ent-epiafzelechin-(4b->8, 2b->O7)-epicatechin-(4b->8)-catechin",C45H36O15,,NMR,"Planta Medica, 1997 ,  vol. 63,  # 6  p. 511 - 517Journal of Natural Products (Lloydia), 1993 ,  vol. 56,  # 9  p. 1532 - 1538",Natural Product,O[C@H]1CC2=C(O)C=C(O)C([C@@H]3[C@@H](O)[C@H](OC4=C5[C@@H]6[C@@H](O)[C@@](OC7=CC(O)=CC(O)=C67)(OC5=CC(O)=C34)C3=CC=C(O)C=C3)C3=CC=C(O)C=C3)=C2O[C@@H]1C1=CC=C(O)C=C1
"epiafzelechin-(4Œ≤->8,2Œ≤->O->7)-epiafzelechin-(4Œ±->8)-epicatechin",C45H36O16,,NMR,"Chemical and Pharmaceutical Bulletin, 1990 ,  vol. 38,  # 4  p. 856 - 860",Natural Product,O[C@@H]1CC2=C(O[C@@H]1C1=CC(O)=C(O)C=C1)C([C@@H]1[C@@H](O)[C@H](OC3=C1C(O)=CC1=C3[C@@H]3[C@@H](O)[C@@](OC4=C3C(O)=CC(O)=C4)(O1)C1=CC=C(O)C=C1)C1=CC=C(O)C=C1)=C(O)C=C2O
"epicatechin-(4Œ≤->8,2Œ≤->O->7)-epiafzelechin-(4Œ±->8)-epiafzelechin",C45H36O16,,NMR,"Chemical and Pharmaceutical Bulletin, 1990 ,  vol. 38,  # 4  p. 856 - 860",Natural Product,O[C@@H]1CC2=C(O)C=C(O)C([C@@H]3[C@@H](O)[C@H](OC4=C5[C@@H]6[C@@H](O)[C@@](OC7=CC(O)=CC(O)=C67)(OC5=CC(O)=C34)C3=CC(O)=C(O)C=C3)C3=CC=C(O)C=C3)=C2O[C@@H]1C1=CC=C(O)C=C1
"eepicatechin-(4Œ≤->8,2Œ≤->O->7)-epiafzelechin-(4Œ±->8)-epicatechin, epicatechin-(2Œ≤->7,4Œ≤->8)-epiafzelechin-(4Œ±->8)-epicatechin",C45H36O17,,NMR,"Chemical and Pharmaceutical Bulletin, 1990 ,  vol. 38,  # 4  p. 856 - 860",Natural Product,O[C@@H]1CC2=C(OC1C1=CC=C(O)C=C1)C([C@@H]1[C@@H](O)[C@H](OC3=C4[C@@H]5[C@@H](O)[C@@](OC6=CC(O)=CC(O)=C56)(OC4=CC(O)=C13)C1=CC=C(O)C(O)=C1)C1=CC=C(O)C=C1)=C(O)C=C2O
"epicatechin-(4Œ≤->8,2Œ≤->O->7)-epicatechin-(4Œ±->8)-epiafzelechin",C45H36O17,,NMR,"Chemical and Pharmaceutical Bulletin, 1990 ,  vol. 38,  # 4  p. 856 - 860",Natural Product,C[C@@H]1[C@@H]2C3=C(O)C=C(O)C=C3O[C@]1(OC1=CC(O)=C3[C@@H]([C@@H](O)[C@H](OC3=C21)C1=CC(O)=C(O)C=C1)C1=C2O[C@@H]([C@H](O)CC2=C(O)C=C1O)C1=CC=C(O)C=C1)C1=CC=C(O)C(O)=C1
"epiafzelechin-(4Œ≤->8,2Œ≤->O->7)-epicatechin-(4Œ±->8)-epicatechin",C45H36O17 ,,NMR,"Chemical and Pharmaceutical Bulletin, 1990 ,  vol. 38,  # 4  p. 856 - 860",Natural Product,O[C@@H]1CC2=C(O)C=C(O)C([C@@H]3[C@@H](O)[C@H](OC4=C5[C@@H]6[C@@H](O)[C@@](OC7=CC(O)=CC(O)=C67)(OC5=CC(O)=C34)C3=CC=C(O)C=C3)C3=CC(O)=C(O)C=C3)=C2O[C@@H]1C1=CC=C(O)C(O)=C1
" aesculitannin B, epicatechin-(2b‚ÜíO‚Üí7, 4b‚Üí8)-epicatechin-(4b‚Üí 8)-epicatechin",C45H36O18,,NMR,"Journal of Natural Products, 2010 ,  vol. 73,  # 8  p. 1375 - 1380Chemical and Pharmaceutical Bulletin, 2001 ,  vol. 49,  # 5  p. 551 - 557Chemical & Pharmaceutical Bulletin, 1987 ,  vol. 35,  # 12  p. 4717 - 4729",Natural Product,O[C@@H]1CC2=C(O[C@@H]1C1=CC=C(O)C(O)=C1)C([C@@H]1[C@@H](O)[C@@H](OC3=C4[C@@H]5[C@@H](O)[C@@](OC6=CC(O)=CC(O)=C56)(OC4=CC(O)=C13)C1=CC=C(O)C(O)=C1)C1=CC(O)=C(O)C=C1)=C(O)C=C2O
"cinnamtannin D-1, epicatechin-(2Œ≤->O->7, 4Œ≤->8)-epicatechin-(4Œ≤->8)-catechin, cinnamtannin D1",C45H36O18,,NMR,"Journal of Natural Products, 2011 ,  vol. 74,  # 9  p. 1833 - 1841Journal of Natural Products, 2010 ,  vol. 73,  # 8  p. 1375 - 1380Heterocycles, 2003 ,  vol. 60,  # 7  p. 1697 - 1708Phytochemistry (Elsevier), 1991 ,  vol. 30,  # 12  p. 4129 - 4136Chemical and Pharmaceutical Bulletin, 1985 ,  vol. 33,  # 10  p. 4338 - 4345Journal of Agricultural and Food Chemistry, 2013 ,  vol. 61,  # 37  p. 8814 - 8820Natural Product Research, 2014 ,  vol. 28,  # 11  p. 831 - 834",Natural Product,O[C@H]1CC2=C(O[C@@H]1C1=CC=C(O)C(O)=C1)C([C@@H]1[C@@H](O)[C@H](OC3=C4[C@@H]5[C@@H](O)[C@@](OC6=CC(O)=CC(O)=C56)(OC4=CC(O)=C13)C1=CC=C(O)C(O)=C1)C1=CC(O)=C(O)C=C1)=C(O)C=C2O
"epicatechin-(2Œ≤->O->7,4Œ≤->6)-[epicatechin-(4Œ≤->8)]-catechin, epicatechin-(2Œ≤-->O-->7,4Œ≤-->6)-[epicatechin-(4Œ≤-->8)]-catechin",C45H36O18,,NMR,"Phytochemistry, 2004 ,  vol. 65,  # 16  p. 2391 - 2399",Natural Product,O[C@H]1CC2=C(O[C@@H]1C1=CC=C(O)C(O)=C1)C([C@@H]1[C@@H](O)[C@H](OC3=CC(O)=CC(O)=C13)C1=CC=C(O)C(O)=C1)=C1O[C@@]3(OC4=CC(O)=CC(O)=C4[C@@H]([C@H]3O)C1=C2O)C1=CC=C(O)C(O)=C1
"epicatechin-(2Œ≤‚ÜíO‚Üí7,4Œ≤‚Üí8)-[catechin-(6‚Üí4Œ≤)]-epicatechin",C45H36O18,,NMR,"Journal of Agricultural and Food Chemistry, 2013 ,  vol. 61,  # 37  p. 8814 - 8820",Natural Product,O[C@H]1CC2=C(O)C([C@@H]3[C@@H](O)C(OC4=CC(O)=CC(O)=C34)C3=CC(O)=C(O)C=C3)=C3O[C@@]4(OC5=CC(O)=CC(O)=C5[C@@H]([C@H]4O)C3=C2O[C@@H]1C1=CC(O)=C(O)C=C1)C1=CC=C(O)C(O)=C1
"epicatechin-(4Œ±,8)-epicatechin-(4Œ≤,8;2Œ≤,7)-epicatechin",C45H36O18,,NMR,"Phytochemistry (Elsevier), 1995 ,  vol. 38,  # 2  p. 499 - 504",Natural Product,O[C@@H]1CC2=C(O)C=C3O[C@@]4(OC5=C([C@@H]([C@H]4O)C3=C2O[C@@H]1C1=CC=C(O)C(O)=C1)C(O)=CC(O)=C5[C@H]1[C@@H](O)[C@H](OC2=CC(O)=CC(O)=C12)C1=CC=C(O)C(O)=C1)C1=CC(O)=C(O)C=C1
"epicatechin-(4Œ≤->6)-epicatechin-(4Œ≤->8, 2Œ≤->O->7)-catechin",C45H36O18,,NMR,"Chemical & Pharmaceutical Bulletin, 1988 ,  vol. 36,  # 1  p. 33 - 38",Natural Product,O[C@H]1CC2=C(O)C=C3O[C@@]4(OC5=CC(O)=C([C@@H]6[C@@H](O)[C@H](OC7=CC(O)=CC(O)=C67)C6=CC(O)=C(O)C=C6)C(O)=C5[C@@H]([C@H]4O)C3=C2O[C@@H]1C1=CC(O)=C(O)C=C1)C1=CC(O)=C(O)C=C1
"epicatechin-(4Œ≤->6)-epicatechin-(4Œ≤->8, 2Œ≤->O->7)-epicatechin",C45H36O18,,NMR,"Journal of Natural Products, 2000 ,  vol. 63,  # 9  p. 1225 - 1228",Natural Product,O[C@@H]1CC2=C(O)C=C3O[C@@]4(OC5=CC(O)=C([C@@H]6[C@@H](O)[C@H](OC7=CC(O)=CC(O)=C67)C6=CC(O)=C(O)C=C6)C(O)=C5[C@@H]([C@H]4O)C3=C2O[C@@H]1C1=CC(O)=C(O)C=C1)C1=CC(O)=C(O)C=C1
"epicatechin-(4Œ≤->8,2Œ≤->O->7)-epicatechin-(4Œ≤->8)-epicatechin",C45H36O18,,NMR,"Journal of Natural Products, 2002 ,  vol. 65,  # 4  p. 505 - 508",Natural Product,O[C@@H]1CC2=C(O[C@@H]1C1=CC(O)=C(O)C=C1)C([C@@H]1C(O)[C@@H](OC3=C1C(O)=CC1=C3[C@@H]3[C@@H](O)[C@@](OC4=C3C(O)=CC(O)=C4)(O1)C1=CC=C(O)C(O)=C1)C1=CC(O)=C(O)C=C1)=C(O)C=C2O
"epicatechin-(4Œ≤->8,2Œ≤O->7)-epicatechin-(4Œ≤->8)-epicatechin, epicatechin-(2Œ≤->7,4Œ≤->8)-epicatechin-(4Œ≤->8)-epicatechin, cinnamtannin B1, cinnamtannin B-1, pavetannin B-2",C45H36O18,,NMR,"Phytochemistry (Elsevier), 1991 ,  vol. 30,  # 12  p. 4129 - 4136",Natural Product,O[C@@H]1CC2=C(O[C@@H]1C1=CC=C(O)C(O)=C1)C([C@H]1[C@@H](O)[C@H](OC3=C4[C@@H]5[C@@H](O)[C@@](OC6=CC(O)=CC(O)=C56)(OC4=CC(O)=C13)C1=CC=C(O)C(O)=C1)C1=CC(O)=C(O)C=C1)=C(O)C=C2O
"epicatechin-(4Œ≤->b6)-epicatechin-(4Œ≤->8, 2Œ≤->O->7)-epicatechin, epicatechin-(4Œ≤,8)-epicatechin-(4Œ≤,8;2Œ≤,7)-epicatechin, aesculitannin A",C45H36O18,,NMR,"Phytochemistry (Elsevier), 1995 ,  vol. 38,  # 2  p. 499 - 504Chemical & Pharmaceutical Bulletin, 1987 ,  vol. 35,  # 12  p. 4717 - 4729",Natural Product,O[C@@H]1CC2=C(O)C=C3O[C@@]4(OC5=C([C@@H]([C@H]4O)C3=C2O[C@@H]1C1=CC=C(O)C(O)=C1)C(O)=CC(O)=C5[C@@H]1[C@@H](O)[C@H](OC2=CC(O)=CC(O)=C12)C1=CC=C(O)C(O)=C1)C1=CC(O)=C(O)C=C1
"epicatechin-(4Œ≤,8;2Œ≤,7)-catechin-(4Œ≤,8)-ent-epicatechin",C45H36O18,,NMR,"Phytochemistry (Elsevier), 1995 ,  vol. 38,  # 2  p. 499 - 504",Natural Product,O[C@@H]1CC2=C(O[C@@H]1C1=CC(O)=C(O)C=C1)C([C@@H]1[C@H](O)[C@H](OC3=C1C(O)=CC1=C3[C@@H]3[C@@H](O)[C@@](OC4=C3C(O)=CC(O)=C4)(O1)C1=CC=C(O)C(O)=C1)C1=CC=C(O)C(O)=C1)=C(O)C=C2O
"epicatechin-(4Œ≤,8;2Œ≤,7)-epicatechin-(4Œ±,8)-ent-epicatechin, pavetannin B-1",C45H36O18,,NMR,"Phytochemistry (Elsevier), 1995 ,  vol. 38,  # 2  p. 499 - 504Phytochemistry (Elsevier), 1991 ,  vol. 30,  # 12  p. 4129 - 4136",Natural Product,O[C@H]1CC2=C(O[C@H]1C1=CC=C(O)C(O)=C1)C([C@H]1[C@@H](O)[C@H](OC3=C4[C@@H]5[C@@H](O)[C@@](OC6=CC(O)=CC(O)=C56)(OC4=CC(O)=C13)C1=CC=C(O)C(O)=C1)C1=CC(O)=C(O)C=C1)=C(O)C=C2O
"epicatechin-(4Œ≤‚Üí8)-epicatechin-(2Œ≤‚ÜíO‚Üí7,4Œ≤‚Üí8)-catechin, epicatechin-(4Œ≤->8)-epicatechin-(4Œ≤->8, 2Œ≤->O->7)-catechin",C45H36O18,,NMR,"Chemical & Pharmaceutical Bulletin, 1988 ,  vol. 36,  # 1  p. 33 - 38Journal of Agricultural and Food Chemistry, 2013 ,  vol. 61,  # 37  p. 8814 - 8820",Natural Product,O[C@H]1CC2=C(O)C=C3O[C@@]4(OC5=C([C@@H]([C@H]4O)C3=C2O[C@@H]1C1=CC=C(O)C(O)=C1)C(O)=CC(O)=C5[C@@H]1[C@@H](O)[C@H](OC2=CC(O)=CC(O)=C12)C1=CC=C(O)C(O)=C1)C1=CC(O)=C(O)C=C1
"LDN-0022358, epicatechin-(2Œ≤->O->7,4Œ≤->8)-epicatechin-(5->O->2Œ≤,6->4Œ≤)-epicatechin, epicatechin-(4Œ≤->8,2Œ≤->O->7)-epicatechin-(4Œ±->8)-epicatechin, epicatechin-(4Œ≤->8,2Œ≤->O->7)-epicatechin-(4Œ≤->8)-epicatechin, epicatechin-(4Œ≤->8, 2Œ≤->7)epicatechin-(4Œ±->8)-epicatechin, cinnamtannin B1, cinnamtannin B-1",C45H36O18,,NMR,"Journal of Natural Products, 2011 ,  vol. 74,  # 9  p. 1833 - 1841Journal of Natural Products, 2010 ,  vol. 73,  # 8  p. 1375 - 1380Phytochemistry, 2010 ,  vol. 71,  # 17-18  p. 2092 - 2098Chemical and Pharmaceutical Bulletin, 1991 ,  vol. 39,  # 1  p. 55 - 59Chemical and Pharmaceutical Bulletin, 2001 ,  vol. 49,  # 5  p. 551 - 557Journal of Medicinal Chemistry, 2007 ,  vol. 50,  # 16  p. 3937 - 3944Phytochemistry (Elsevier), 1991 ,  vol. 30,  # 12  p. 4129 - 4136Journal of the Chemical Society, Perkin Transactions 1: Organic and Bio-Organic Chemistry (1972-1999), 1983 , p. 2139 - 2145Natural Product Research, 2014 ,  vol. 28,  # 11  p. 831 - 834",Natural Product,O[C@@H]1CC2=C(O)C=C(O)C([C@@H]3[C@@H](O)[C@H](OC4=C5[C@@H]6[C@@H](O)[C@@](OC7=CC(O)=CC(O)=C67)(OC5=CC(O)=C34)C3=CC(O)=C(O)C=C3)C3=CC=C(O)C(O)=C3)=C2O[C@@H]1C1=CC=C(O)C(O)=C1
"pavetannin B-3, epicatechin-(4b->6,2b->O->7)-epicatechin-(4b->8)-epicatechin",C45H36O18,,NMR,"Phytochemistry (Elsevier), 1991 ,  vol. 30,  # 12  p. 4129 - 4136",Natural Product,O[C@@H]1CC2=C(O)C=C(O)C([C@@H]3[C@@H](O)[C@H](OC4=CC5=C([C@@H]6[C@@H](O)[C@@](OC7=CC(O)=CC(O)=C67)(O5)C5=CC(O)=C(O)C=C5)C(O)=C34)C3=CC(O)=C(O)C=C3)=C2O[C@@H]1C1=CC=C(O)C(O)=C1
"pavetannin B-5, epicatechin-(4b->6,2b->O->7)-catechin-(4b->8)-epicatechin",C45H36O18,,NMR,"Phytochemistry (Elsevier), 1991 ,  vol. 30,  # 12  p. 4129 - 4136",Natural Product,O[C@@H]1CC2=C(O)C=C(O)C([C@@H]3[C@H](O)[C@H](OC4=CC5=C([C@@H]6[C@@H](O)[C@@](OC7=CC(O)=CC(O)=C67)(O5)C5=CC(O)=C(O)C=C5)C(O)=C34)C3=CC(O)=C(O)C=C3)=C2O[C@@H]1C1=CC=C(O)C(O)=C1
"epicatechin-(4Œ≤->8,2Œ≤->O->7)-epicatechin-(4Œ±->8)-epigallocatechin",C45H36O19,,NMR,"Chemical and Pharmaceutical Bulletin, 1990 ,  vol. 38,  # 4  p. 856 - 860",Natural Product,O[C@@H]1CC2=C(OC1C1=CC(O)=C(O)C(O)=C1)C([C@@H]1[C@@H](O)[C@H](OC3=C4[C@@H]5[C@@H](O)[C@@](OC6=CC(O)=CC(O)=C56)(OC4=CC(O)=C13)C1=CC=C(O)C(O)=C1)C1=CC(O)=C(O)C=C1)=C(O)C=C2O
"ephedrannin Tr2, epigallocatechin-(2Œ±‚ÜíO‚Üí7,4Œ±‚Üí8)-epigallocatechin-(4Œ±‚Üí8)-catechin",C45H36O20,,NMR,"Molecules, 2013 ,  vol. 18,  # 5  p. 5172 - 5189",Natural Product,O[C@H]1CC2=C(O)C=C(O)C([C@H]3[C@@H](O)[C@H](OC4=C5[C@H]6[C@H](O)[C@](OC7=CC(O)=CC(O)=C67)(OC5=CC(O)=C34)C3=CC(O)=C(O)C(O)=C3)C3=CC(O)=C(O)C(O)=C3)=C2O[C@@H]1C1=CC=C(O)C(O)=C1
"ephedrannin Tr1 , epigallocatechin-(2Œ≤‚ÜíO‚Üí7,4Œ≤‚Üí8)-epigallocatechin-(4Œ≤‚Üí8)-gallocatechin",C45H36O21 ,,NMR,"Molecules, 2013 ,  vol. 18,  # 5  p. 5172 - 5189",Natural Product,O[C@H]1CC2=C(O)C=C(O)C([C@@H]3[C@@H](O)[C@H](OC4=C5[C@@H]6[C@@H](O)[C@@](OC7=CC(O)=CC(O)=C67)(OC5=CC(O)=C34)C3=CC(O)=C(O)C(O)=C3)C3=CC(O)=C(O)C(O)=C3)=C2O[C@@H]1C1=CC(O)=C(O)C(O)=C1
"procyanidin C4, [4,8:4'',8'']-2,3-cis-3,4-trans: 2'',3''-trans-3'',4''-trans: 2'''',3''''-trans-(-)-epicatechin-(+)-catechin-(+)-catechin, epicatechin-(4Œ≤<*>8)-catechin-(4Œ±<*>8)-catechin, epicatechin-(4Œ≤->8)-catechin-(4Œ±->8)-catechin, arecatannin C-1, epicatechin-(4Œ≤[*]8)-catechin-(4Œ±[*]8)-catechin",C45H38O14,,NMR,"Chemical and Pharmaceutical Bulletin, 1985 ,  vol. 33,  # 8  p. 3293 - 3298Journal of the Chinese Chemical Society, 1996 ,  vol. 43,  # 1  p. 77 - 81Phytochemistry (Elsevier), 1989 ,  vol. 28,  # 6  p. 1743 - 1748Journal of Agricultural and Food Chemistry, 2011 ,  vol. 59,  # 1  p. 62 - 69",Natural Product,O[C@H]1CC2=C(O[C@@H]1C1=CC=C(O)C(O)=C1)C([C@H]1[C@H](O)[C@H](OC3=C1C(O)=CC(O)=C3[C@@H]1[C@@H](O)[C@H](OC3=CC(O)=CC(O)=C13)C1=CC(O)=C(O)C=C1)C1=CC(O)=C(O)C=C1)=C(O)C=C2O
epiafzelechin-(4Œ≤->8)-ent-epiafzelechin-(4Œ±->8)-epiafzelechin,C45H38O15,,NMR,"Chemical and Pharmaceutical Bulletin, 1990 ,  vol. 38,  # 4  p. 888 - 893",Natural Product,O[C@@H]1CC2=C(O[C@@H]1C1=CC=C(O)C=C1)C([C@H]1[C@H](O)[C@@H](OC3=C1C(O)=CC(O)=C3[C@@H]1[C@@H](O)[C@H](OC3=CC(O)=CC(O)=C13)C1=CC=C(O)C=C1)C1=CC=C(O)C=C1)=C(O)C=C2O
epiafzelechin-(4Œ≤->8)-epiafzelechin-(4Œ≤->8)-epiafzelechin,C45H38O15,,NMR,"Chemical and Pharmaceutical Bulletin, 1988 ,  vol. 36,  # 1  p. 39 - 47",Natural Product,O[C@@H]1CC2=C(O)C=C(O)C([C@@H]3[C@@H](O)[C@H](OC4=C([C@@H]5[C@@H](O)[C@H](OC6=CC(O)=CC(O)=C56)C5=CC=C(O)C=C5)C(O)=CC(O)=C34)C3=CC=C(O)C=C3)=C2O[C@@H]1C1=CC=C(O)C=C1
"(2R,3S)-2,3-trans-6-<(2R,3S,4S)-2,3-trans-3,4-trans-3,3',4',7-tetrahydroxyflavan-4-yl>-8-<(2R,3S,4R)-2,3-trans-3,4-cis-3,3',-4',7-tetrahydroxyflavan-4-yl>-3,3',4',5,7-pentahydroxyflavan, (2R,3S)-2,3-trans-6-((2R,3S,4S)-2,3-trans-3,4-trans-3,3',4',7-tetrahydroxyflavan-4-yl)-8-((2R,3S,4R)-2,3-trans-3,4-cis-3,3',-4',7-tetrahydroxyflavan-4-yl)-3,3',4',5,7-pentahydroxyflavan",C45H38O16,,NMR,"Journal of the Chemical Society, Perkin Transactions 1: Organic and Bio-Organic Chemistry (1972-1999), 1985 , p. 2521 - 2528",Natural Product,O[C@H]1CC2=C(O[C@@H]1C1=CC(O)=C(O)C=C1)C([C@@H]1[C@H](O)[C@H](OC3=CC(O)=CC=C13)C1=CC(O)=C(O)C=C1)=C(O)C([C@H]1[C@H](O)[C@H](OC3=CC(O)=CC=C13)C1=CC(O)=C(O)C=C1)=C2O
