NAMES,FORMULA
Acenaphthylene,C12H8
Acephenanthrylene,C16H10
Acridine,C13H9N
Anthanthrene,C22H12
Anthracene,C14H10
"9,10-Anthracenedione",C14H8O2
9(10H)-Anthracenone,C14H10O
Anthraquinone,C14H8O2
Anthrone,C14H10O
Benz[e]acephenanthrylene,C20H12
Benz[c]acridine,C17H11
Benz[a]anthracene,C18H12
7H-Benz[de]anthracen-7-one,C17H10O
Benzanthrone,C17H10O
Benzo[b]chrysene,C22H14
Benzo[c]chrysene,C22H14
Benzo[g]chrysene,C22H14
Benzo[c]cinnoline,C12H8N2
Benzo[a]dibenzothiophene,C16H10S
Benzo[b]fluoranthene,C20H12
Benzo[ghi]fluoranthene,C18H10
Benzo[j]fluoranthene,C20H12
Benzo[k]fluoranthene,C20H12
11H-Benzo[a]fluorene,C17H12
11H-Benzo[b]fluorene,C17H12
7H-Benzo[c]fluorene,C17H12
"Benzo[h]naphtho [1,2-f]quinolene",C21H13
"Benzo[b]naphtho[2, 1-d]thiophene",C16H10
Benzo[rst]pentaphene,C24H14
Benzo[ghi]perylene,C22H12
Benzo[c]phenanthrene,C18H12
Benzo[a]pyrene,C20H12
Benzo[e]pyrene,C20H12
Benzo[f]quinoline,C13H9
Benzo[h]quinoline,C13H9
Benzo[b]triphenylene,C22H14
Biphenylene,C12H8
9H-Carbazole,C12H9
Chrysene,C18H12
Coronene,C24H12
4H-Cyclopenta[def]phenanthrene,C15H10
Cyclopenta[cd]pyrene,C18H10
"Dibenz[a,h]acridine",C21H13
"Dibenz[a,j]acridine",C21H13
"Dibenz[c,h]acridine",C21H13
"Dibenz[a,c]anthracene",C22H14
"Dibenz[a,h]anthracene",C22H14
"Dibenz[a,j]anthracene",C22H14
"7H-Dibenzo[a,g]carbazole",C20H13
"13H-Dibenzo[a,i]carbazole",C20H13
"7H-Dibenzo[c,g]carbazole",C20H13
"Dibenzo[b,def]chrysene",C24H14
"Dibenzo[def,mno]chrysene",C22H12
"Dibenzo[def,p]chrysene",C24H14
"Dibenzo[b,h]phenanthrene",C22H14
"Dibenzo[a,e]pyrene",C24H14
"Dibenzo[a,h]pyrene",C24H14
"Dibenzo[a,i]pyrene",C24H14
"Dibenzo[a,1]pyrene",C24H14
Dibenzothiophene,C12H8S
Fluoranthene,C16H10
9H-Fluorene,C13H10
9H-Fluoren-9-one,C13H8O
"Indeno[1,2,3-cd]pyrene",C22H12
1H-Indole,C8H7N
Isoquinoline,C9H7N
Naphthacene,C18H12
Naphthalene,C10H8
"Naphtho[1,2,3,4-def] chrysene",C24H14
"Naphtho[2,3-f]quinoline",C17H11
Pentaphene,C22H14
Perylene,C20H12
1H-Phenalene,C13H10
Phenanthraquinone,C14H8O2
Phenanthrene,C14H10
"9,10-Phenanthrenedione",C14H8O2
Phenanthridine,C13H9N
"1,10-Phenanthroline",C12H8N2
"Phenanthro[4,5-bcd]thiophene",C14H8S
Phenazine,C12H8N2
Phenazone,C12H8N2
Picene,C22H14
Pyrene,C16H10
Quinoline,C9H7N
Triphenylene,C18H12
9H-Xanthene,C13H10O
