,m/z,Calibrated m/z,Calculated m/z,H/C,O/C,Molecular Formula,C,H,O,S,N,13C,N/C,compound_class,probability
0,661.5366981,661.5355896,661.5353903,1.458333333,0.020833333,C48 H70 O1,48.0,70.0,1.0,0.0,0.0,0.0,0.0,lipid,0.8918457233615584
1,656.4654497,656.4643552,656.4644102,1.657894737,0.157894737,C38 H63 O6 N3,38.0,63.0,6.0,0.0,3.0,0.0,0.07894736842105263,lipid,0.9072030302910324
2,611.5263052,611.5253331,611.5256135,1.945945946,0.162162162,C37 H72 O6,37.0,72.0,6.0,0.0,0.0,0.0,0.0,lipid,0.9046558793852109
3,585.5105796,585.509676,585.5099634,2.0,0.171428571,C35 H70 O6,35.0,70.0,6.0,0.0,0.0,0.0,0.0,lipid,0.9028414254135375
4,585.5084124,585.5075088,585.5074615,1.794871795,0.025641026,C39 H70 O1 S1,39.0,70.0,1.0,1.0,0.0,0.0,0.0,lipid,0.8905738480653774
5,549.2344899,549.2336792,549.2334841,2.1,0.65,C20 H42 O13 S1 N2,20.0,42.0,13.0,1.0,2.0,0.0,0.1,amino_sugar,0.8789687799064276
6,547.2194711,547.2186654,547.2184854,1.285714286,0.392857143,C28 H36 O11,28.0,36.0,11.0,0.0,0.0,0.0,0.0,lignin,0.9075129535491412
7,545.2400911,545.2392904,545.2392209,1.310344828,0.344827586,C29 H38 O10,29.0,38.0,10.0,0.0,0.0,0.0,0.0,lignin,0.9067896596028013
8,539.5052657,539.5044794,539.5044841,2.0,0.117647059,C34 H68 O4,34.0,68.0,4.0,0.0,0.0,0.0,0.0,lipid,0.9060478116998351
9,533.2764666,533.2756957,533.2756064,1.448275862,0.310344828,C29 H42 O9,29.0,42.0,9.0,0.0,0.0,0.0,0.0,lignin,0.7564187452423319
10,533.2398584,533.2390877,533.2392209,1.357142857,0.357142857,C28 H38 O10,28.0,38.0,10.0,0.0,0.0,0.0,0.0,lignin,0.905334719201736
11,531.2242605,531.2234947,531.2235708,1.285714286,0.357142857,C28 H36 O10,28.0,36.0,10.0,0.0,0.0,0.0,0.0,lignin,0.9070886687919198
12,529.2814252,529.2806642,529.2806918,1.4,0.266666667,C30 H42 O8,30.0,42.0,8.0,0.0,0.0,0.0,0.0,lignin,0.9042265188057497
13,520.2557277,520.2549889,520.2552053,1.444444444,0.333333333,C27 H39 O9 N1,27.0,39.0,9.0,0.0,1.0,0.0,0.037037037037037035,lipid,0.8922474019841371
14,519.2240534,519.2233171,519.2235708,1.333333333,0.37037037,C27 H36 O10,27.0,36.0,10.0,0.0,0.0,0.0,0.0,lignin,0.9058669822185464
15,517.2815609,517.2808293,517.2806918,1.448275862,0.275862069,C29 H42 O8,29.0,42.0,8.0,0.0,0.0,0.0,0.0,lipid,0.5778138308076771
16,517.2082132,517.2074818,517.2072693,2.0,0.631578947,C19 H38 O12 S1 N2,19.0,38.0,12.0,1.0,2.0,0.0,0.10526315789473684,amino_sugar,0.8795907962600904
17,515.2292828,515.2285562,515.2286562,1.285714286,0.321428571,C28 H36 O9,28.0,36.0,9.0,0.0,0.0,0.0,0.0,lignin,0.906380743525592
18,513.2502566,513.2495348,513.2493916,1.310344828,0.275862069,C29 H38 O8,29.0,38.0,8.0,0.0,0.0,0.0,0.0,lignin,0.904334616705943
19,511.4737718,511.4730544,511.473184,2.0,0.125,C32 H64 O4,32.0,64.0,4.0,0.0,0.0,0.0,0.0,lipid,0.9059248514837307
20,505.2452606,505.2445582,505.2443063,1.407407407,0.333333333,C27 H38 O9,27.0,38.0,9.0,0.0,0.0,0.0,0.0,lignin,0.9047955015649579
21,503.2293915,503.228694,503.2286562,1.333333333,0.333333333,C27 H36 O9,27.0,36.0,9.0,0.0,0.0,0.0,0.0,lignin,0.9065130607377754
22,501.250117,501.2494242,501.2493916,1.357142857,0.285714286,C28 H38 O8,28.0,38.0,8.0,0.0,0.0,0.0,0.0,lignin,0.90494871247797
23,493.2088169,493.2081433,493.2079208,1.36,0.4,C25 H34 O10,25.0,34.0,10.0,0.0,0.0,0.0,0.0,lignin,0.9055046000508483
24,491.2295382,491.2288693,491.2286562,1.384615385,0.346153846,C26 H36 O9,26.0,36.0,9.0,0.0,0.0,0.0,0.0,lignin,0.9050525615994497
25,489.1772844,489.1766204,489.1766206,1.2,0.4,C25 H30 O10,25.0,30.0,10.0,0.0,0.0,0.0,0.0,lignin,0.9100220258388896
26,487.2341715,487.2335121,487.2337416,1.333333333,0.296296296,C27 H36 O8,27.0,36.0,8.0,0.0,0.0,0.0,0.0,lignin,0.9055667124672186
27,485.2549253,485.2542706,485.254477,1.357142857,0.25,C28 H38 O7,28.0,38.0,7.0,0.0,0.0,0.0,0.0,lignin,0.9030545826621761
28,485.2189649,485.2183103,485.2180915,1.259259259,0.296296296,C27 H34 O8,27.0,34.0,8.0,0.0,0.0,0.0,0.0,lignin,0.9053638604836376
29,481.1720729,481.1714278,481.1715353,1.304347826,0.47826087,C23 H30 O11,23.0,30.0,11.0,0.0,0.0,0.0,0.0,lignin,0.9064457131123855
30,481.1638826,481.1632375,481.1631601,0.764705882,0.029411765,C34 H26 O1 S1,34.0,26.0,1.0,1.0,0.0,0.0,0.0,pah,0.9289447853117379
31,479.1565397,479.1558993,479.1558852,1.217391304,0.47826087,C23 H28 O11,23.0,28.0,11.0,0.0,0.0,0.0,0.0,lignin,0.908981452568054
32,477.2498703,477.2492343,477.2493916,1.461538462,0.307692308,C26 H38 O8,26.0,38.0,8.0,0.0,0.0,0.0,0.0,lignin,0.7563396055787484
33,475.1617357,475.1611047,475.1609706,1.166666667,0.416666667,C24 H28 O10,24.0,28.0,10.0,0.0,0.0,0.0,0.0,lignin,0.9101366310265361
34,473.3852969,473.38467,473.3847629,2.0,0.222222222,C27 H54 O6,27.0,54.0,6.0,0.0,0.0,0.0,0.0,lipid,0.896879352106678
35,473.1821605,473.1815341,473.181706,1.2,0.36,C25 H30 O9,25.0,30.0,9.0,0.0,0.0,0.0,0.0,lignin,0.9098093247012062
36,467.2290424,467.2284298,467.2286562,1.5,0.375,C24 H36 O9,24.0,36.0,9.0,0.0,0.0,0.0,0.0,lignin,0.7448147334165314
37,467.1926905,467.1920781,467.1922707,1.391304348,0.434782609,C23 H32 O10,23.0,32.0,10.0,0.0,0.0,0.0,0.0,lignin,0.9044854870425338
38,465.2135143,465.2129064,465.2130061,1.416666667,0.375,C24 H34 O9,24.0,34.0,9.0,0.0,0.0,0.0,0.0,lignin,0.9047154173682126
39,465.140702,465.1400943,465.1402351,1.181818182,0.5,C22 H26 O11,22.0,26.0,11.0,0.0,0.0,0.0,0.0,lignin,0.909322339697338
40,463.1979533,463.19735,463.1973561,1.333333333,0.375,C24 H32 O9,24.0,32.0,9.0,0.0,0.0,0.0,0.0,lignin,0.9059039646170156
41,461.2189001,461.2183014,461.2180915,1.36,0.32,C25 H34 O8,25.0,34.0,8.0,0.0,0.0,0.0,0.0,lignin,0.9059448112033733
42,461.1822251,461.1816265,461.181706,1.25,0.375,C24 H30 O9,24.0,30.0,9.0,0.0,0.0,0.0,0.0,lignin,0.9075261470429469
43,459.2395975,459.2390034,459.238827,1.384615385,0.269230769,C26 H36 O7,26.0,36.0,7.0,0.0,0.0,0.0,0.0,lignin,0.904230898174742
44,459.2028981,459.202304,459.2024415,1.28,0.32,C25 H32 O8,25.0,32.0,8.0,0.0,0.0,0.0,0.0,lignin,0.906346487827163
45,459.1664312,459.1658372,459.1660559,1.166666667,0.375,C24 H28 O9,24.0,28.0,9.0,0.0,0.0,0.0,0.0,lignin,0.909899460734283
46,457.1873532,457.1867637,457.1867914,1.2,0.32,C25 H30 O8,25.0,30.0,8.0,0.0,0.0,0.0,0.0,lignin,0.9094800116229799
47,455.1562995,455.1557147,455.1558852,1.333333333,0.523809524,C21 H28 O11,21.0,28.0,11.0,0.0,0.0,0.0,0.0,lignin,0.904747242027582
48,453.1772954,453.1767151,453.1766206,1.363636364,0.454545455,C22 H30 O10,22.0,30.0,10.0,0.0,0.0,0.0,0.0,lignin,0.904863401711119
49,451.1613977,451.160822,451.1609706,1.272727273,0.454545455,C22 H28 O10,22.0,28.0,10.0,0.0,0.0,0.0,0.0,lignin,0.9069176293079014
50,449.218547,449.2179758,449.2180915,1.416666667,0.333333333,C24 H34 O8,24.0,34.0,8.0,0.0,0.0,0.0,0.0,lignin,0.9046796202784366
51,449.1459074,449.1453363,449.1453205,1.181818182,0.454545455,C22 H26 O10,22.0,26.0,10.0,0.0,0.0,0.0,0.0,lignin,0.9101563508875484
52,447.2395491,447.2389823,447.238827,1.44,0.28,C25 H36 O7,25.0,36.0,7.0,0.0,0.0,0.0,0.0,lignin,0.7559178914292576
53,447.2028369,447.2022702,447.2024415,1.333333333,0.333333333,C24 H32 O8,24.0,32.0,8.0,0.0,0.0,0.0,0.0,lignin,0.9065130607377754
54,447.1304075,447.129841,447.1296704,1.090909091,0.454545455,C22 H24 O10,22.0,24.0,10.0,0.0,0.0,0.0,0.0,lignin,0.8937506632420094
55,445.3539196,445.3533571,445.3534628,2.0,0.24,C25 H50 O6,25.0,50.0,6.0,0.0,0.0,0.0,0.0,lipid,0.8956106439878472
56,445.1874316,445.1868695,445.1867914,1.25,0.333333333,C24 H30 O8,24.0,30.0,8.0,0.0,0.0,0.0,0.0,lignin,0.9069741678249045
57,443.1717844,443.1712268,443.1711413,1.166666667,0.333333333,C24 H28 O8,24.0,28.0,8.0,0.0,0.0,0.0,0.0,lignin,0.9097005124768929
58,441.1773679,441.1768148,441.1766206,1.428571429,0.476190476,C21 H30 O10,21.0,30.0,10.0,0.0,0.0,0.0,0.0,lignin,0.8938235908426364
59,439.197739,439.1971904,439.1973561,1.454545455,0.409090909,C22 H32 O9,22.0,32.0,9.0,0.0,0.0,0.0,0.0,lignin,0.8929846430244096
60,439.125336,439.1247876,439.1245851,1.2,0.55,C20 H24 O11,20.0,24.0,11.0,0.0,0.0,0.0,0.0,lignin,0.909094311237701
61,437.2187512,437.218207,437.2180915,1.47826087,0.347826087,C23 H34 O8,23.0,34.0,8.0,0.0,0.0,0.0,0.0,lignin,0.746878124161575
62,437.1457966,437.1452526,437.1453205,1.238095238,0.476190476,C21 H26 O10,21.0,26.0,10.0,0.0,0.0,0.0,0.0,lignin,0.9073693016423381
63,433.1872444,433.1867093,433.1867914,1.304347826,0.347826087,C23 H30 O8,23.0,30.0,8.0,0.0,0.0,0.0,0.0,lignin,0.9068622058852519
64,433.1146197,433.1140847,433.1140204,1.047619048,0.476190476,C21 H22 O10,21.0,22.0,10.0,0.0,0.0,0.0,0.0,lignin,0.8640754563097582
65,431.2082298,431.207699,431.2075268,1.333333333,0.291666667,C24 H32 O7,24.0,32.0,7.0,0.0,0.0,0.0,0.0,lignin,0.9053661334743472
66,431.1715277,431.170997,431.1711413,1.217391304,0.347826087,C23 H28 O8,23.0,28.0,8.0,0.0,0.0,0.0,0.0,lignin,0.9096137621866391
67,431.0989813,431.0984508,431.0983703,0.952380952,0.476190476,C21 H20 O10,21.0,20.0,10.0,0.0,0.0,0.0,0.0,lignin,0.5712876148577908
68,429.1925985,429.1920723,429.1918768,1.25,0.291666667,C24 H30 O7,24.0,30.0,7.0,0.0,0.0,0.0,0.0,lignin,0.905084276819235
69,427.1977114,427.1971896,427.1973561,1.523809524,0.428571429,C21 H32 O9,21.0,32.0,9.0,0.0,0.0,0.0,0.0,lignin,0.7449858069010874
70,425.1823255,425.1818082,425.181706,1.428571429,0.428571429,C21 H30 O9,21.0,30.0,9.0,0.0,0.0,0.0,0.0,lignin,0.8932564514135949
71,425.1094327,425.1089155,425.108935,1.157894737,0.578947368,C19 H22 O11,19.0,22.0,11.0,0.0,0.0,0.0,0.0,lignin,0.9093595690903499
72,425.0727152,425.0721981,425.0720364,0.322580645,0.032258065,C31 H10 O1 N2,31.0,10.0,1.0,0.0,2.0,0.0,0.06451612903225806,pah,0.9220468850626797
73,423.2030796,423.2025666,423.2024415,1.454545455,0.363636364,C22 H32 O8,22.0,32.0,8.0,0.0,0.0,0.0,0.0,lignin,0.894955086009281
74,423.1667183,423.1662054,423.1660559,1.333333333,0.428571429,C21 H28 O9,21.0,28.0,9.0,0.0,0.0,0.0,0.0,lignin,0.9058548173551466
75,421.2238518,421.2233432,421.2231769,1.47826087,0.304347826,C23 H34 O7,23.0,34.0,7.0,0.0,0.0,0.0,0.0,lipid,0.5670979684432449
76,421.1508156,421.1503071,421.1504059,1.238095238,0.428571429,C21 H26 O9,21.0,26.0,9.0,0.0,0.0,0.0,0.0,lignin,0.908159234933666
77,421.0782205,421.0777123,421.0776349,0.947368421,0.578947368,C19 H18 O11,19.0,18.0,11.0,0.0,0.0,0.0,0.0,lignin,0.570805173829219
78,420.1751145,420.1746082,420.1744962,1.333333333,0.380952381,C21 H28 O8 13C1,22.0,28.0,8.0,0.0,0.0,1.0,0.0,lignin,0.9059471712982461
79,419.1717016,419.1711975,419.1711413,1.272727273,0.363636364,C22 H28 O8,22.0,28.0,8.0,0.0,0.0,0.0,0.0,lignin,0.9072473672000877
80,419.0989444,419.0984405,419.0983703,1.0,0.5,C20 H20 O10,20.0,20.0,10.0,0.0,0.0,0.0,0.0,lignin,0.8622091928559257
81,417.2286056,417.2281058,417.2282623,1.416666667,0.25,C24 H34 O6,24.0,34.0,6.0,0.0,0.0,0.0,0.0,lipid,0.5795584602437588
82,417.1560414,417.1555418,417.1554913,1.181818182,0.363636364,C22 H26 O8,22.0,26.0,8.0,0.0,0.0,0.0,0.0,lignin,0.9098780869423783
83,417.1324195,417.1319199,417.13186,0.75862069,0.034482759,C29 H22 O1 S1,29.0,22.0,1.0,1.0,0.0,0.0,0.0,pah,0.9287893878141688
84,417.0831791,417.0826796,417.0827202,0.9,0.5,C20 H18 O10,20.0,18.0,10.0,0.0,0.0,0.0,0.0,tannin,0.9009444828905236
85,415.2132904,415.212795,415.2126122,1.333333333,0.25,C24 H32 O6,24.0,32.0,6.0,0.0,0.0,0.0,0.0,lignin,0.9032489558799547
86,415.1167227,415.1162275,415.1162099,0.689655172,0.034482759,C29 H20 O1 S1,29.0,20.0,1.0,1.0,0.0,0.0,0.0,pah,0.95951773530845
87,415.103819,415.1033238,415.1034557,0.952380952,0.428571429,C21 H20 O9,21.0,20.0,9.0,0.0,0.0,0.0,0.0,lignin,0.5706603242518941
88,413.1973838,413.1968928,413.1969622,1.25,0.25,C24 H30 O6,24.0,30.0,6.0,0.0,0.0,0.0,0.0,lignin,0.9026726199965422
89,413.1456639,413.145173,413.1453205,1.368421053,0.526315789,C19 H26 O10,19.0,26.0,10.0,0.0,0.0,0.0,0.0,lignin,0.894745722454593
90,413.1096169,413.1091261,413.108935,1.222222222,0.611111111,C18 H22 O11,18.0,22.0,11.0,0.0,0.0,0.0,0.0,lignin,0.9080648310034929
91,413.0884772,413.0879864,413.0878056,0.857142857,0.428571429,C21 H18 O9,21.0,18.0,9.0,0.0,0.0,0.0,0.0,tannin,0.9002442962969541
92,411.2028547,411.2023681,411.2024415,1.523809524,0.380952381,C21 H32 O8,21.0,32.0,8.0,0.0,0.0,0.0,0.0,lignin,0.5946393905942566
93,411.1300751,411.1295887,411.1296704,1.263157895,0.526315789,C19 H24 O10,19.0,24.0,10.0,0.0,0.0,0.0,0.0,lignin,0.9065731582884566
94,409.2235706,409.2230883,409.2231769,1.545454545,0.318181818,C22 H34 O7,22.0,34.0,7.0,0.0,0.0,0.0,0.0,lipid,0.8765500796127746
95,409.1510034,409.1505212,409.1504059,1.3,0.45,C20 H26 O9,20.0,26.0,9.0,0.0,0.0,0.0,0.0,lignin,0.9065774509379322
96,409.1146885,409.1142064,409.1140204,1.157894737,0.526315789,C19 H22 O10,19.0,22.0,10.0,0.0,0.0,0.0,0.0,lignin,0.9092618173629694
97,408.1748085,408.1743285,408.1744962,1.4,0.4,C20 H28 O8 13C1,21.0,28.0,8.0,0.0,0.0,1.0,0.0,lignin,0.9046746339281959
98,407.1869678,407.1864899,407.1863975,1.12,0.2,C25 H28 O5,25.0,28.0,5.0,0.0,0.0,0.0,0.0,lignin,0.9078134766575717
99,407.1715788,407.1711009,407.1711413,1.333333333,0.380952381,C21 H28 O8,21.0,28.0,8.0,0.0,0.0,0.0,0.0,lignin,0.9059471712982461
100,407.0987984,407.0983207,407.0983703,1.052631579,0.526315789,C19 H20 O10,19.0,20.0,10.0,0.0,0.0,0.0,0.0,lignin,0.8638382124790269
101,405.1923565,405.191883,405.1918768,1.363636364,0.318181818,C22 H30 O7,22.0,30.0,7.0,0.0,0.0,0.0,0.0,lignin,0.9059015203200864
102,405.083037,405.0825637,405.0827202,0.947368421,0.526315789,C19 H18 O10,19.0,18.0,10.0,0.0,0.0,0.0,0.0,lignin,0.5709670247669356
103,403.307002,403.3065325,403.3065126,2.0,0.272727273,C22 H44 O6,22.0,44.0,6.0,0.0,0.0,0.0,0.0,lipid,0.8942247473871389
104,403.1401713,403.1397022,403.1398412,1.142857143,0.380952381,C21 H24 O8,21.0,24.0,8.0,0.0,0.0,0.0,0.0,lignin,0.909906711661649
105,401.1611536,401.1606887,401.1605766,1.181818182,0.318181818,C22 H26 O7,22.0,26.0,7.0,0.0,0.0,0.0,0.0,lignin,0.9095613905855926
106,401.0883768,401.0879121,401.0878056,0.9,0.45,C20 H18 O9,20.0,18.0,9.0,0.0,0.0,0.0,0.0,tannin,0.9000539167152544
107,399.1452082,399.1447476,399.1449266,1.090909091,0.318181818,C22 H24 O7,22.0,24.0,7.0,0.0,0.0,0.0,0.0,lignin,0.8952796606021222
108,399.093734,399.0932736,399.0932849,1.176470588,0.647058824,C17 H20 O11,17.0,20.0,11.0,0.0,0.0,0.0,0.0,lignin,0.9292793802200159
109,397.1873887,397.1869324,397.1867914,1.5,0.4,C20 H30 O8,20.0,30.0,8.0,0.0,0.0,0.0,0.0,lignin,0.7443787825031974
110,397.1144982,397.114042,397.1140204,1.222222222,0.555555556,C18 H22 O10,18.0,22.0,10.0,0.0,0.0,0.0,0.0,lignin,0.9073233697477647
111,395.1715396,395.1710876,395.1711413,1.4,0.4,C20 H28 O8,20.0,28.0,8.0,0.0,0.0,0.0,0.0,lignin,0.9046746339281959
112,395.0624017,395.0619499,395.0619848,0.941176471,0.647058824,C17 H16 O11,17.0,16.0,11.0,0.0,0.0,0.0,0.0,lignin,0.5595507212150036
113,393.1921753,393.1917275,393.1918768,1.428571429,0.333333333,C21 H30 O7,21.0,30.0,7.0,0.0,0.0,0.0,0.0,lignin,0.9046465968693076
114,393.0830939,393.0826463,393.0827202,1.0,0.555555556,C18 H18 O10,18.0,18.0,10.0,0.0,0.0,0.0,0.0,lignin,0.572042498478711
115,392.1435719,392.1431264,392.143196,1.263157895,0.421052632,C19 H24 O8 13C1,20.0,24.0,8.0,0.0,0.0,1.0,0.0,lignin,0.9079217765992663
116,391.2131977,391.2127542,391.2126122,1.454545455,0.272727273,C22 H32 O6,22.0,32.0,6.0,0.0,0.0,0.0,0.0,lipid,0.7345674014817966
117,391.1403321,391.1398887,391.1398412,1.2,0.4,C20 H24 O8,20.0,24.0,8.0,0.0,0.0,0.0,0.0,lignin,0.9100220258388896
118,389.2912031,389.2907637,389.2908625,2.0,0.285714286,C21 H42 O6,21.0,42.0,6.0,0.0,0.0,0.0,0.0,lipid,0.8583090115439619
119,389.1245575,389.1241184,389.1241911,1.1,0.4,C20 H22 O8,20.0,22.0,8.0,0.0,0.0,0.0,0.0,lignin,0.9019214850348778
120,389.1010251,389.100586,389.1005598,0.666666667,0.037037037,C27 H18 O1 S1,27.0,18.0,1.0,1.0,0.0,0.0,0.0,pah,0.9593592219880469
121,387.1816836,387.1812486,387.1813121,1.272727273,0.272727273,C22 H28 O6,22.0,28.0,6.0,0.0,0.0,0.0,0.0,lignin,0.9042505564254636
122,387.1301671,387.1297323,387.1296704,1.411764706,0.588235294,C17 H24 O10,17.0,24.0,10.0,0.0,0.0,0.0,0.0,lignin,0.8505756228232324
123,385.1659999,385.1655692,385.165662,1.181818182,0.272727273,C22 H26 O6,22.0,26.0,6.0,0.0,0.0,0.0,0.0,lignin,0.9083941399519461
124,385.1295304,385.1290998,385.1292765,1.047619048,0.333333333,C21 H22 O7,21.0,22.0,7.0,0.0,0.0,0.0,0.0,lignin,0.8436345027992701
125,385.1145627,385.1141322,385.1140204,1.294117647,0.588235294,C17 H22 O10,17.0,22.0,10.0,0.0,0.0,0.0,0.0,lignin,0.9069647719378835
126,385.0782109,385.0777804,385.0776349,1.125,0.6875,C16 H18 O11,16.0,18.0,11.0,0.0,0.0,0.0,0.0,lignin,0.7342526327777466
127,383.1352126,383.1347862,383.1347558,1.333333333,0.5,C18 H24 O9,18.0,24.0,9.0,0.0,0.0,0.0,0.0,lignin,0.9048093243959086
128,383.0989841,383.0985578,383.0983703,1.176470588,0.588235294,C17 H20 O10,17.0,20.0,10.0,0.0,0.0,0.0,0.0,lignin,0.9094805857248864
129,381.1922017,381.1917794,381.1918768,1.5,0.35,C20 H30 O7,20.0,30.0,7.0,0.0,0.0,0.0,0.0,lignin,0.5945839810531574
130,381.0831905,381.0827685,381.0827202,1.058823529,0.588235294,C17 H18 O10,17.0,18.0,10.0,0.0,0.0,0.0,0.0,lignin,0.8637941006717942
131,381.0469213,381.0464993,381.0463347,0.875,0.6875,C16 H14 O11,16.0,14.0,11.0,0.0,0.0,0.0,0.0,tannin,0.7964198681897802
132,379.2130472,379.212629,379.2126122,1.523809524,0.285714286,C21 H32 O6,21.0,32.0,6.0,0.0,0.0,0.0,0.0,lipid,0.8819063337062045
133,379.0828375,379.0824197,379.0823263,0.761904762,0.333333333,C21 H16 O7,21.0,16.0,7.0,0.0,0.0,0.0,0.0,tannin,0.8947571964643324
134,379.0674871,379.0670693,379.0670702,0.941176471,0.588235294,C17 H16 O10,17.0,16.0,10.0,0.0,0.0,0.0,0.0,lignin,0.5706486839060385
135,378.128124,378.1277081,378.127546,1.222222222,0.444444444,C18 H22 O8 13C1,19.0,22.0,8.0,0.0,0.0,1.0,0.0,lignin,0.9083751468872603
136,377.1244768,377.1240631,377.1241911,1.157894737,0.421052632,C19 H22 O8,19.0,22.0,8.0,0.0,0.0,0.0,0.0,lignin,0.9101410393758911
137,377.100991,377.1005773,377.1005598,0.692307692,0.038461538,C26 H18 O1 S1,26.0,18.0,1.0,1.0,0.0,0.0,0.0,pah,0.9595145861476085
138,377.0880542,377.0876405,377.0878056,1.0,0.5,C18 H18 O9,18.0,18.0,9.0,0.0,0.0,0.0,0.0,lignin,0.8622091928559257
139,376.2791513,376.2787393,376.2785673,2.105263158,0.315789474,C19 H40 O6 13C1,20.0,40.0,6.0,0.0,0.0,1.0,0.0,lipid,0.8185233350144776
140,375.2757771,375.2753672,375.2752125,2.0,0.3,C20 H40 O6,20.0,40.0,6.0,0.0,0.0,0.0,0.0,lipid,0.8581196842574517
141,375.2180876,375.2176778,375.2176976,1.454545455,0.227272727,C22 H32 O5,22.0,32.0,5.0,0.0,0.0,0.0,0.0,lipid,0.8929028424131544
142,375.1818751,375.1814655,375.1813121,1.333333333,0.285714286,C21 H28 O6,21.0,28.0,6.0,0.0,0.0,0.0,0.0,lignin,0.9050529795949288
143,375.1090709,375.1086614,375.1085411,1.052631579,0.421052632,C19 H20 O8,19.0,20.0,8.0,0.0,0.0,0.0,0.0,lignin,0.843107821883164
144,375.072657,375.0722476,375.0721556,0.888888889,0.5,C18 H16 O9,18.0,16.0,9.0,0.0,0.0,0.0,0.0,tannin,0.9010105986511586
145,374.2453505,374.2449427,374.2449154,1.571428571,0.142857143,C21 H33 O3 N3,21.0,33.0,3.0,0.0,3.0,0.0,0.14285714285714285,peptide,0.8316890457901751
146,373.1509392,373.1505338,373.1504059,1.529411765,0.529411765,C17 H26 O9,17.0,26.0,9.0,0.0,0.0,0.0,0.0,lignin,0.7027070849041928
147,373.0934006,373.0929953,373.092891,0.947368421,0.421052632,C19 H18 O8,19.0,18.0,8.0,0.0,0.0,0.0,0.0,lignin,0.5705680143427808
148,373.0570459,373.0566407,373.0565055,0.777777778,0.5,C18 H14 O9,18.0,14.0,9.0,0.0,0.0,0.0,0.0,tannin,0.8980804937522082
149,371.1869696,371.1865682,371.1863975,1.272727273,0.227272727,C22 H28 O5,22.0,28.0,5.0,0.0,0.0,0.0,0.0,lignin,0.9019717152381295
150,371.1504745,371.1500732,371.150012,1.142857143,0.285714286,C21 H24 O6,21.0,24.0,6.0,0.0,0.0,0.0,0.0,lignin,0.9084836782670245
151,371.0988416,371.0984404,371.0983703,1.25,0.625,C16 H20 O10,16.0,20.0,10.0,0.0,0.0,0.0,0.0,lignin,0.9073600295417135
152,371.0624914,371.0620904,371.0619848,1.066666667,0.733333333,C15 H16 O11,15.0,16.0,11.0,0.0,0.0,0.0,0.0,lignin,0.7280624024050131
153,369.1922641,369.1918669,369.1918768,1.578947368,0.368421053,C19 H30 O7,19.0,30.0,7.0,0.0,0.0,0.0,0.0,lipid,0.8725736194255316
154,369.1557093,369.1553122,369.1554913,1.444444444,0.444444444,C18 H26 O8,18.0,26.0,8.0,0.0,0.0,0.0,0.0,lignin,0.8922554147083304
155,369.0468108,369.0464139,369.0463347,0.933333333,0.733333333,C15 H14 O11,15.0,14.0,11.0,0.0,0.0,0.0,0.0,tannin,0.7954529230284327
156,367.2434973,367.2431042,367.2431245,1.142857143,0.0,C28 H32,28.0,32.0,0.0,0.0,0.0,0.0,0.0,lipid,0.8887714359100197
157,367.2131029,367.2127098,367.2126122,1.6,0.3,C20 H32 O6,20.0,32.0,6.0,0.0,0.0,0.0,0.0,lipid,0.8758476162665833
158,367.1766835,367.1762905,367.1762267,1.473684211,0.368421053,C19 H28 O7,19.0,28.0,7.0,0.0,0.0,0.0,0.0,lignin,0.8936668622164227
159,366.1279584,366.1275676,366.127546,1.294117647,0.470588235,C17 H22 O8 13C1,18.0,22.0,8.0,0.0,0.0,1.0,0.0,lignin,0.9066925037529947
160,365.1247546,365.1243658,365.1241911,1.222222222,0.444444444,C18 H22 O8,18.0,22.0,8.0,0.0,0.0,0.0,0.0,lignin,0.9083751468872603
161,365.0881596,365.0877709,365.0878056,1.058823529,0.529411765,C17 H18 O9,17.0,18.0,9.0,0.0,0.0,0.0,0.0,lignin,0.8640958225484063
162,365.051665,365.0512764,365.0514201,0.875,0.625,C16 H14 O10,16.0,14.0,10.0,0.0,0.0,0.0,0.0,tannin,0.9128804413912356
163,364.1488128,364.1484261,364.1482814,1.333333333,0.388888889,C18 H24 O7 13C1,19.0,24.0,7.0,0.0,0.0,1.0,0.0,lignin,0.9057470363616842
164,363.1817104,363.1813256,363.1813121,1.4,0.3,C20 H28 O6,20.0,28.0,6.0,0.0,0.0,0.0,0.0,lignin,0.9054685104013567
165,363.1453955,363.1450108,363.1449266,1.263157895,0.368421053,C19 H24 O7,19.0,24.0,7.0,0.0,0.0,0.0,0.0,lignin,0.9073646511167521
166,362.1692742,362.1688916,362.1690169,1.368421053,0.315789474,C19 H26 O6 13C1,20.0,26.0,6.0,0.0,0.0,1.0,0.0,lignin,0.9058445840775983
167,362.1330006,362.132618,362.1326313,1.222222222,0.388888889,C18 H22 O7 13C1,19.0,22.0,7.0,0.0,0.0,1.0,0.0,lignin,0.9098284120537621
168,361.2022594,361.2018787,361.2020475,1.428571429,0.238095238,C21 H30 O5,21.0,30.0,5.0,0.0,0.0,0.0,0.0,lipid,0.736363203250346
169,361.1661396,361.165759,361.165662,1.3,0.3,C20 H26 O6,20.0,26.0,6.0,0.0,0.0,0.0,0.0,lignin,0.9056235161112658
170,361.1296937,361.1293132,361.1292765,1.157894737,0.368421053,C19 H22 O7,19.0,22.0,7.0,0.0,0.0,0.0,0.0,lignin,0.9098266454177985
171,361.0930967,361.0927162,361.092891,1.0,0.444444444,C18 H18 O8,18.0,18.0,8.0,0.0,0.0,0.0,0.0,lignin,0.8625853290668906
172,359.1869475,359.186571,359.1863975,1.333333333,0.238095238,C21 H28 O5,21.0,28.0,5.0,0.0,0.0,0.0,0.0,lignin,0.9028205989375001
173,359.1502859,359.1499094,359.150012,1.2,0.3,C20 H24 O6,20.0,24.0,6.0,0.0,0.0,0.0,0.0,lignin,0.9085699678247687
174,359.1139317,359.1135553,359.1136264,1.052631579,0.368421053,C19 H20 O7,19.0,20.0,7.0,0.0,0.0,0.0,0.0,lignin,0.8431606889076242
175,359.0988966,359.0985203,359.0983703,1.333333333,0.666666667,C15 H20 O10,15.0,20.0,10.0,0.0,0.0,0.0,0.0,lignin,0.913802907441301
176,359.0777902,359.0774139,359.0772409,0.888888889,0.444444444,C18 H16 O8,18.0,16.0,8.0,0.0,0.0,0.0,0.0,tannin,0.8995956910114652
177,359.0623437,359.0619674,359.0619848,1.142857143,0.785714286,C14 H16 O11,14.0,16.0,11.0,0.0,0.0,0.0,0.0,lignin,0.7427154804722415
178,357.3015652,357.3011926,357.3010333,2.0,0.19047619,C21 H42 O4,21.0,42.0,4.0,0.0,0.0,0.0,0.0,lipid,0.9020645272624718
179,357.1193356,357.1189633,357.1191058,1.375,0.5625,C16 H22 O9,16.0,22.0,9.0,0.0,0.0,0.0,0.0,lignin,0.8933037752888694
180,357.0830985,357.0827263,357.0827202,1.2,0.666666667,C15 H18 O10,15.0,18.0,10.0,0.0,0.0,0.0,0.0,lignin,0.9279606659523927
181,357.0467798,357.0464076,357.0463347,1.0,0.785714286,C14 H14 O11,14.0,14.0,11.0,0.0,0.0,0.0,0.0,lignin,0.6434934575481634
182,355.1764318,355.1760635,355.1762267,1.555555556,0.388888889,C18 H28 O7,18.0,28.0,7.0,0.0,0.0,0.0,0.0,lipid,0.7138173519955522
183,353.1974704,353.1971061,353.1969622,1.578947368,0.315789474,C19 H30 O6,19.0,30.0,6.0,0.0,0.0,0.0,0.0,lipid,0.8753304026663677
184,353.1608519,353.1604877,353.1605766,1.444444444,0.388888889,C18 H26 O7,18.0,26.0,7.0,0.0,0.0,0.0,0.0,lignin,0.8939356896387964
185,353.1245211,353.124157,353.1241911,1.294117647,0.470588235,C17 H22 O8,17.0,22.0,8.0,0.0,0.0,0.0,0.0,lignin,0.9066925037529947
186,353.0882405,353.0878765,353.0878056,1.125,0.5625,C16 H18 O9,16.0,18.0,9.0,0.0,0.0,0.0,0.0,lignin,0.9224947173581359
187,353.0516361,353.0512721,353.0514201,0.933333333,0.666666667,C15 H14 O10,15.0,14.0,10.0,0.0,0.0,0.0,0.0,tannin,0.7958006994613821
188,351.1818425,351.1814823,351.1813121,1.473684211,0.315789474,C19 H28 O6,19.0,28.0,6.0,0.0,0.0,0.0,0.0,lignin,0.5945458725187748
189,351.1090462,351.1086862,351.1085411,1.176470588,0.470588235,C17 H20 O8,17.0,20.0,8.0,0.0,0.0,0.0,0.0,lignin,0.9102760748120973
190,349.0570098,349.056654,349.0565055,0.875,0.5625,C16 H14 O9,16.0,14.0,9.0,0.0,0.0,0.0,0.0,tannin,0.901390771050103
191,347.2443645,347.2440124,347.2439123,2.0,0.333333333,C18 H36 O6,18.0,36.0,6.0,0.0,0.0,0.0,0.0,lipid,0.8215205188907884
192,347.1141416,347.1137897,347.1136264,1.111111111,0.388888889,C18 H20 O7,18.0,20.0,7.0,0.0,0.0,0.0,0.0,lignin,0.9519471000550828
193,347.0774266,347.0770748,347.0772409,0.941176471,0.470588235,C17 H16 O8,17.0,16.0,8.0,0.0,0.0,0.0,0.0,lignin,0.5710649123780339
194,347.0413336,347.0409818,347.0408554,0.75,0.5625,C16 H12 O9,16.0,12.0,9.0,0.0,0.0,0.0,0.0,tannin,0.9140764942338653
195,345.1348783,345.1345304,345.1343619,1.157894737,0.315789474,C19 H22 O6,19.0,22.0,6.0,0.0,0.0,0.0,0.0,lignin,0.9087399780001864
196,345.0981871,345.0978393,345.0979764,1.0,0.388888889,C18 H18 O7,18.0,18.0,7.0,0.0,0.0,0.0,0.0,lignin,0.8622365748123471
197,345.0620329,345.0616851,345.0615909,0.823529412,0.470588235,C17 H14 O8,17.0,14.0,8.0,0.0,0.0,0.0,0.0,tannin,0.9009858799061901
198,343.1555361,343.1551922,343.1550973,1.2,0.25,C20 H24 O5,20.0,24.0,5.0,0.0,0.0,0.0,0.0,lignin,0.9081000333059075
199,343.1189849,343.118641,343.1187118,1.052631579,0.315789474,C19 H20 O6,19.0,20.0,6.0,0.0,0.0,0.0,0.0,lignin,0.8445621971836204
200,341.1973085,341.1969685,341.1969622,1.666666667,0.333333333,C18 H30 O6,18.0,30.0,6.0,0.0,0.0,0.0,0.0,lipid,0.8737740496754209
201,341.1609357,341.1605958,341.1605766,1.529411765,0.411764706,C17 H26 O7,17.0,26.0,7.0,0.0,0.0,0.0,0.0,lignin,0.7450373518513855
202,341.1245616,341.1242218,341.1241911,1.375,0.5,C16 H22 O8,16.0,22.0,8.0,0.0,0.0,0.0,0.0,lignin,0.905779140744524
203,341.0880906,341.0877508,341.0878056,1.2,0.6,C15 H18 O9,15.0,18.0,9.0,0.0,0.0,0.0,0.0,lignin,0.9088985068254877
204,341.0518592,341.0515195,341.0514201,1.0,0.714285714,C14 H14 O10,14.0,14.0,10.0,0.0,0.0,0.0,0.0,lignin,0.5953291324402402
205,340.2033898,340.2030518,340.2030506,1.35,0.1,C20 H27 O2 N3,20.0,27.0,2.0,0.0,3.0,0.0,0.15,peptide,0.9158434127279232
206,339.072648,339.0723123,339.0721556,1.066666667,0.6,C15 H16 O9,15.0,16.0,9.0,0.0,0.0,0.0,0.0,lignin,0.8641241456034386
207,336.1535289,336.1531991,336.1533668,1.411764706,0.352941176,C17 H24 O6 13C1,18.0,24.0,6.0,0.0,0.0,1.0,0.0,lignin,0.9048677054370969
208,335.2230712,335.2227432,335.222783,1.6,0.2,C20 H32 O4,20.0,32.0,4.0,0.0,0.0,0.0,0.0,lipid,0.8823517546945855
209,335.1867409,335.1864129,335.1863975,1.473684211,0.263157895,C19 H28 O5,19.0,28.0,5.0,0.0,0.0,0.0,0.0,lipid,0.8923658343821288
210,335.1502711,335.1499432,335.150012,1.333333333,0.333333333,C18 H24 O6,18.0,24.0,6.0,0.0,0.0,0.0,0.0,lignin,0.9065130607377754
211,335.1138884,335.1135606,335.1136264,1.176470588,0.411764706,C17 H20 O7,17.0,20.0,7.0,0.0,0.0,0.0,0.0,lignin,0.9101480426449374
212,335.0776865,335.0773588,335.0772409,1.0,0.5,C16 H16 O8,16.0,16.0,8.0,0.0,0.0,0.0,0.0,lignin,0.8622091928559257
213,333.1348173,333.1344934,333.1343619,1.222222222,0.333333333,C18 H22 O6,18.0,22.0,6.0,0.0,0.0,0.0,0.0,lignin,0.9094372718782584
214,333.0620506,333.0617269,333.0615909,0.875,0.5,C16 H14 O8,16.0,14.0,8.0,0.0,0.0,0.0,0.0,tannin,0.900513819053784
215,333.0255038,333.0251802,333.0252054,0.666666667,0.6,C15 H10 O9,15.0,10.0,9.0,0.0,0.0,0.0,0.0,tannin,0.9322602186327543
216,331.140113,331.1397931,331.1398412,1.6,0.533333333,C15 H24 O8,15.0,24.0,8.0,0.0,0.0,0.0,0.0,lignin,0.38626440099857484
217,331.0674131,331.0670934,331.0670702,1.230769231,0.769230769,C13 H16 O10,13.0,16.0,10.0,0.0,0.0,0.0,0.0,lignin,0.5781234241216799
218,329.1398899,329.139574,329.1394473,1.157894737,0.263157895,C19 H22 O5,19.0,22.0,5.0,0.0,0.0,0.0,0.0,lignin,0.9083644549096694
219,329.1246414,329.1243255,329.1241911,1.466666667,0.533333333,C15 H22 O8,15.0,22.0,8.0,0.0,0.0,0.0,0.0,lignin,0.8465132678328724
220,329.0879651,329.0876493,329.0878056,1.285714286,0.642857143,C14 H18 O9,14.0,18.0,9.0,0.0,0.0,0.0,0.0,lignin,0.9265907171866035
221,329.0517414,329.0514257,329.0514201,1.076923077,0.769230769,C13 H14 O10,13.0,14.0,10.0,0.0,0.0,0.0,0.0,lignin,0.7288539994036057
222,327.1089854,327.1086735,327.1085411,1.333333333,0.533333333,C15 H20 O8,15.0,20.0,8.0,0.0,0.0,0.0,0.0,lignin,0.9063845185750209
223,327.0724578,327.072146,327.0721556,1.142857143,0.642857143,C14 H16 O9,14.0,16.0,9.0,0.0,0.0,0.0,0.0,lignin,0.9335020470175707
224,326.1877057,326.1873956,326.1874005,1.315789474,0.105263158,C19 H25 O2 N3,19.0,25.0,2.0,0.0,3.0,0.0,0.15789473684210525,peptide,0.9160822460147996
225,325.1296592,325.1293512,325.1292765,1.375,0.4375,C16 H22 O7,16.0,22.0,7.0,0.0,0.0,0.0,0.0,lignin,0.9047628663610073
226,325.0931509,325.092843,325.092891,1.2,0.533333333,C15 H18 O8,15.0,18.0,8.0,0.0,0.0,0.0,0.0,lignin,0.9091289867112959
227,325.0567036,325.0563958,325.0565055,1.0,0.642857143,C14 H14 O9,14.0,14.0,9.0,0.0,0.0,0.0,0.0,lignin,0.5735218192246949
228,324.1535385,324.1532324,324.1533668,1.5,0.375,C16 H24 O6 13C1,17.0,24.0,6.0,0.0,0.0,1.0,0.0,lignin,0.7448147334165314
229,323.1868082,323.186504,323.1863975,1.555555556,0.277777778,C18 H28 O5,18.0,28.0,5.0,0.0,0.0,0.0,0.0,lipid,0.8814264347421631
230,323.1503741,323.15007,323.150012,1.411764706,0.352941176,C17 H24 O6,17.0,24.0,6.0,0.0,0.0,0.0,0.0,lignin,0.9048677054370969
231,323.1138283,323.1135242,323.1136264,1.25,0.4375,C16 H20 O7,16.0,20.0,7.0,0.0,0.0,0.0,0.0,lignin,0.907036698688391
232,323.0776875,323.0773836,323.0772409,1.066666667,0.533333333,C15 H16 O8,15.0,16.0,8.0,0.0,0.0,0.0,0.0,lignin,0.8429361191407448
233,321.0984368,321.0981367,321.0979764,1.125,0.4375,C16 H18 O7,16.0,18.0,7.0,0.0,0.0,0.0,0.0,lignin,0.9281711119997358
234,321.0618216,321.0615216,321.0615909,0.933333333,0.533333333,C15 H14 O8,15.0,14.0,8.0,0.0,0.0,0.0,0.0,tannin,0.7840332762400152
235,319.1917173,319.191421,319.1914828,1.473684211,0.210526316,C19 H28 O4,19.0,28.0,4.0,0.0,0.0,0.0,0.0,lipid,0.892637111727154
236,319.1553494,319.1550531,319.1550973,1.333333333,0.277777778,C18 H24 O5,18.0,24.0,5.0,0.0,0.0,0.0,0.0,lignin,0.9045674047766677
237,319.1191563,319.1188601,319.1187118,1.176470588,0.352941176,C17 H20 O6,17.0,20.0,6.0,0.0,0.0,0.0,0.0,lignin,0.9098301761617253
238,319.0463829,319.0460869,319.0459408,0.8,0.533333333,C15 H12 O8,15.0,12.0,8.0,0.0,0.0,0.0,0.0,tannin,0.9112404278638829
239,317.176029,317.1757366,317.1758328,1.368421053,0.210526316,C19 H26 O4,19.0,26.0,4.0,0.0,0.0,0.0,0.0,lipid,0.5796664713809467
240,317.1395996,317.1393072,317.1394473,1.222222222,0.277777778,C18 H22 O5,18.0,22.0,5.0,0.0,0.0,0.0,0.0,lignin,0.9081903616710217
241,317.1035113,317.1032191,317.1030618,1.058823529,0.352941176,C17 H18 O6,17.0,18.0,6.0,0.0,0.0,0.0,0.0,lignin,0.8439117251708307
242,317.03072,317.0304279,317.0302907,0.666666667,0.533333333,C15 H10 O8,15.0,10.0,8.0,0.0,0.0,0.0,0.0,tannin,0.9307492194575337
243,315.1087171,315.1084287,315.1085411,1.428571429,0.571428571,C14 H20 O8,14.0,20.0,8.0,0.0,0.0,0.0,0.0,lignin,0.8504219760485752
244,315.0725778,315.0722895,315.0721556,1.230769231,0.692307692,C13 H16 O9,13.0,16.0,9.0,0.0,0.0,0.0,0.0,lignin,0.9264084564127966
245,315.0513215,315.0510332,315.0510262,0.75,0.4375,C16 H12 O7,16.0,12.0,7.0,0.0,0.0,0.0,0.0,tannin,0.894733199841735
246,313.165834,313.1655494,313.165662,1.625,0.375,C16 H26 O6,16.0,26.0,6.0,0.0,0.0,0.0,0.0,lipid,0.8732189490299707
247,313.0568221,313.0565377,313.0565055,1.076923077,0.692307692,C13 H14 O9,13.0,14.0,9.0,0.0,0.0,0.0,0.0,lignin,0.7286129552859221
248,311.1865631,311.1862823,311.1863975,1.647058824,0.294117647,C17 H28 O5,17.0,28.0,5.0,0.0,0.0,0.0,0.0,lipid,0.8749405179399734
249,311.1501761,311.1498954,311.150012,1.5,0.375,C16 H24 O6,16.0,24.0,6.0,0.0,0.0,0.0,0.0,lignin,0.7448147334165314
250,311.1140392,311.1137585,311.1136264,1.333333333,0.466666667,C15 H20 O7,15.0,20.0,7.0,0.0,0.0,0.0,0.0,lignin,0.9054456238792319
251,309.2073554,309.2070784,309.2071329,1.666666667,0.222222222,C18 H30 O4,18.0,30.0,4.0,0.0,0.0,0.0,0.0,lipid,0.8822514529422472
252,309.1708881,309.1706112,309.1707474,1.529411765,0.294117647,C17 H26 O5,17.0,26.0,5.0,0.0,0.0,0.0,0.0,lipid,0.881146765923152
253,309.0981863,309.0979096,309.0979764,1.2,0.466666667,C15 H18 O7,15.0,18.0,7.0,0.0,0.0,0.0,0.0,lignin,0.9101390468785743
254,307.1553997,307.1551267,307.1550973,1.411764706,0.294117647,C17 H24 O5,17.0,24.0,5.0,0.0,0.0,0.0,0.0,lignin,0.9053276077140854
255,307.0826884,307.0824156,307.0823263,1.066666667,0.466666667,C15 H16 O7,15.0,16.0,7.0,0.0,0.0,0.0,0.0,lignin,0.8433518416182618
256,307.0463369,307.0460641,307.0459408,0.857142857,0.571428571,C14 H12 O8,14.0,12.0,8.0,0.0,0.0,0.0,0.0,tannin,0.9017889273286501
257,305.1032455,305.1029765,305.1030618,1.125,0.375,C16 H18 O6,16.0,18.0,6.0,0.0,0.0,0.0,0.0,lignin,0.911216335063996
258,305.066831,305.066562,305.0666763,0.933333333,0.466666667,C15 H14 O7,15.0,14.0,7.0,0.0,0.0,0.0,0.0,tannin,0.783265110747888
259,303.2332434,303.2329779,303.2329537,1.6,0.1,C20 H32 O2,20.0,32.0,2.0,0.0,0.0,0.0,0.0,lipid,0.8900030029350748
260,303.1241949,303.1239296,303.1237972,1.176470588,0.294117647,C17 H20 O5,17.0,20.0,5.0,0.0,0.0,0.0,0.0,lignin,0.9085966444252289
261,303.0511836,303.0509185,303.0510262,0.8,0.466666667,C15 H12 O7,15.0,12.0,7.0,0.0,0.0,0.0,0.0,tannin,0.8974578797074493
262,301.0933,301.0930386,301.092891,1.384615385,0.615384615,C13 H18 O8,13.0,18.0,8.0,0.0,0.0,0.0,0.0,lignin,0.8964517436046219
263,301.0566547,301.0563934,301.0565055,1.166666667,0.75,C12 H14 O9,12.0,14.0,9.0,0.0,0.0,0.0,0.0,lignin,0.7259760459673001
264,301.0357832,301.0355219,301.0353761,0.666666667,0.466666667,C15 H10 O7,15.0,10.0,7.0,0.0,0.0,0.0,0.0,tannin,0.9240365421620595
265,299.25945,299.2591921,299.2591685,2.0,0.166666667,C18 H36 O3,18.0,36.0,3.0,0.0,0.0,0.0,0.0,lipid,0.9045924975840688
266,299.1138578,299.1136002,299.1136264,1.428571429,0.5,C14 H20 O7,14.0,20.0,7.0,0.0,0.0,0.0,0.0,lignin,0.8937532031558246
267,297.1345398,297.134286,297.1343619,1.466666667,0.4,C15 H22 O6,15.0,22.0,6.0,0.0,0.0,0.0,0.0,lignin,0.8928775673436741
268,297.0619493,297.0616957,297.0615909,1.076923077,0.615384615,C13 H14 O8,13.0,14.0,8.0,0.0,0.0,0.0,0.0,lignin,0.8659268173953241
269,295.2281887,295.2279386,295.2278684,1.777777778,0.166666667,C18 H32 O3,18.0,32.0,3.0,0.0,0.0,0.0,0.0,lipid,0.8832984577116838
270,295.1553171,295.1550671,295.1550973,1.5,0.3125,C16 H24 O5,16.0,24.0,5.0,0.0,0.0,0.0,0.0,lipid,0.7224860294708886
271,295.0825239,295.0822739,295.0823263,1.142857143,0.5,C14 H16 O7,14.0,16.0,7.0,0.0,0.0,0.0,0.0,lignin,0.9273590727948244
272,293.1397209,293.1394747,293.1394473,1.375,0.3125,C16 H22 O5,16.0,22.0,5.0,0.0,0.0,0.0,0.0,lignin,0.9057663215566938
273,293.0668213,293.0665752,293.0666763,1.0,0.5,C14 H14 O7,14.0,14.0,7.0,0.0,0.0,0.0,0.0,lignin,0.8622091928559257
274,293.0306623,293.0304162,293.0302907,0.769230769,0.615384615,C13 H10 O8,13.0,10.0,8.0,0.0,0.0,0.0,0.0,tannin,0.9140978506812274
275,291.1240308,291.1237884,291.1237972,1.25,0.3125,C16 H20 O5,16.0,20.0,5.0,0.0,0.0,0.0,0.0,lignin,0.9062600150441158
276,291.0512089,291.0509667,291.0510262,0.857142857,0.5,C14 H12 O7,14.0,12.0,7.0,0.0,0.0,0.0,0.0,tannin,0.9004633855679233
277,289.108245,289.1080064,289.1081471,1.125,0.3125,C16 H18 O5,16.0,18.0,5.0,0.0,0.0,0.0,0.0,lignin,0.9101632357087908
278,289.0718701,289.0716315,289.0717616,0.933333333,0.4,C15 H14 O6,15.0,14.0,6.0,0.0,0.0,0.0,0.0,tannin,0.7832171715393952
279,287.0564165,287.0561818,287.0561116,0.8,0.4,C15 H12 O6,15.0,12.0,6.0,0.0,0.0,0.0,0.0,tannin,0.8975543269195552
280,285.1346766,285.1344455,285.1343619,1.571428571,0.428571429,C14 H22 O6,14.0,22.0,6.0,0.0,0.0,0.0,0.0,lipid,0.7130866258103403
281,285.0981364,285.0979053,285.0979764,1.384615385,0.538461538,C13 H18 O7,13.0,18.0,7.0,0.0,0.0,0.0,0.0,lignin,0.8933435193788497
282,285.0616889,285.0614579,285.0615909,1.166666667,0.666666667,C12 H14 O8,12.0,14.0,8.0,0.0,0.0,0.0,0.0,lignin,0.9291203410530701
283,284.2678694,284.2676399,284.2676087,2.117647059,0.117647059,C17 H36 O2 13C1,18.0,36.0,2.0,0.0,0.0,1.0,0.0,lipid,0.9054417797751781
284,283.2645762,283.2643485,283.2642539,2.0,0.111111111,C18 H36 O2,18.0,36.0,2.0,0.0,0.0,0.0,0.0,lipid,0.9061389244687378
285,283.1552703,283.1550428,283.1550973,1.6,0.333333333,C15 H24 O5,15.0,24.0,5.0,0.0,0.0,0.0,0.0,lipid,0.8739355123062735
286,283.0460991,283.0458718,283.0459408,1.0,0.666666667,C12 H12 O8,12.0,12.0,8.0,0.0,0.0,0.0,0.0,lignin,0.5605802880554346
287,281.2489154,281.2486915,281.2486038,1.888888889,0.111111111,C18 H34 O2,18.0,34.0,2.0,0.0,0.0,0.0,0.0,lipid,0.905589844247039
288,281.1032032,281.1029796,281.1030618,1.285714286,0.428571429,C14 H18 O6,14.0,18.0,6.0,0.0,0.0,0.0,0.0,lignin,0.9066568926229198
289,281.066946,281.0667224,281.0666763,1.076923077,0.538461538,C13 H14 O7,13.0,14.0,7.0,0.0,0.0,0.0,0.0,lignin,0.8434255650970031
290,281.0306312,281.0304077,281.0302907,0.833333333,0.666666667,C12 H10 O8,12.0,10.0,8.0,0.0,0.0,0.0,0.0,tannin,0.9132409419235754
291,279.1239702,279.1237503,279.1237972,1.333333333,0.333333333,C15 H20 O5,15.0,20.0,5.0,0.0,0.0,0.0,0.0,lignin,0.9065130607377754
292,279.087695,279.0874751,279.0874117,1.142857143,0.428571429,C14 H16 O6,14.0,16.0,6.0,0.0,0.0,0.0,0.0,lignin,0.9102165861631153
293,279.0513794,279.0511596,279.0510262,0.923076923,0.538461538,C13 H12 O7,13.0,12.0,7.0,0.0,0.0,0.0,0.0,tannin,0.7842560968668637
294,277.1084168,277.1082006,277.1081471,1.2,0.333333333,C15 H18 O5,15.0,18.0,5.0,0.0,0.0,0.0,0.0,lignin,0.9095861290294929
295,277.07211,277.0718938,277.0717616,1.0,0.428571429,C14 H14 O6,14.0,14.0,6.0,0.0,0.0,0.0,0.0,lignin,0.8618599693821146
296,277.035725,277.0355089,277.0353761,0.769230769,0.538461538,C13 H10 O7,13.0,10.0,7.0,0.0,0.0,0.0,0.0,tannin,0.9115110647501122
297,275.0563868,275.0561744,275.0561116,0.857142857,0.428571429,C14 H12 O6,14.0,12.0,6.0,0.0,0.0,0.0,0.0,tannin,0.9002442962969541
298,273.0982963,273.0980875,273.0979764,1.5,0.583333333,C12 H18 O7,12.0,18.0,7.0,0.0,0.0,0.0,0.0,lignin,0.8464658120568018
299,271.2280352,271.2278299,271.2278684,2.0,0.1875,C16 H32 O3,16.0,32.0,3.0,0.0,0.0,0.0,0.0,lipid,0.902526136850188
300,271.1188878,271.1186826,271.1187118,1.538461538,0.461538462,C13 H20 O6,13.0,20.0,6.0,0.0,0.0,0.0,0.0,lignin,0.7446293899875427
301,271.0824977,271.0822927,271.0823263,1.333333333,0.583333333,C12 H16 O7,12.0,16.0,7.0,0.0,0.0,0.0,0.0,lignin,0.9052146535644001
302,269.248872,269.2486703,269.2486038,2.0,0.117647059,C17 H34 O2,17.0,34.0,2.0,0.0,0.0,0.0,0.0,lipid,0.9060478116998351
303,269.2125067,269.212305,269.2122183,1.875,0.1875,C16 H30 O3,16.0,30.0,3.0,0.0,0.0,0.0,0.0,lipid,0.9032309213000854
304,269.1397642,269.1395627,269.1394473,1.571428571,0.357142857,C14 H22 O5,14.0,22.0,5.0,0.0,0.0,0.0,0.0,lipid,0.8735741301823042
305,269.1033712,269.1031698,269.1030618,1.384615385,0.461538462,C13 H18 O6,13.0,18.0,6.0,0.0,0.0,0.0,0.0,lignin,0.90403848269442
306,269.0669858,269.0667844,269.0666763,1.166666667,0.583333333,C12 H14 O7,12.0,14.0,7.0,0.0,0.0,0.0,0.0,lignin,0.9093490624045668
307,269.0306186,269.0304173,269.0302907,0.909090909,0.727272727,C11 H10 O8,11.0,10.0,8.0,0.0,0.0,0.0,0.0,tannin,0.7957273902611516
308,267.1603057,267.1601079,267.1601827,1.6,0.266666667,C15 H24 O4,15.0,24.0,4.0,0.0,0.0,0.0,0.0,lipid,0.880666260522984
309,267.1239013,267.1237035,267.1237972,1.428571429,0.357142857,C14 H20 O5,14.0,20.0,5.0,0.0,0.0,0.0,0.0,lignin,0.9046643046748812
310,267.0875707,267.087373,267.0874117,1.230769231,0.461538462,C13 H16 O6,13.0,16.0,6.0,0.0,0.0,0.0,0.0,lignin,0.9073347217791795
311,267.0512202,267.0510225,267.0510262,1.0,0.583333333,C12 H12 O7,12.0,12.0,7.0,0.0,0.0,0.0,0.0,lignin,0.5720065116939327
312,266.1513061,266.1511101,266.151015,1.615384615,0.230769231,C13 H21 O3 N3,13.0,21.0,3.0,0.0,3.0,0.0,0.23076923076923078,peptide,0.9113430160618723
313,265.1446959,265.1445017,265.1445327,1.466666667,0.266666667,C15 H22 O4,15.0,22.0,4.0,0.0,0.0,0.0,0.0,lipid,0.7345791380839299
314,265.1084315,265.1082374,265.1081471,1.285714286,0.357142857,C14 H18 O5,14.0,18.0,5.0,0.0,0.0,0.0,0.0,lignin,0.9070886687919198
315,265.0720547,265.0718606,265.0717616,1.076923077,0.461538462,C13 H14 O6,13.0,14.0,6.0,0.0,0.0,0.0,0.0,lignin,0.8439716776143713
316,263.1291727,263.1289822,263.1288826,1.333333333,0.266666667,C15 H20 O4,15.0,20.0,4.0,0.0,0.0,0.0,0.0,lignin,0.9039745434674217
317,263.0926608,263.0924704,263.0924971,1.142857143,0.357142857,C14 H16 O5,14.0,16.0,5.0,0.0,0.0,0.0,0.0,lignin,0.909764254059299
318,263.0562215,263.0560311,263.0561116,0.923076923,0.461538462,C13 H12 O6,13.0,12.0,6.0,0.0,0.0,0.0,0.0,tannin,0.7834787405709877
319,261.0771497,261.0769629,261.076847,1.0,0.357142857,C14 H14 O5,14.0,14.0,5.0,0.0,0.0,0.0,0.0,lignin,0.8626315575706295
320,261.0407012,261.0405145,261.0404615,0.769230769,0.461538462,C13 H10 O6,13.0,10.0,6.0,0.0,0.0,0.0,0.0,tannin,0.8983211497243364
321,259.0613059,259.0611227,259.061197,0.857142857,0.357142857,C14 H12 O5,14.0,12.0,5.0,0.0,0.0,0.0,0.0,tannin,0.8961838323281773
322,257.1032226,257.1030429,257.1030618,1.5,0.5,C12 H18 O6,12.0,18.0,6.0,0.0,0.0,0.0,0.0,lignin,0.8921176756629106
323,257.0667309,257.0665514,257.0666763,1.272727273,0.636363636,C11 H14 O7,11.0,14.0,7.0,0.0,0.0,0.0,0.0,lignin,0.9268304074894091
324,256.2365678,256.2363898,256.2363086,2.133333333,0.133333333,C15 H32 O2 13C1,16.0,32.0,2.0,0.0,0.0,1.0,0.0,lipid,0.9064463764921303
325,255.2331048,255.2329285,255.2329537,2.0,0.125,C16 H32 O2,16.0,32.0,2.0,0.0,0.0,0.0,0.0,lipid,0.9059248514837307
326,255.1239433,255.1237673,255.1237972,1.538461538,0.384615385,C13 H20 O5,13.0,20.0,5.0,0.0,0.0,0.0,0.0,lignin,0.5946110910312841
327,253.2173788,253.2172062,253.2173037,1.875,0.125,C16 H30 O2,16.0,30.0,2.0,0.0,0.0,0.0,0.0,lipid,0.9055987863334725
328,253.144808,253.1446355,253.1445327,1.571428571,0.285714286,C14 H22 O4,14.0,22.0,4.0,0.0,0.0,0.0,0.0,lipid,0.8797174757386956
329,253.1084379,253.1082655,253.1081471,1.384615385,0.384615385,C13 H18 O5,13.0,18.0,5.0,0.0,0.0,0.0,0.0,lignin,0.9051901053967519
330,253.0719367,253.0717643,253.0717616,1.166666667,0.5,C12 H14 O6,12.0,14.0,6.0,0.0,0.0,0.0,0.0,lignin,0.9103912299245552
331,251.1291376,251.1289687,251.1288826,1.428571429,0.285714286,C14 H20 O4,14.0,20.0,4.0,0.0,0.0,0.0,0.0,lignin,0.7560461189971687
332,251.0925572,251.0923884,251.0924971,1.230769231,0.384615385,C13 H16 O5,13.0,16.0,5.0,0.0,0.0,0.0,0.0,lignin,0.9077613482042688
333,251.0562579,251.0560892,251.0561116,1.0,0.5,C12 H12 O6,12.0,12.0,6.0,0.0,0.0,0.0,0.0,lignin,0.8622091928559257
334,249.0769113,249.0767461,249.076847,1.076923077,0.384615385,C13 H14 O5,13.0,14.0,5.0,0.0,0.0,0.0,0.0,lignin,0.8934356231197249
335,243.1604133,243.1602587,243.1601827,1.846153846,0.307692308,C13 H24 O4,13.0,24.0,4.0,0.0,0.0,0.0,0.0,lipid,0.8950433487365546
336,243.0876801,243.0875256,243.0874117,1.454545455,0.545454545,C11 H16 O6,11.0,16.0,6.0,0.0,0.0,0.0,0.0,lignin,0.8502201887343823
337,241.2173634,241.2172122,241.2173037,2.0,0.133333333,C15 H30 O2,15.0,30.0,2.0,0.0,0.0,0.0,0.0,lipid,0.9057569255442651
338,241.1082879,241.1081368,241.1081471,1.5,0.416666667,C12 H18 O5,12.0,18.0,5.0,0.0,0.0,0.0,0.0,lignin,0.8916126161269942
339,241.0720129,241.0718619,241.0717616,1.272727273,0.545454545,C11 H14 O6,11.0,14.0,6.0,0.0,0.0,0.0,0.0,lignin,0.9060880296616812
340,239.0927457,239.0925982,239.0924971,1.333333333,0.416666667,C12 H16 O5,12.0,16.0,5.0,0.0,0.0,0.0,0.0,lignin,0.9058502452296079
341,239.0562298,239.0560823,239.0561116,1.090909091,0.545454545,C11 H12 O6,11.0,12.0,6.0,0.0,0.0,0.0,0.0,lignin,0.893523704022839
342,237.1132965,237.1131524,237.1132325,1.384615385,0.307692308,C13 H18 O4,13.0,18.0,4.0,0.0,0.0,0.0,0.0,lignin,0.9056519173990341
343,235.061349,235.0612086,235.061197,1.0,0.416666667,C12 H12 O5,12.0,12.0,5.0,0.0,0.0,0.0,0.0,lignin,0.8619488432255024
344,229.1811497,229.1810196,229.1809182,2.0,0.230769231,C13 H26 O3,13.0,26.0,3.0,0.0,0.0,0.0,0.0,lipid,0.8961951694762049
345,228.2051842,228.2050557,228.2050084,2.153846154,0.153846154,C13 H28 O2 13C1,14.0,28.0,2.0,0.0,0.0,1.0,0.0,lipid,0.9057240363215037
346,227.2017132,227.2015864,227.2016536,2.0,0.142857143,C14 H28 O2,14.0,28.0,2.0,0.0,0.0,0.0,0.0,lipid,0.9055205789448675
347,227.092552,227.0924254,227.0924971,1.454545455,0.454545455,C11 H16 O5,11.0,16.0,5.0,0.0,0.0,0.0,0.0,lignin,0.8935425816740624
348,226.0650086,226.0648838,226.0649457,2.333333333,1.333333333,C6 H14 O8 13C1,7.0,14.0,8.0,0.0,0.0,1.0,0.0,carbohydrate,0.8863812924820191
349,225.1035657,225.1034426,225.1033365,1.0,0.071428571,C14 H14 O1 N2,14.0,14.0,1.0,0.0,2.0,0.0,0.14285714285714285,peptide,0.7166609592382528
350,225.0770148,225.0768917,225.076847,1.272727273,0.454545455,C11 H14 O5,11.0,14.0,5.0,0.0,0.0,0.0,0.0,lignin,0.9069176293079014
351,225.0618147,225.0616917,225.0615909,2.0,1.142857143,C7 H14 O8,7.0,14.0,8.0,0.0,0.0,0.0,0.0,carbohydrate,0.86897285201005
352,221.0821238,221.0820076,221.0819324,1.166666667,0.333333333,C12 H14 O4,12.0,14.0,4.0,0.0,0.0,0.0,0.0,lignin,0.9097005124768929
353,213.1861451,213.1860424,213.1860035,2.0,0.153846154,C13 H26 O2,13.0,26.0,2.0,0.0,0.0,0.0,0.0,lipid,0.9051690045318251
354,205.1599613,205.1598722,205.1597888,1.571428571,0.071428571,C14 H22 O1,14.0,22.0,1.0,0.0,0.0,0.0,0.0,lipid,0.8919250489061042
355,199.1704757,199.1703965,199.1703535,2.0,0.166666667,C12 H24 O2,12.0,24.0,2.0,0.0,0.0,0.0,0.0,lipid,0.9045924975840688
356,191.0198359,191.0197703,191.0197261,1.333333333,1.166666667,C6 H8 O7,6.0,8.0,7.0,0.0,0.0,0.0,0.0,carbohydrate,0.6355150380468567
357,185.1547427,185.1546867,185.1547034,2.0,0.181818182,C11 H22 O2,11.0,22.0,2.0,0.0,0.0,0.0,0.0,lipid,0.9032211092719258
